~iteration~,metric_loss,total_loss
0,1,1
50,1,1
100,1,1
150,1,1
200,1,1
250,1,1
270,1,1
320,1,1
370,1,1
420,1,1
470,1,1
520,1,1
540,1,1
590,1,1
640,1,1
690,1,1
740,1,1
790,1,1
810,1,1
860,1,1
910,1,1
960,1,1
1010,1,1
1060,1,1
1080,1,1
1130,1,1
1180,1,1
1230,1,1
1280,1,1
1330,1,1
1350,1,1
1400,1,1
1450,1,1
1500,1,1
1550,1,1
1600,1,1
1620,1,1
1670,1,1
1720,1,1
1770,1,1
1820,1,1
1870,1,1
1890,1,1
1940,1,1
1990,1,1
2040,1,1
2090,1,1
2140,1,1
2160,1,1
2210,1,1
2260,1,1
2310,1,1
2360,1,1
2410,1,1
2430,1,1
2480,1,1
2530,1,1
2580,1,1
2630,1,1
2680,1,1
2700,1,1
2750,1,1
2800,1,1
2850,1,1
2900,1,1
2950,1,1
2970,1,1
3020,1,1
3070,1,1
3120,1,1
3170,1,1
3220,1,1
3240,1,1
3290,1,1
3340,1,1
3390,1,1
3440,1,1
3490,1,1
3510,1,1
3560,1,1
3610,1,1
3660,1,1
3710,1,1
3760,1,1
3780,1,1
3830,1,1
3880,1,1
3930,1,1
3980,1,1
4030,1,1
4050,1,1
4100,1,1
4150,1,1
4200,1,1
4250,1,1
4300,1,1
4320,1,1
4370,1,1
4420,1,1
4470,1,1
4520,1,1
4570,1,1
4590,1,1
4640,1,1
4690,1,1
4740,1,1
4790,1,1
4840,1,1
4860,1,1
4910,1,1
4960,1,1
5010,1,1
5060,1,1
5110,1,1
5130,1,1
5180,1,1
5230,1,1
5280,1,1
5330,1,1
5380,1,1
5400,1,1
5450,1,1
5500,1,1
5550,1,1
5600,1,1
5650,1,1
5670,1,1
5720,1,1
5770,1,1
5820,1,1
5870,1,1
5920,1,1
5940,1,1
5990,1,1
6040,1,1
6090,1,1
6140,1,1
6190,1,1
6210,1,1
6260,1,1
6310,1,1
6360,1,1
6410,1,1
6460,1,1
6480,1,1
6530,1,1
6580,1,1
6630,1,1
6680,1,1
6730,1,1
6750,1,1
6800,1,1
6850,1,1
6900,1,1
6950,1,1
7000,1,1
7020,1,1
7070,1,1
7120,1,1
7170,1,1
7220,1,1
7270,1,1
7290,1,1
7340,1,1
7390,1,1
7440,1,1
7490,1,1
7540,1,1
7560,1,1
7610,1,1
7660,1,1
7710,1,1
7760,1,1
7810,1,1
7830,1,1
7880,1,1
7930,1,1
7980,1,1
8030,1,1
8080,1,1
8100,1,1
8150,1,1
8200,1,1
8250,1,1
8300,1,1
8350,1,1
8370,1,1
8420,1,1
8470,1,1
8520,1,1
8570,1,1
8620,1,1
8640,1,1
8690,1,1
8740,1,1
8790,1,1
8840,1,1
8890,1,1
8910,1,1
8960,1,1
9010,1,1
9060,1,1
9110,1,1
9160,1,1
9180,1,1
9230,1,1
9280,1,1
9330,1,1
9380,1,1
9430,1,1
9450,1,1
9500,1,1
9550,1,1
9600,1,1
9650,1,1
9700,1,1
9720,1,1
9770,1,1
9820,1,1
9870,1,1
9920,1,1
9970,1,1
9990,1,1
10040,1,1
10090,1,1
10140,1,1
10190,1,1
10240,1,1
10260,1,1
10310,1,1
10360,1,1
10410,1,1
10460,1,1
10510,1,1
10530,1,1
10580,1,1
10630,1,1
10680,1,1
10730,1,1
10780,1,1
10800,1,1
10850,1,1
10900,1,1
10950,1,1
11000,1,1
11050,1,1
11070,1,1
11120,1,1
11170,1,1
11220,1,1
11270,1,1
11320,1,1
11340,1,1
11390,1,1
11440,1,1
11490,1,1
11540,1,1
11590,1,1
11610,1,1
11660,1,1
11710,1,1
11760,1,1
11810,1,1
11860,1,1
11880,1,1
11930,1,1
11980,1,1
12030,1,1
12080,1,1
12130,1,1
12150,1,1
12200,1,1
12250,1,1
12300,1,1
12350,1,1
12400,1,1
12420,1,1
12470,1,1
12520,1,1
12570,1,1
12620,1,1
12670,1,1
12690,1,1
12740,1,1
12790,1,1
12840,1,1
12890,1,1
12940,1,1
12960,1,1
13010,1,1
13060,1,1
13110,1,1
13160,1,1
13210,1,1
13230,1,1
13280,1,1
13330,1,1
13380,1,1
13430,1,1
13480,1,1
13500,1,1
13550,1,1
13600,1,1
13650,1,1
13700,1,1
13750,1,1
13770,1,1
13820,1,1
13870,1,1
13920,1,1
13970,1,1
14020,1,1
14040,1,1
14090,1,1
14140,1,1
14190,1,1
14240,1,1
14290,1,1
14310,1,1
14360,1,1
14410,1,1
14460,1,1
14510,1,1
14560,1,1
14580,1,1
14630,1,1
14680,1,1
14730,1,1
14780,1,1
14830,1,1
14850,1,1
14900,1,1
14950,1,1
15000,1,1
15050,1,1
15100,1,1
15120,1,1
15170,1,1
15220,1,1
15270,1,1
15320,1,1
15370,1,1
15390,1,1
15440,1,1
15490,1,1
15540,1,1
15590,1,1
15640,1,1
15660,1,1
15710,1,1
15760,1,1
15810,1,1
15860,1,1
15910,1,1
15930,1,1
15980,1,1
16030,1,1
16080,1,1
16130,1,1
16180,1,1
16200,1,1
16250,1,1
16300,1,1
16350,1,1
16400,1,1
16450,1,1
16470,1,1
16520,1,1
16570,1,1
16620,1,1
16670,1,1
16720,1,1
16740,1,1
16790,1,1
16840,1,1
16890,1,1
16940,1,1
16990,1,1
17010,1,1
17060,1,1
17110,1,1
17160,1,1
17210,1,1
17260,1,1
17280,1,1
17330,1,1
17380,1,1
17430,1,1
17480,1,1
17530,1,1
17550,1,1
17600,1,1
17650,1,1
17700,1,1
17750,1,1
17800,1,1
17820,1,1
17870,1,1
17920,1,1
17970,1,1
18020,1,1
18070,1,1
18090,1,1
18140,1,1
18190,1,1
18240,1,1
18290,1,1
18340,1,1
18360,1,1
18410,1,1
18460,1,1
18510,1,1
18560,1,1
18610,1,1
18630,1,1
18680,1,1
18730,1,1
18780,1,1
18830,1,1
18880,1,1
18900,1,1
18950,1,1
19000,1,1
19050,1,1
19100,1,1
19150,1,1
19170,1,1
19220,1,1
19270,1,1
19320,1,1
19370,1,1
19420,1,1
19440,1,1
19490,1,1
19540,1,1
19590,1,1
19640,1,1
19690,1,1
19710,1,1
19760,1,1
19810,1,1
19860,1,1
19910,1,1
19960,1,1
19980,1,1
20030,1,1
20080,1,1
20130,1,1
20180,1,1
20230,1,1
20250,1,1
20300,1,1
20350,1,1
20400,1,1
20450,1,1
20500,1,1
20520,1,1
20570,1,1
20620,1,1
20670,1,1
20720,1,1
20770,1,1
20790,1,1
20840,1,1
20890,1,1
20940,1,1
20990,1,1
21040,1,1
21060,1,1
21110,1,1
21160,1,1
21210,1,1
21260,1,1
21310,1,1
21330,1,1
21380,1,1
21430,1,1
21480,1,1
21530,1,1
21580,1,1
21600,1,1
21650,1,1
21700,1,1
21750,1,1
21800,1,1
21850,1,1
21870,1,1
21920,1,1
21970,1,1
22020,1,1
22070,1,1
22120,1,1
22140,1,1
22190,1,1
22240,1,1
22290,1,1
22340,1,1
22390,1,1
22410,1,1
22460,1,1
22510,1,1
22560,1,1
22610,1,1
22660,1,1
22680,1,1
22730,1,1
22780,1,1
22830,1,1
22880,1,1
22930,1,1
22950,1,1
23000,1,1
23050,1,1
23100,1,1
23150,1,1
23200,1,1
23220,1,1
23270,1,1
23320,1,1
23370,1,1
23420,1,1
23470,1,1
23490,1,1
23540,1,1
23590,1,1
23640,1,1
23690,1,1
23740,1,1
23760,1,1
23810,1,1
23860,1,1
23910,1,1
23960,1,1
24010,1,1
24030,1,1
24080,1,1
24130,1,1
24180,1,1
24230,1,1
24280,1,1
24300,1,1
24350,1,1
24400,1,1
24450,1,1
24500,1,1
24550,1,1
24570,1,1
24620,1,1
24670,1,1
24720,1,1
24770,1,1
24820,1,1
24840,1,1
24890,1,1
24940,1,1
24990,1,1
25040,1,1
25090,1,1
25110,1,1
25160,1,1
25210,1,1
25260,1,1
25310,1,1
25360,1,1
25380,1,1
25430,1,1
25480,1,1
25530,1,1
25580,1,1
25630,1,1
25650,1,1
25700,1,1
25750,1,1
25800,1,1
25850,1,1
25900,1,1
25920,1,1
25970,1,1
26020,1,1
26070,1,1
26120,1,1
26170,1,1
26190,1,1
26240,1,1
26290,1,1
26340,1,1
26390,1,1
26440,1,1
26460,1,1
26510,1,1
26560,1,1
26610,1,1
26660,1,1
26710,1,1
26730,1,1
26780,1,1
26830,1,1
26880,1,1
26930,1,1
26980,1,1
27000,1,1
27050,1,1
27100,1,1
27150,1,1
27200,1,1
27250,1,1
27270,1,1
27320,1,1
27370,1,1
27420,1,1
27470,1,1
27520,1,1
27540,1,1
27590,1,1
27640,1,1
27690,1,1
27740,1,1
27790,1,1
27810,1,1
27860,1,1
27910,1,1
27960,1,1
28010,1,1
28060,1,1
28080,1,1
28130,1,1
28180,1,1
28230,1,1
28280,1,1
28330,1,1
28350,1,1
28400,1,1
28450,1,1
28500,1,1
28550,1,1
28600,1,1
28620,1,1
28670,1,1
28720,1,1
28770,1,1
28820,1,1
28870,1,1
28890,1,1
28940,1,1
28990,1,1
29040,1,1
29090,1,1
29140,1,1
29160,1,1
29210,1,1
29260,1,1
29310,1,1
29360,1,1
29410,1,1
29430,1,1
29480,1,1
29530,1,1
29580,1,1
29630,1,1
29680,1,1
29700,1,1
29750,1,1
29800,1,1
29850,1,1
29900,1,1
29950,1,1
29970,1,1
30020,1,1
30070,1,1
30120,1,1
30170,1,1
30220,1,1
30240,1,1
30290,1,1
30340,1,1
30390,1,1
30440,1,1
30490,1,1
30510,1,1
30560,1,1
30610,1,1
30660,1,1
30710,1,1
30760,1,1
30780,1,1
30830,1,1
30880,1,1
30930,1,1
30980,1,1
31030,1,1
31050,1,1
31100,1,1
31150,1,1
31200,1,1
31250,1,1
31300,1,1
31320,1,1
31370,1,1
31420,1,1
31470,1,1
31520,1,1
31570,1,1
31590,1,1
31640,1,1
31690,1,1
31740,1,1
31790,1,1
31840,1,1
31860,1,1
31910,1,1
31960,1,1
32010,1,1
32060,1,1
32110,1,1
32130,1,1
32180,1,1
32230,1,1
32280,1,1
32330,1,1
32380,1,1
32400,1,1
32450,1,1
32500,1,1
32550,1,1
32600,1,1
32650,1,1
32670,1,1
32720,1,1
32770,1,1
32820,1,1
32870,1,1
32920,1,1
32940,1,1
32990,1,1
33040,1,1
33090,1,1
33140,1,1
33190,1,1
33210,1,1
33260,1,1
33310,1,1
33360,1,1
33410,1,1
33460,1,1
33480,1,1
33530,1,1
33580,1,1
33630,1,1
33680,1,1
33730,1,1
33750,1,1
33800,1,1
33850,1,1
33900,1,1
33950,1,1
34000,1,1
34020,1,1
34070,1,1
34120,1,1
34170,1,1
34220,1,1
34270,1,1
34290,1,1
34340,1,1
34390,1,1
34440,1,1
34490,1,1
34540,1,1
34560,1,1
34610,1,1
34660,1,1
34710,1,1
34760,1,1
34810,1,1
34830,1,1
34880,1,1
34930,1,1
34980,1,1
35030,1,1
35080,1,1
35100,1,1
35150,1,1
35200,1,1
35250,1,1
35300,1,1
35350,1,1
35370,1,1
35420,1,1
35470,1,1
35520,1,1
35570,1,1
35620,1,1
35640,1,1
35690,1,1
35740,1,1
35790,1,1
35840,1,1
35890,1,1
35910,1,1
35960,1,1
36010,1,1
36060,1,1
36110,1,1
36160,1,1
36180,1,1
36230,1,1
36280,1,1
36330,1,1
36380,1,1
36430,1,1
36450,1,1
36500,1,1
36550,1,1
36600,1,1
36650,1,1
36700,1,1
36720,1,1
36770,1,1
36820,1,1
36870,1,1
36920,1,1
36970,1,1
36990,1,1
37040,1,1
37090,1,1
37140,1,1
37190,1,1
37240,1,1
37260,1,1
37310,1,1
37360,1,1
37410,1,1
37460,1,1
37510,1,1
37530,1,1
37580,1,1
37630,1,1
37680,1,1
37730,1,1
37780,1,1
37800,1,1
37850,1,1
37900,1,1
37950,1,1
38000,1,1
38050,1,1
38070,1,1
38120,1,1
38170,1,1
38220,1,1
38270,1,1
38320,1,1
38340,1,1
38390,1,1
38440,1,1
38490,1,1
38540,1,1
38590,1,1
38610,1,1
38660,1,1
38710,1,1
38760,1,1
38810,1,1
38860,1,1
38880,1,1
38930,1,1
38980,1,1
39030,1,1
39080,1,1
39130,1,1
39150,1,1
39200,1,1
39250,1,1
39300,1,1
39350,1,1
39400,1,1
39420,1,1
39470,1,1
39520,1,1
39570,1,1
39620,1,1
39670,1,1
39690,1,1
39740,1,1
39790,1,1
39840,1,1
39890,1,1
39940,1,1
39960,1,1
40010,1,1
40060,1,1
40110,1,1
40160,1,1
40210,1,1
40230,1,1
40280,1,1
40330,1,1
40380,1,1
40430,1,1
40480,1,1
40500,1,1
40550,1,1
40600,1,1
40650,1,1
40700,1,1
40750,1,1
40770,1,1
40820,1,1
40870,1,1
40920,1,1
40970,1,1
41020,1,1
41040,1,1
41090,1,1
41140,1,1
41190,1,1
41240,1,1
41290,1,1
41310,1,1
41360,1,1
41410,1,1
41460,1,1
41510,1,1
41560,1,1
41580,1,1
41630,1,1
41680,1,1
41730,1,1
41780,1,1
41830,1,1
41850,1,1
41900,1,1
41950,1,1
42000,1,1
42050,1,1
42100,1,1
42120,1,1
42170,1,1
42220,1,1
42270,1,1
42320,1,1
42370,1,1
42390,1,1
42440,1,1
42490,1,1
42540,1,1
42590,1,1
42640,1,1
42660,1,1
42710,1,1
42760,1,1
42810,1,1
42860,1,1
42910,1,1
42930,1,1
42980,1,1
43030,1,1
43080,1,1
43130,1,1
43180,1,1
43200,1,1
43250,1,1
43300,1,1
43350,1,1
43400,1,1
43450,1,1
43470,1,1
43520,1,1
43570,1,1
43620,1,1
43670,1,1
43720,1,1
43740,1,1
43790,1,1
43840,1,1
43890,1,1
43940,1,1
43990,1,1
44010,1,1
44060,1,1
44110,1,1
44160,1,1
44210,1,1
44260,1,1
44280,1,1
44330,1,1
44380,1,1
44430,1,1
44480,1,1
44530,1,1
44550,1,1
44600,1,1
44650,1,1
44700,1,1
44750,1,1
44800,1,1
44820,1,1
44870,1,1
44920,1,1
44970,1,1
45020,1,1
45070,1,1
45090,1,1
45140,1,1
45190,1,1
45240,1,1
45290,1,1
45340,1,1
45360,1,1
45410,1,1
45460,1,1
45510,1,1
45560,1,1
45610,1,1
45630,1,1
45680,1,1
45730,1,1
45780,1,1
45830,1,1
45880,1,1
45900,1,1
45950,1,1
46000,1,1
46050,1,1
46100,1,1
46150,1,1
46170,1,1
46220,1,1
46270,1,1
46320,1,1
46370,1,1
46420,1,1
46440,1,1
46490,1,1
46540,1,1
46590,1,1
46640,1,1
46690,1,1
46710,1,1
46760,1,1
46810,1,1
46860,1,1
46910,1,1
46960,1,1
46980,1,1
47030,1,1
47080,1,1
47130,1,1
47180,1,1
47230,1,1
47250,1,1
47300,1,1
47350,1,1
47400,1,1
47450,1,1
47500,1,1
47520,1,1
47570,1,1
47620,1,1
47670,1,1
47720,1,1
47770,1,1
47790,1,1
47840,1,1
47890,1,1
47940,1,1
47990,1,1
48040,1,1
48060,1,1
48110,1,1
48160,1,1
48210,1,1
48260,1,1
48310,1,1
48330,1,1
48380,1,1
48430,1,1
48480,1,1
48530,1,1
48580,1,1
48600,1,1
48650,1,1
48700,1,1
48750,1,1
48800,1,1
48850,1,1
48870,1,1
48920,1,1
48970,1,1
49020,1,1
49070,1,1
49120,1,1
49140,1,1
49190,1,1
49240,1,1
49290,1,1
49340,1,1
49390,1,1
49410,1,1
49460,1,1
49510,1,1
49560,1,1
49610,1,1
49660,1,1
49680,1,1
49730,1,1
49780,1,1
49830,1,1
49880,1,1
49930,1,1
49950,1,1
50000,1,1
50050,1,1
50100,1,1
50150,1,1
50200,1,1
50220,1,1
50270,1,1
50320,1,1
50370,1,1
50420,1,1
50470,1,1
50490,1,1
50540,1,1
50590,1,1
50640,1,1
50690,1,1
50740,1,1
50760,1,1
50810,1,1
50860,1,1
50910,1,1
50960,1,1
51010,1,1
51030,1,1
51080,1,1
51130,1,1
51180,1,1
51230,1,1
51280,1,1
51300,1,1
51350,1,1
51400,1,1
51450,1,1
51500,1,1
51550,1,1
51570,1,1
51620,1,1
51670,1,1
51720,1,1
51770,1,1
51820,1,1
51840,1,1
51890,1,1
51940,1,1
51990,1,1
52040,1,1
52090,1,1
52110,1,1
52160,1,1
52210,1,1
52260,1,1
52310,1,1
52360,1,1
52380,1,1
52430,1,1
52480,1,1
52530,1,1
52580,1,1
52630,1,1
52650,1,1
52700,1,1
52750,1,1
52800,1,1
52850,1,1
52900,1,1
52920,1,1
52970,1,1
53020,1,1
53070,1,1
53120,1,1
53170,1,1
53190,1,1
53240,1,1
53290,1,1
53340,1,1
53390,1,1
53440,1,1
53460,1,1
53510,1,1
53560,1,1
53610,1,1
53660,1,1
53710,1,1
53730,1,1
53780,1,1
53830,1,1
53880,1,1
53930,1,1
53980,1,1
54000,1,1
54050,1,1
54100,1,1
54150,1,1
54200,1,1
54250,1,1
54270,1,1
54320,1,1
54370,1,1
54420,1,1
54470,1,1
54520,1,1
54540,1,1
54590,1,1
54640,1,1
54690,1,1
54740,1,1
54790,1,1
54810,1,1
54860,1,1
54910,1,1
54960,1,1
55010,1,1
55060,1,1
55080,1,1
55130,1,1
55180,1,1
55230,1,1
55280,1,1
55330,1,1
55350,1,1
55400,1,1
55450,1,1
55500,1,1
55550,1,1
55600,1,1
55620,1,1
55670,1,1
55720,1,1
55770,1,1
55820,1,1
55870,1,1
55890,1,1
55940,1,1
55990,1,1
56040,1,1
56090,1,1
56140,1,1
56160,1,1
56210,1,1
56260,1,1
56310,1,1
56360,1,1
56410,1,1
56430,1,1
56480,1,1
56530,1,1
56580,1,1
56630,1,1
56680,1,1
56700,1,1
56750,1,1
56800,1,1
56850,1,1
56900,1,1
56950,1,1
56970,1,1
57020,1,1
57070,1,1
57120,1,1
57170,1,1
57220,1,1
57240,1,1
57290,1,1
57340,1,1
57390,1,1
57440,1,1
57490,1,1
57510,1,1
57560,1,1
57610,1,1
57660,1,1
57710,1,1
57760,1,1
57780,1,1
57830,1,1
57880,1,1
57930,1,1
57980,1,1
58030,1,1
58050,1,1
58100,1,1
58150,1,1
58200,1,1
58250,1,1
58300,1,1
58320,1,1
58370,1,1
58420,1,1
58470,1,1
58520,1,1
58570,1,1
58590,1,1
58640,1,1
58690,1,1
58740,1,1
58790,1,1
58840,1,1
58860,1,1
58910,1,1
58960,1,1
59010,1,1
59060,1,1
59110,1,1
59130,1,1
59180,1,1
59230,1,1
59280,1,1
59330,1,1
59380,1,1
59400,1,1
59450,1,1
59500,1,1
59550,1,1
59600,1,1
59650,1,1
59670,1,1
59720,1,1
59770,1,1
59820,1,1
59870,1,1
59920,1,1
59940,1,1
59990,1,1
60040,1,1
60090,1,1
60140,1,1
60190,1,1
60210,1,1
60260,1,1
60310,1,1
60360,1,1
60410,1,1
60460,1,1
60480,1,1
60530,1,1
60580,1,1
60630,1,1
60680,1,1
60730,1,1
60750,1,1
60800,1,1
60850,1,1
60900,1,1
60950,1,1
61000,1,1
61020,1,1
61070,1,1
61120,1,1
61170,1,1
61220,1,1
61270,1,1
61290,1,1
61340,1,1
61390,1,1
61440,1,1
61490,1,1
61540,1,1
61560,1,1
61610,1,1
61660,1,1
61710,1,1
61760,1,1
61810,1,1
61830,1,1
61880,1,1
61930,1,1
61980,1,1
62030,1,1
62080,1,1
62100,1,1
62150,1,1
62200,1,1
62250,1,1
62300,1,1
62350,1,1
62370,1,1
62420,1,1
62470,1,1
62520,1,1
62570,1,1
62620,1,1
62640,1,1
62690,1,1
62740,1,1
62790,1,1
62840,1,1
62890,1,1
62910,1,1
62960,1,1
63010,1,1
63060,1,1
63110,1,1
63160,1,1
63180,1,1
63230,1,1
63280,1,1
63330,1,1
63380,1,1
63430,1,1
63450,1,1
63500,1,1
63550,1,1
63600,1,1
63650,1,1
63700,1,1
63720,1,1
63770,1,1
63820,1,1
63870,1,1
63920,1,1
63970,1,1
63990,1,1
64040,1,1
64090,1,1
64140,1,1
64190,1,1
64240,1,1
64260,1,1
64310,1,1
64360,1,1
64410,1,1
64460,1,1
64510,1,1
64530,1,1
64580,1,1
64630,1,1
64680,1,1
64730,1,1
64780,1,1
64800,1,1
64850,1,1
64900,1,1
64950,1,1
65000,1,1
65050,1,1
65070,1,1
65120,1,1
65170,1,1
65220,1,1
65270,1,1
65320,1,1
65340,1,1
65390,1,1
65440,1,1
65490,1,1
65540,1,1
65590,1,1
65610,1,1
65660,1,1
65710,1,1
65760,1,1
65810,1,1
65860,1,1
65880,1,1
65930,1,1
65980,1,1
66030,1,1
66080,1,1
66130,1,1
66150,1,1
66200,1,1
66250,1,1
66300,1,1
66350,1,1
66400,1,1
66420,1,1
66470,1,1
66520,1,1
66570,1,1
66620,1,1
66670,1,1
66690,1,1
66740,1,1
66790,1,1
66840,1,1
66890,1,1
66940,1,1
66960,1,1
67010,1,1
67060,1,1
67110,1,1
67160,1,1
67210,1,1
67230,1,1
67280,1,1
67330,1,1
67380,1,1
67430,1,1
67480,1,1
67500,1,1
67550,1,1
67600,1,1
67650,1,1
67700,1,1
67750,1,1
67770,1,1
67820,1,1
67870,1,1
67920,1,1
67970,1,1
68020,1,1
68040,1,1
68090,1,1
68140,1,1
68190,1,1
68240,1,1
68290,1,1
68310,1,1
68360,1,1
68410,1,1
68460,1,1
68510,1,1
68560,1,1
68580,1,1
68630,1,1
68680,1,1
68730,1,1
68780,1,1
68830,1,1
68850,1,1
68900,1,1
68950,1,1
69000,1,1
69050,1,1
69100,1,1
69120,1,1
69170,1,1
69220,1,1
69270,1,1
69320,1,1
69370,1,1
69390,1,1
69440,1,1
69490,1,1
69540,1,1
69590,1,1
69640,1,1
69660,1,1
69710,1,1
69760,1,1
69810,1,1
69860,1,1
69910,1,1
69930,1,1
69980,1,1
70030,1,1
70080,1,1
70130,1,1
70180,1,1
70200,1,1
70250,1,1
70300,1,1
70350,1,1
70400,1,1
70450,1,1
70470,1,1
70520,1,1
70570,1,1
70620,1,1
70670,1,1
70720,1,1
70740,1,1
70790,1,1
70840,1,1
70890,1,1
70940,1,1
70990,1,1
71010,1,1
71060,1,1
71110,1,1
71160,1,1
71210,1,1
71260,1,1
71280,1,1
71330,1,1
71380,1,1
71430,1,1
71480,1,1
71530,1,1
71550,1,1
71600,1,1
71650,1,1
71700,1,1
71750,1,1
71800,1,1
71820,1,1
71870,1,1
71920,1,1
71970,1,1
72020,1,1
72070,1,1
72090,1,1
72140,1,1
72190,1,1
72240,1,1
72290,1,1
72340,1,1
72360,1,1
72410,1,1
72460,1,1
72510,1,1
72560,1,1
72610,1,1
72630,1,1
72680,1,1
72730,1,1
72780,1,1
72830,1,1
72880,1,1
72900,1,1
72950,1,1
73000,1,1
73050,1,1
73100,1,1
73150,1,1
73170,1,1
73220,1,1
73270,1,1
73320,1,1
73370,1,1
73420,1,1
73440,1,1
73490,1,1
73540,1,1
73590,1,1
73640,1,1
73690,1,1
73710,1,1
73760,1,1
73810,1,1
73860,1,1
73910,1,1
73960,1,1
73980,1,1
74030,1,1
74080,1,1
74130,1,1
74180,1,1
74230,1,1
74250,1,1
74300,1,1
74350,1,1
74400,1,1
74450,1,1
74500,1,1
74520,1,1
74570,1,1
74620,1,1
74670,1,1
74720,1,1
74770,1,1
74790,1,1
74840,1,1
74890,1,1
74940,1,1
74990,1,1
75040,1,1
75060,1,1
75110,1,1
75160,1,1
75210,1,1
75260,1,1
75310,1,1
75330,1,1
75380,1,1
75430,1,1
75480,1,1
75530,1,1
75580,1,1
75600,1,1
75650,1,1
75700,1,1
75750,1,1
75800,1,1
75850,1,1
75870,1,1
75920,1,1
75970,1,1
76020,1,1
76070,1,1
76120,1,1
76140,1,1
76190,1,1
76240,1,1
76290,1,1
76340,1,1
76390,1,1
76410,1,1
76460,1,1
76510,1,1
76560,1,1
76610,1,1
76660,1,1
76680,1,1
76730,1,1
76780,1,1
76830,1,1
76880,1,1
76930,1,1
76950,1,1
77000,1,1
77050,1,1
77100,1,1
77150,1,1
77200,1,1
77220,1,1
77270,1,1
77320,1,1
77370,1,1
77420,1,1
77470,1,1
77490,1,1
77540,1,1
77590,1,1
77640,1,1
77690,1,1
77740,1,1
77760,1,1
77810,1,1
77860,1,1
77910,1,1
77960,1,1
78010,1,1
78030,1,1
78080,1,1
78130,1,1
78180,1,1
78230,1,1
78280,1,1
78300,1,1
78350,1,1
78400,1,1
78450,1,1
78500,1,1
78550,1,1
78570,1,1
78620,1,1
78670,1,1
78720,1,1
78770,1,1
78820,1,1
78840,1,1
78890,1,1
78940,1,1
78990,1,1
79040,1,1
79090,1,1
79110,1,1
79160,1,1
79210,1,1
79260,1,1
79310,1,1
79360,1,1
79380,1,1
79430,1,1
79480,1,1
79530,1,1
79580,1,1
79630,1,1
79650,1,1
79700,1,1
79750,1,1
79800,1,1
79850,1,1
79900,1,1
79920,1,1
79970,1,1
80020,1,1
80070,1,1
80120,1,1
80170,1,1
80190,1,1
80240,1,1
80290,1,1
80340,1,1
80390,1,1
80440,1,1
80460,1,1
80510,1,1
80560,1,1
80610,1,1
80660,1,1
80710,1,1
80730,1,1
80780,1,1
80830,1,1
80880,1,1
80930,1,1
80980,1,1
81000,1,1
81050,1,1
81100,1,1
81150,1,1
81200,1,1
81250,1,1
81270,1,1
81320,1,1
81370,1,1
81420,1,1
81470,1,1
81520,1,1
81540,1,1
81590,1,1
81640,1,1
81690,1,1
81740,1,1
81790,1,1
81810,1,1
81860,1,1
81910,1,1
81960,1,1
82010,1,1
82060,1,1
82080,1,1
82130,1,1
82180,1,1
82230,1,1
82280,1,1
82330,1,1
82350,1,1
82400,1,1
82450,1,1
82500,1,1
82550,1,1
82600,1,1
82620,1,1
82670,1,1
82720,1,1
82770,1,1
82820,1,1
82870,1,1
82890,1,1
82940,1,1
82990,1,1
83040,1,1
83090,1,1
83140,1,1
83160,1,1
83210,1,1
83260,1,1
83310,1,1
83360,1,1
83410,1,1
83430,1,1
83480,1,1
83530,1,1
83580,1,1
83630,1,1
83680,1,1
83700,1,1
83750,1,1
83800,1,1
83850,1,1
83900,1,1
83950,1,1
83970,1,1
84020,1,1
84070,1,1
84120,1,1
84170,1,1
84220,1,1
84240,1,1
84290,1,1
84340,1,1
84390,1,1
84440,1,1
84490,1,1
84510,1,1
84560,1,1
84610,1,1
84660,1,1
84710,1,1
84760,1,1
84780,1,1
84830,1,1
84880,1,1
84930,1,1
84980,1,1
85030,1,1
85050,1,1
85100,1,1
85150,1,1
85200,1,1
85250,1,1
85300,1,1
85320,1,1
85370,1,1
85420,1,1
85470,1,1
85520,1,1
85570,1,1
85590,1,1
85640,1,1
85690,1,1
85740,1,1
85790,1,1
85840,1,1
85860,1,1
85910,1,1
85960,1,1
86010,1,1
86060,1,1
86110,1,1
86130,1,1
86180,1,1
86230,1,1
86280,1,1
86330,1,1
86380,1,1
86400,1,1
86450,1,1
86500,1,1
86550,1,1
86600,1,1
86650,1,1
86670,1,1
86720,1,1
86770,1,1
86820,1,1
86870,1,1
86920,1,1
86940,1,1
86990,1,1
87040,1,1
87090,1,1
87140,1,1
87190,1,1
87210,1,1
87260,1,1
87310,1,1
87360,1,1
87410,1,1
87460,1,1
87480,1,1
87530,1,1
87580,1,1
87630,1,1
87680,1,1
87730,1,1
87750,1,1
87800,1,1
87850,1,1
87900,1,1
87950,1,1
88000,1,1
88020,1,1
88070,1,1
88120,1,1
88170,1,1
88220,1,1
88270,1,1
88290,1,1
88340,1,1
88390,1,1
88440,1,1
88490,1,1
88540,1,1
88560,1,1
88610,1,1
88660,1,1
88710,1,1
88760,1,1
88810,1,1
88830,1,1
88880,1,1
88930,1,1
88980,1,1
89030,1,1
89080,1,1
89100,1,1
89150,1,1
89200,1,1
89250,1,1
89300,1,1
89350,1,1
89370,1,1
89420,1,1
89470,1,1
89520,1,1
89570,1,1
89620,1,1
89640,1,1
89690,1,1
89740,1,1
89790,1,1
89840,1,1
89890,1,1
89910,1,1
89960,1,1
90010,1,1
90060,1,1
90110,1,1
90160,1,1
90180,1,1
90230,1,1
90280,1,1
90330,1,1
90380,1,1
90430,1,1
90450,1,1
90500,1,1
90550,1,1
90600,1,1
90650,1,1
90700,1,1
90720,1,1
90770,1,1
90820,1,1
90870,1,1
90920,1,1
90970,1,1
90990,1,1
91040,1,1
91090,1,1
91140,1,1
91190,1,1
91240,1,1
91260,1,1
91310,1,1
91360,1,1
91410,1,1
91460,1,1
91510,1,1
91530,1,1
91580,1,1
91630,1,1
91680,1,1
91730,1,1
91780,1,1
91800,1,1
91850,1,1
91900,1,1
91950,1,1
92000,1,1
92050,1,1
92070,1,1
92120,1,1
92170,1,1
92220,1,1
92270,1,1
92320,1,1
92340,1,1
92390,1,1
92440,1,1
92490,1,1
92540,1,1
92590,1,1
92610,1,1
92660,1,1
92710,1,1
92760,1,1
92810,1,1
92860,1,1
92880,1,1
92930,1,1
92980,1,1
93030,1,1
93080,1,1
93130,1,1
93150,1,1
93200,1,1
93250,1,1
93300,1,1
93350,1,1
93400,1,1
93420,1,1
93470,1,1
93520,1,1
93570,1,1
93620,1,1
93670,1,1
93690,1,1
93740,1,1
93790,1,1
93840,1,1
93890,1,1
93940,1,1
93960,1,1
94010,1,1
94060,1,1
94110,1,1
94160,1,1
94210,1,1
94230,1,1
94280,1,1
94330,1,1
94380,1,1
94430,1,1
94480,1,1
94500,1,1
94550,1,1
94600,1,1
94650,1,1
94700,1,1
94750,1,1
94770,1,1
94820,1,1
94870,1,1
94920,1,1
94970,1,1
95020,1,1
95040,1,1
95090,1,1
95140,1,1
95190,1,1
95240,1,1
95290,1,1
95310,1,1
95360,1,1
95410,1,1
95460,1,1
95510,1,1
95560,1,1
95580,1,1
95630,1,1
95680,1,1
95730,1,1
95780,1,1
95830,1,1
95850,1,1
95900,1,1
95950,1,1
96000,1,1
96050,1,1
96100,1,1
96120,1,1
96170,1,1
96220,1,1
96270,1,1
96320,1,1
96370,1,1
96390,1,1
96440,1,1
96490,1,1
96540,1,1
96590,1,1
96640,1,1
96660,1,1
96710,1,1
96760,1,1
96810,1,1
96860,1,1
96910,1,1
96930,1,1
96980,1,1
97030,1,1
97080,1,1
97130,1,1
97180,1,1
97200,1,1
97250,1,1
97300,1,1
97350,1,1
97400,1,1
97450,1,1
97470,1,1
97520,1,1
97570,1,1
97620,1,1
97670,1,1
97720,1,1
97740,1,1
97790,1,1
97840,1,1
97890,1,1
97940,1,1
97990,1,1
98010,1,1
98060,1,1
98110,1,1
98160,1,1
98210,1,1
98260,1,1
98280,1,1
98330,1,1
98380,1,1
98430,1,1
98480,1,1
98530,1,1
98550,1,1
98600,1,1
98650,1,1
98700,1,1
98750,1,1
98800,1,1
98820,1,1
98870,1,1
98920,1,1
98970,1,1
99020,1,1
99070,1,1
99090,1,1
99140,1,1
99190,1,1
99240,1,1
99290,1,1
99340,1,1
99360,1,1
99410,1,1
99460,1,1
99510,1,1
99560,1,1
99610,1,1
99630,1,1
99680,1,1
99730,1,1
99780,1,1
99830,1,1
99880,1,1
99900,1,1
99950,1,1
100000,1,1
100050,1,1
100100,1,1
100150,1,1
100170,1,1
100220,1,1
100270,1,1
100320,1,1
100370,1,1
100420,1,1
100440,1,1
100490,1,1
100540,1,1
100590,1,1
100640,1,1
100690,1,1
100710,1,1
100760,1,1
100810,1,1
100860,1,1
100910,1,1
100960,1,1
100980,1,1
101030,1,1
101080,1,1
101130,1,1
101180,1,1
101230,1,1
101250,1,1
101300,1,1
101350,1,1
101400,1,1
101450,1,1
101500,1,1
101520,1,1
101570,1,1
101620,1,1
101670,1,1
101720,1,1
101770,1,1
101790,1,1
101840,1,1
101890,1,1
101940,1,1
101990,1,1
102040,1,1
102060,1,1
102110,1,1
102160,1,1
102210,1,1
102260,1,1
102310,1,1
102330,1,1
102380,1,1
102430,1,1
102480,1,1
102530,1,1
102580,1,1
102600,1,1
102650,1,1
102700,1,1
102750,1,1
102800,1,1
102850,1,1
102870,1,1
102920,1,1
102970,1,1
103020,1,1
103070,1,1
103120,1,1
103140,1,1
103190,1,1
103240,1,1
103290,1,1
103340,1,1
103390,1,1
103410,1,1
103460,1,1
103510,1,1
103560,1,1
103610,1,1
103660,1,1
103680,1,1
103730,1,1
103780,1,1
103830,1,1
103880,1,1
103930,1,1
103950,1,1
104000,1,1
104050,1,1
104100,1,1
104150,1,1
104200,1,1
104220,1,1
104270,1,1
104320,1,1
104370,1,1
104420,1,1
104470,1,1
104490,1,1
104540,1,1
104590,1,1
104640,1,1
104690,1,1
104740,1,1
104760,1,1
104810,1,1
104860,1,1
104910,1,1
104960,1,1
105010,1,1
105030,1,1
105080,1,1
105130,1,1
105180,1,1
105230,1,1
105280,1,1
105300,1,1
105350,1,1
105400,1,1
105450,1,1
105500,1,1
105550,1,1
105570,1,1
105620,1,1
105670,1,1
105720,1,1
105770,1,1
105820,1,1
105840,1,1
105890,1,1
105940,1,1
105990,1,1
106040,1,1
106090,1,1
106110,1,1
106160,1,1
106210,1,1
106260,1,1
106310,1,1
106360,1,1
106380,1,1
106430,1,1
106480,1,1
106530,1,1
106580,1,1
106630,1,1
106650,1,1
106700,1,1
106750,1,1
106800,1,1
106850,1,1
106900,1,1
106920,1,1
106970,1,1
107020,1,1
107070,1,1
107120,1,1
107170,1,1
107190,1,1
107240,1,1
107290,1,1
107340,1,1
107390,1,1
107440,1,1
107460,1,1
107510,1,1
107560,1,1
107610,1,1
107660,1,1
107710,1,1
107730,1,1
107780,1,1
107830,1,1
107880,1,1
107930,1,1
107980,1,1
108000,1,1
108050,1,1
108100,1,1
108150,1,1
108200,1,1
108250,1,1
108270,1,1
108320,1,1
108370,1,1
108420,1,1
108470,1,1
108520,1,1
108540,1,1
108590,1,1
108640,1,1
108690,1,1
108740,1,1
108790,1,1
108810,1,1
108860,1,1
108910,1,1
108960,1,1
109010,1,1
109060,1,1
109080,1,1
109130,1,1
109180,1,1
109230,1,1
109280,1,1
109330,1,1
109350,1,1
109400,1,1
109450,1,1
109500,1,1
109550,1,1
109600,1,1
109620,1,1
109670,1,1
109720,1,1
109770,1,1
109820,1,1
109870,1,1
109890,1,1
109940,1,1
109990,1,1
110040,1,1
110090,1,1
110140,1,1
110160,1,1
110210,1,1
110260,1,1
110310,1,1
110360,1,1
110410,1,1
110430,1,1
110480,1,1
110530,1,1
110580,1,1
110630,1,1
110680,1,1
110700,1,1
110750,1,1
110800,1,1
110850,1,1
110900,1,1
110950,1,1
110970,1,1
111020,1,1
111070,1,1
111120,1,1
111170,1,1
111220,1,1
111240,1,1
111290,1,1
111340,1,1
111390,1,1
111440,1,1
111490,1,1
111510,1,1
111560,1,1
111610,1,1
111660,1,1
111710,1,1
111760,1,1
111780,1,1
111830,1,1
111880,1,1
111930,1,1
111980,1,1
112030,1,1
112050,1,1
112100,1,1
112150,1,1
112200,1,1
112250,1,1
112300,1,1
112320,1,1
112370,1,1
112420,1,1
112470,1,1
112520,1,1
112570,1,1
112590,1,1
112640,1,1
112690,1,1
112740,1,1
112790,1,1
112840,1,1
112860,1,1
112910,1,1
112960,1,1
113010,1,1
113060,1,1
113110,1,1
113130,1,1
113180,1,1
113230,1,1
113280,1,1
113330,1,1
113380,1,1
113400,1,1
113450,1,1
113500,1,1
113550,1,1
113600,1,1
113650,1,1
113670,1,1
113720,1,1
113770,1,1
113820,1,1
113870,1,1
113920,1,1
113940,1,1
113990,1,1
114040,1,1
114090,1,1
114140,1,1
114190,1,1
114210,1,1
114260,1,1
114310,1,1
114360,1,1
114410,1,1
114460,1,1
114480,1,1
114530,1,1
114580,1,1
114630,1,1
114680,1,1
114730,1,1
114750,1,1
114800,1,1
114850,1,1
114900,1,1
114950,1,1
115000,1,1
115020,1,1
115070,1,1
115120,1,1
115170,1,1
115220,1,1
115270,1,1
115290,1,1
115340,1,1
115390,1,1
115440,1,1
115490,1,1
115540,1,1
115560,1,1
115610,1,1
115660,1,1
115710,1,1
115760,1,1
115810,1,1
115830,1,1
115880,1,1
115930,1,1
115980,1,1
116030,1,1
116080,1,1
116100,1,1
116150,1,1
116200,1,1
116250,1,1
116300,1,1
116350,1,1
116370,1,1
116420,1,1
116470,1,1
116520,1,1
116570,1,1
116620,1,1
116640,1,1
116690,1,1
116740,1,1
116790,1,1
116840,1,1
116890,1,1
116910,1,1
116960,1,1
117010,1,1
117060,1,1
117110,1,1
117160,1,1
117180,1,1
117230,1,1
117280,1,1
117330,1,1
117380,1,1
117430,1,1
117450,1,1
117500,1,1
117550,1,1
117600,1,1
117650,1,1
117700,1,1
117720,1,1
117770,1,1
117820,1,1
117870,1,1
117920,1,1
117970,1,1
117990,1,1
118040,1,1
118090,1,1
118140,1,1
118190,1,1
118240,1,1
118260,1,1
118310,1,1
118360,1,1
118410,1,1
118460,1,1
118510,1,1
118530,1,1
118580,1,1
118630,1,1
118680,1,1
118730,1,1
118780,1,1
118800,1,1
118850,1,1
118900,1,1
118950,1,1
119000,1,1
119050,1,1
119070,1,1
119120,1,1
119170,1,1
119220,1,1
119270,1,1
119320,1,1
119340,1,1
119390,1,1
119440,1,1
119490,1,1
119540,1,1
119590,1,1
119610,1,1
119660,1,1
119710,1,1
119760,1,1
119810,1,1
119860,1,1
119880,1,1
119930,1,1
119980,1,1
120030,1,1
120080,1,1
120130,1,1
120150,1,1
120200,1,1
120250,1,1
120300,1,1
120350,1,1
120400,1,1
120420,1,1
120470,1,1
120520,1,1
120570,1,1
120620,1,1
120670,1,1
120690,1,1
120740,1,1
120790,1,1
120840,1,1
120890,1,1
120940,1,1
120960,1,1
121010,1,1
121060,1,1
121110,1,1
121160,1,1
121210,1,1
121230,1,1
121280,1,1
121330,1,1
121380,1,1
121430,1,1
121480,1,1
121500,1,1
121550,1,1
121600,1,1
121650,1,1
121700,1,1
121750,1,1
121770,1,1
121820,1,1
121870,1,1
121920,1,1
121970,1,1
122020,1,1
122040,1,1
122090,1,1
122140,1,1
122190,1,1
122240,1,1
122290,1,1
122310,1,1
122360,1,1
122410,1,1
122460,1,1
122510,1,1
122560,1,1
122580,1,1
122630,1,1
122680,1,1
122730,1,1
122780,1,1
122830,1,1
122850,1,1
122900,1,1
122950,1,1
123000,1,1
123050,1,1
123100,1,1
123120,1,1
123170,1,1
123220,1,1
123270,1,1
123320,1,1
123370,1,1
123390,1,1
123440,1,1
123490,1,1
123540,1,1
123590,1,1
123640,1,1
123660,1,1
123710,1,1
123760,1,1
123810,1,1
123860,1,1
123910,1,1
123930,1,1
123980,1,1
124030,1,1
124080,1,1
124130,1,1
124180,1,1
124200,1,1
124250,1,1
124300,1,1
124350,1,1
124400,1,1
124450,1,1
124470,1,1
124520,1,1
124570,1,1
124620,1,1
124670,1,1
124720,1,1
124740,1,1
124790,1,1
124840,1,1
124890,1,1
124940,1,1
124990,1,1
125010,1,1
125060,1,1
125110,1,1
125160,1,1
125210,1,1
125260,1,1
125280,1,1
125330,1,1
125380,1,1
125430,1,1
125480,1,1
125530,1,1
125550,1,1
125600,1,1
125650,1,1
125700,1,1
125750,1,1
125800,1,1
125820,1,1
125870,1,1
125920,1,1
125970,1,1
126020,1,1
126070,1,1
126090,1,1
126140,1,1
126190,1,1
126240,1,1
126290,1,1
126340,1,1
126360,1,1
126410,1,1
126460,1,1
126510,1,1
126560,1,1
126610,1,1
126630,1,1
126680,1,1
126730,1,1
126780,1,1
126830,1,1
126880,1,1
126900,1,1
126950,1,1
127000,1,1
127050,1,1
127100,1,1
127150,1,1
127170,1,1
127220,1,1
127270,1,1
127320,1,1
127370,1,1
127420,1,1
127440,1,1
127490,1,1
127540,1,1
127590,1,1
127640,1,1
127690,1,1
127710,1,1
127760,1,1
127810,1,1
127860,1,1
127910,1,1
127960,1,1
127980,1,1
128030,1,1
128080,1,1
128130,1,1
128180,1,1
128230,1,1
128250,1,1
128300,1,1
128350,1,1
128400,1,1
128450,1,1
128500,1,1
128520,1,1
128570,1,1
128620,1,1
128670,1,1
128720,1,1
128770,1,1
128790,1,1
128840,1,1
128890,1,1
128940,1,1
128990,1,1
129040,1,1
129060,1,1
129110,1,1
129160,1,1
129210,1,1
129260,1,1
129310,1,1
129330,1,1
129380,1,1
129430,1,1
129480,1,1
129530,1,1
129580,1,1
129600,1,1
129650,1,1
129700,1,1
129750,1,1
129800,1,1
129850,1,1
129870,1,1
129920,1,1
129970,1,1
130020,1,1
130070,1,1
130120,1,1
130140,1,1
130190,1,1
130240,1,1
130290,1,1
130340,1,1
130390,1,1
130410,1,1
130460,1,1
130510,1,1
130560,1,1
130610,1,1
130660,1,1
130680,1,1
130730,1,1
130780,1,1
130830,1,1
130880,1,1
130930,1,1
130950,1,1
131000,1,1
131050,1,1
131100,1,1
131150,1,1
131200,1,1
131220,1,1
131270,1,1
131320,1,1
131370,1,1
131420,1,1
131470,1,1
131490,1,1
131540,1,1
131590,1,1
131640,1,1
131690,1,1
131740,1,1
131760,1,1
131810,1,1
131860,1,1
131910,1,1
131960,1,1
132010,1,1
132030,1,1
132080,1,1
132130,1,1
132180,1,1
132230,1,1
132280,1,1
132300,1,1
132350,1,1
132400,1,1
132450,1,1
132500,1,1
132550,1,1
132570,1,1
132620,1,1
132670,1,1
132720,1,1
132770,1,1
132820,1,1
132840,1,1
132890,1,1
132940,1,1
132990,1,1
133040,1,1
133090,1,1
133110,1,1
133160,1,1
133210,1,1
133260,1,1
133310,1,1
133360,1,1
133380,1,1
133430,1,1
133480,1,1
133530,1,1
133580,1,1
133630,1,1
133650,1,1
133700,1,1
133750,1,1
133800,1,1
133850,1,1
133900,1,1
133920,1,1
133970,1,1
134020,1,1
134070,1,1
134120,1,1
134170,1,1
134190,1,1
134240,1,1
134290,1,1
134340,1,1
134390,1,1
134440,1,1
134460,1,1
134510,1,1
134560,1,1
134610,1,1
134660,1,1
134710,1,1
134730,1,1
134780,1,1
134830,1,1
134880,1,1
134930,1,1
134980,1,1
135000,1,1
135050,1,1
135100,1,1
135150,1,1
135200,1,1
135250,1,1
135270,1,1
135320,1,1
135370,1,1
135420,1,1
135470,1,1
135520,1,1
135540,1,1
135590,1,1
135640,1,1
135690,1,1
135740,1,1
135790,1,1
135810,1,1
135860,1,1
135910,1,1
135960,1,1
136010,1,1
136060,1,1
136080,1,1
136130,1,1
136180,1,1
136230,1,1
136280,1,1
136330,1,1
136350,1,1
136400,1,1
136450,1,1
136500,1,1
136550,1,1
136600,1,1
136620,1,1
136670,1,1
136720,1,1
136770,1,1
136820,1,1
136870,1,1
136890,1,1
136940,1,1
136990,1,1
137040,1,1
137090,1,1
137140,1,1
137160,1,1
137210,1,1
137260,1,1
137310,1,1
137360,1,1
137410,1,1
137430,1,1
137480,1,1
137530,1,1
137580,1,1
137630,1,1
137680,1,1
137700,1,1
137750,1,1
137800,1,1
137850,1,1
137900,1,1
137950,1,1
137970,1,1
138020,1,1
138070,1,1
138120,1,1
138170,1,1
138220,1,1
138240,1,1
138290,1,1
138340,1,1
138390,1,1
138440,1,1
138490,1,1
138510,1,1
138560,1,1
138610,1,1
138660,1,1
138710,1,1
138760,1,1
138780,1,1
138830,1,1
138880,1,1
138930,1,1
138980,1,1
139030,1,1
139050,1,1
139100,1,1
139150,1,1
139200,1,1
139250,1,1
139300,1,1
139320,1,1
139370,1,1
139420,1,1
139470,1,1
139520,1,1
139570,1,1
139590,1,1
139640,1,1
139690,1,1
139740,1,1
139790,1,1
139840,1,1
139860,1,1
139910,1,1
139960,1,1
140010,1,1
140060,1,1
140110,1,1
140130,1,1
140180,1,1
140230,1,1
140280,1,1
140330,1,1
140380,1,1
140400,1,1
140450,1,1
140500,1,1
140550,1,1
140600,1,1
140650,1,1
140670,1,1
140720,1,1
140770,1,1
140820,1,1
140870,1,1
140920,1,1
140940,1,1
140990,1,1
141040,1,1
141090,1,1
141140,1,1
141190,1,1
141210,1,1
141260,1,1
141310,1,1
141360,1,1
141410,1,1
141460,1,1
141480,1,1
141530,1,1
141580,1,1
141630,1,1
141680,1,1
141730,1,1
141750,1,1
141800,1,1
141850,1,1
141900,1,1
141950,1,1
142000,1,1
142020,1,1
142070,1,1
142120,1,1
142170,1,1
142220,1,1
142270,1,1
142290,1,1
142340,1,1
142390,1,1
142440,1,1
142490,1,1
142540,1,1
142560,1,1
142610,1,1
142660,1,1
142710,1,1
142760,1,1
142810,1,1
142830,1,1
142880,1,1
142930,1,1
142980,1,1
143030,1,1
143080,1,1
143100,1,1
143150,1,1
143200,1,1
143250,1,1
143300,1,1
143350,1,1
143370,1,1
143420,1,1
143470,1,1
143520,1,1
143570,1,1
143620,1,1
143640,1,1
143690,1,1
143740,1,1
143790,1,1
143840,1,1
143890,1,1
143910,1,1
143960,1,1
144010,1,1
144060,1,1
144110,1,1
144160,1,1
144180,1,1
144230,1,1
144280,1,1
144330,1,1
144380,1,1
144430,1,1
144450,1,1
144500,1,1
144550,1,1
144600,1,1
144650,1,1
144700,1,1
144720,1,1
144770,1,1
144820,1,1
144870,1,1
144920,1,1
144970,1,1
144990,1,1
145040,1,1
145090,1,1
145140,1,1
145190,1,1
145240,1,1
145260,1,1
145310,1,1
145360,1,1
145410,1,1
145460,1,1
145510,1,1
145530,1,1
145580,1,1
145630,1,1
145680,1,1
145730,1,1
145780,1,1
145800,1,1
145850,1,1
145900,1,1
145950,1,1
146000,1,1
146050,1,1
146070,1,1
146120,1,1
146170,1,1
146220,1,1
146270,1,1
146320,1,1
146340,1,1
146390,1,1
146440,1,1
146490,1,1
146540,1,1
146590,1,1
146610,1,1
146660,1,1
146710,1,1
146760,1,1
146810,1,1
146860,1,1
146880,1,1
146930,1,1
146980,1,1
147030,1,1
147080,1,1
147130,1,1
147150,1,1
147200,1,1
147250,1,1
147300,1,1
147350,1,1
147400,1,1
147420,1,1
147470,1,1
147520,1,1
147570,1,1
147620,1,1
147670,1,1
147690,1,1
147740,1,1
147790,1,1
147840,1,1
147890,1,1
147940,1,1
147960,1,1
148010,1,1
148060,1,1
148110,1,1
148160,1,1
148210,1,1
148230,1,1
148280,1,1
148330,1,1
148380,1,1
148430,1,1
148480,1,1
148500,1,1
148550,1,1
148600,1,1
148650,1,1
148700,1,1
148750,1,1
148770,1,1
148820,1,1
148870,1,1
148920,1,1
148970,1,1
149020,1,1
149040,1,1
149090,1,1
149140,1,1
149190,1,1
149240,1,1
149290,1,1
149310,1,1
149360,1,1
149410,1,1
149460,1,1
149510,1,1
149560,1,1
149580,1,1
149630,1,1
149680,1,1
149730,1,1
149780,1,1
149830,1,1
149850,1,1
149900,1,1
149950,1,1
150000,1,1
150050,1,1
150100,1,1
150120,1,1
150170,1,1
150220,1,1
150270,1,1
150320,1,1
150370,1,1
150390,1,1
150440,1,1
150490,1,1
150540,1,1
150590,1,1
150640,1,1
150660,1,1
150710,1,1
150760,1,1
150810,1,1
150860,1,1
150910,1,1
150930,1,1
150980,1,1
151030,1,1
151080,1,1
151130,1,1
151180,1,1
151200,1,1
151250,1,1
151300,1,1
151350,1,1
151400,1,1
151450,1,1
151470,1,1
151520,1,1
151570,1,1
151620,1,1
151670,1,1
151720,1,1
151740,1,1
151790,1,1
151840,1,1
151890,1,1
151940,1,1
151990,1,1
152010,1,1
152060,1,1
152110,1,1
152160,1,1
152210,1,1
152260,1,1
152280,1,1
152330,1,1
152380,1,1
152430,1,1
152480,1,1
152530,1,1
152550,1,1
152600,1,1
152650,1,1
152700,1,1
152750,1,1
152800,1,1
152820,1,1
152870,1,1
152920,1,1
152970,1,1
153020,1,1
153070,1,1
153090,1,1
153140,1,1
153190,1,1
153240,1,1
153290,1,1
153340,1,1
153360,1,1
153410,1,1
153460,1,1
153510,1,1
153560,1,1
153610,1,1
153630,1,1
153680,1,1
153730,1,1
153780,1,1
153830,1,1
153880,1,1
153900,1,1
153950,1,1
154000,1,1
154050,1,1
154100,1,1
154150,1,1
154170,1,1
154220,1,1
154270,1,1
154320,1,1
154370,1,1
154420,1,1
154440,1,1
154490,1,1
154540,1,1
154590,1,1
154640,1,1
154690,1,1
154710,1,1
154760,1,1
154810,1,1
154860,1,1
154910,1,1
154960,1,1
154980,1,1
155030,1,1
155080,1,1
155130,1,1
155180,1,1
155230,1,1
155250,1,1
155300,1,1
155350,1,1
155400,1,1
155450,1,1
155500,1,1
155520,1,1
155570,1,1
155620,1,1
155670,1,1
155720,1,1
155770,1,1
155790,1,1
155840,1,1
155890,1,1
155940,1,1
155990,1,1
156040,1,1
156060,1,1
156110,1,1
156160,1,1
156210,1,1
156260,1,1
156310,1,1
156330,1,1
156380,1,1
156430,1,1
156480,1,1
156530,1,1
156580,1,1
156600,1,1
156650,1,1
156700,1,1
156750,1,1
156800,1,1
156850,1,1
156870,1,1
156920,1,1
156970,1,1
157020,1,1
157070,1,1
157120,1,1
157140,1,1
157190,1,1
157240,1,1
157290,1,1
157340,1,1
157390,1,1
157410,1,1
157460,1,1
157510,1,1
157560,1,1
157610,1,1
157660,1,1
157680,1,1
157730,1,1
157780,1,1
157830,1,1
157880,1,1
157930,1,1
157950,1,1
158000,1,1
158050,1,1
158100,1,1
158150,1,1
158200,1,1
158220,1,1
158270,1,1
158320,1,1
158370,1,1
158420,1,1
158470,1,1
158490,1,1
158540,1,1
158590,1,1
158640,1,1
158690,1,1
158740,1,1
158760,1,1
158810,1,1
158860,1,1
158910,1,1
158960,1,1
159010,1,1
159030,1,1
159080,1,1
159130,1,1
159180,1,1
159230,1,1
159280,1,1
159300,1,1
159350,1,1
159400,1,1
159450,1,1
159500,1,1
159550,1,1
159570,1,1
159620,1,1
159670,1,1
159720,1,1
159770,1,1
159820,1,1
159840,1,1
159890,1,1
159940,1,1
159990,1,1
160040,1,1
160090,1,1
160110,1,1
160160,1,1
160210,1,1
160260,1,1
160310,1,1
160360,1,1
160380,1,1
160430,1,1
160480,1,1
160530,1,1
160580,1,1
160630,1,1
160650,1,1
160700,1,1
160750,1,1
160800,1,1
160850,1,1
160900,1,1
160920,1,1
160970,1,1
161020,1,1
161070,1,1
161120,1,1
161170,1,1
161190,1,1
161240,1,1
161290,1,1
161340,1,1
161390,1,1
161440,1,1
161460,1,1
161510,1,1
161560,1,1
161610,1,1
161660,1,1
161710,1,1
161730,1,1
161780,1,1
161830,1,1
161880,1,1
161930,1,1
161980,1,1
162000,1,1
162050,1,1
162100,1,1
162150,1,1
162200,1,1
162250,1,1
162270,1,1
162320,1,1
162370,1,1
162420,1,1
162470,1,1
162520,1,1
162540,1,1
162590,1,1
162640,1,1
162690,1,1
162740,1,1
162790,1,1
162810,1,1
162860,1,1
162910,1,1
162960,1,1
163010,1,1
163060,1,1
163080,1,1
163130,1,1
163180,1,1
163230,1,1
163280,1,1
163330,1,1
163350,1,1
163400,1,1
163450,1,1
163500,1,1
163550,1,1
163600,1,1
163620,1,1
163670,1,1
163720,1,1
163770,1,1
163820,1,1
163870,1,1
163890,1,1
163940,1,1
163990,1,1
164040,1,1
164090,1,1
164140,1,1
164160,1,1
164210,1,1
164260,1,1
164310,1,1
164360,1,1
164410,1,1
164430,1,1
164480,1,1
164530,1,1
164580,1,1
164630,1,1
164680,1,1
164700,1,1
164750,1,1
164800,1,1
164850,1,1
164900,1,1
164950,1,1
164970,1,1
165020,1,1
165070,1,1
165120,1,1
165170,1,1
165220,1,1
165240,1,1
165290,1,1
165340,1,1
165390,1,1
165440,1,1
165490,1,1
165510,1,1
165560,1,1
165610,1,1
165660,1,1
165710,1,1
165760,1,1
165780,1,1
165830,1,1
165880,1,1
165930,1,1
165980,1,1
166030,1,1
166050,1,1
166100,1,1
166150,1,1
166200,1,1
166250,1,1
166300,1,1
166320,1,1
166370,1,1
166420,1,1
166470,1,1
166520,1,1
166570,1,1
166590,1,1
166640,1,1
166690,1,1
166740,1,1
166790,1,1
166840,1,1
166860,1,1
166910,1,1
166960,1,1
167010,1,1
167060,1,1
167110,1,1
167130,1,1
167180,1,1
167230,1,1
167280,1,1
167330,1,1
167380,1,1
167400,1,1
167450,1,1
167500,1,1
167550,1,1
167600,1,1
167650,1,1
167670,1,1
167720,1,1
167770,1,1
167820,1,1
167870,1,1
167920,1,1
167940,1,1
167990,1,1
168040,1,1
168090,1,1
168140,1,1
168190,1,1
168210,1,1
168260,1,1
168310,1,1
168360,1,1
168410,1,1
168460,1,1
168480,1,1
168530,1,1
168580,1,1
168630,1,1
168680,1,1
168730,1,1
168750,1,1
168800,1,1
168850,1,1
168900,1,1
168950,1,1
169000,1,1
169020,1,1
169070,1,1
169120,1,1
169170,1,1
169220,1,1
169270,1,1
169290,1,1
169340,1,1
169390,1,1
169440,1,1
169490,1,1
169540,1,1
169560,1,1
169610,1,1
169660,1,1
169710,1,1
169760,1,1
169810,1,1
169830,1,1
169880,1,1
169930,1,1
169980,1,1
170030,1,1
170080,1,1
170100,1,1
170150,1,1
170200,1,1
170250,1,1
170300,1,1
170350,1,1
170370,1,1
170420,1,1
170470,1,1
170520,1,1
170570,1,1
170620,1,1
170640,1,1
170690,1,1
170740,1,1
170790,1,1
170840,1,1
170890,1,1
170910,1,1
170960,1,1
171010,1,1
171060,1,1
171110,1,1
171160,1,1
171180,1,1
171230,1,1
171280,1,1
171330,1,1
171380,1,1
171430,1,1
171450,1,1
171500,1,1
171550,1,1
171600,1,1
171650,1,1
171700,1,1
171720,1,1
171770,1,1
171820,1,1
171870,1,1
171920,1,1
171970,1,1
171990,1,1
172040,1,1
172090,1,1
172140,1,1
172190,1,1
172240,1,1
172260,1,1
172310,1,1
172360,1,1
172410,1,1
172460,1,1
172510,1,1
172530,1,1
172580,1,1
172630,1,1
172680,1,1
172730,1,1
172780,1,1
172800,1,1
172850,1,1
172900,1,1
172950,1,1
173000,1,1
173050,1,1
173070,1,1
173120,1,1
173170,1,1
173220,1,1
173270,1,1
173320,1,1
173340,1,1
173390,1,1
173440,1,1
173490,1,1
173540,1,1
173590,1,1
173610,1,1
173660,1,1
173710,1,1
173760,1,1
173810,1,1
173860,1,1
173880,1,1
173930,1,1
173980,1,1
174030,1,1
174080,1,1
174130,1,1
174150,1,1
174200,1,1
174250,1,1
174300,1,1
174350,1,1
174400,1,1
174420,1,1
174470,1,1
174520,1,1
174570,1,1
174620,1,1
174670,1,1
174690,1,1
174740,1,1
174790,1,1
174840,1,1
174890,1,1
174940,1,1
174960,1,1
175010,1,1
175060,1,1
175110,1,1
175160,1,1
175210,1,1
175230,1,1
175280,1,1
175330,1,1
175380,1,1
175430,1,1
175480,1,1
175500,1,1
175550,1,1
175600,1,1
175650,1,1
175700,1,1
175750,1,1
175770,1,1
175820,1,1
175870,1,1
175920,1,1
175970,1,1
176020,1,1
176040,1,1
176090,1,1
176140,1,1
176190,1,1
176240,1,1
176290,1,1
176310,1,1
176360,1,1
176410,1,1
176460,1,1
176510,1,1
176560,1,1
176580,1,1
176630,1,1
176680,1,1
176730,1,1
176780,1,1
176830,1,1
176850,1,1
176900,1,1
176950,1,1
177000,1,1
177050,1,1
177100,1,1
177120,1,1
177170,1,1
177220,1,1
177270,1,1
177320,1,1
177370,1,1
177390,1,1
177440,1,1
177490,1,1
177540,1,1
177590,1,1
177640,1,1
177660,1,1
177710,1,1
177760,1,1
177810,1,1
177860,1,1
177910,1,1
177930,1,1
177980,1,1
178030,1,1
178080,1,1
178130,1,1
178180,1,1
178200,1,1
178250,1,1
178300,1,1
178350,1,1
178400,1,1
178450,1,1
178470,1,1
178520,1,1
178570,1,1
178620,1,1
178670,1,1
178720,1,1
178740,1,1
178790,1,1
178840,1,1
178890,1,1
178940,1,1
178990,1,1
179010,1,1
179060,1,1
179110,1,1
179160,1,1
179210,1,1
179260,1,1
179280,1,1
179330,1,1
179380,1,1
179430,1,1
179480,1,1
179530,1,1
179550,1,1
179600,1,1
179650,1,1
179700,1,1
179750,1,1
179800,1,1
179820,1,1
179870,1,1
179920,1,1
179970,1,1
180020,1,1
180070,1,1
180090,1,1
180140,1,1
180190,1,1
180240,1,1
180290,1,1
180340,1,1
180360,1,1
180410,1,1
180460,1,1
180510,1,1
180560,1,1
180610,1,1
180630,1,1
180680,1,1
180730,1,1
180780,1,1
180830,1,1
180880,1,1
180900,1,1
180950,1,1
181000,1,1
181050,1,1
181100,1,1
181150,1,1
181170,1,1
181220,1,1
181270,1,1
181320,1,1
181370,1,1
181420,1,1
181440,1,1
181490,1,1
181540,1,1
181590,1,1
181640,1,1
181690,1,1
181710,1,1
181760,1,1
181810,1,1
181860,1,1
181910,1,1
181960,1,1
181980,1,1
182030,1,1
182080,1,1
182130,1,1
182180,1,1
182230,1,1
182250,1,1
182300,1,1
182350,1,1
182400,1,1
182450,1,1
182500,1,1
182520,1,1
182570,1,1
182620,1,1
182670,1,1
182720,1,1
182770,1,1
182790,1,1
182840,1,1
182890,1,1
182940,1,1
182990,1,1
183040,1,1
183060,1,1
183110,1,1
183160,1,1
183210,1,1
183260,1,1
183310,1,1
183330,1,1
183380,1,1
183430,1,1
183480,1,1
183530,1,1
183580,1,1
183600,1,1
183650,1,1
183700,1,1
183750,1,1
183800,1,1
183850,1,1
183870,1,1
183920,1,1
183970,1,1
184020,1,1
184070,1,1
184120,1,1
184140,1,1
184190,1,1
184240,1,1
184290,1,1
184340,1,1
184390,1,1
184410,1,1
184460,1,1
184510,1,1
184560,1,1
184610,1,1
184660,1,1
184680,1,1
184730,1,1
184780,1,1
184830,1,1
184880,1,1
184930,1,1
184950,1,1
185000,1,1
185050,1,1
185100,1,1
185150,1,1
185200,1,1
185220,1,1
185270,1,1
185320,1,1
185370,1,1
185420,1,1
185470,1,1
185490,1,1
185540,1,1
185590,1,1
185640,1,1
185690,1,1
185740,1,1
185760,1,1
185810,1,1
185860,1,1
185910,1,1
185960,1,1
186010,1,1
186030,1,1
186080,1,1
186130,1,1
186180,1,1
186230,1,1
186280,1,1
186300,1,1
186350,1,1
186400,1,1
186450,1,1
186500,1,1
186550,1,1
186570,1,1
186620,1,1
186670,1,1
186720,1,1
186770,1,1
186820,1,1
186840,1,1
186890,1,1
186940,1,1
186990,1,1
187040,1,1
187090,1,1
187110,1,1
187160,1,1
187210,1,1
187260,1,1
187310,1,1
187360,1,1
187380,1,1
187430,1,1
187480,1,1
187530,1,1
187580,1,1
187630,1,1
187650,1,1
187700,1,1
187750,1,1
187800,1,1
187850,1,1
187900,1,1
187920,1,1
187970,1,1
188020,1,1
188070,1,1
188120,1,1
188170,1,1
188190,1,1
188240,1,1
188290,1,1
188340,1,1
188390,1,1
188440,1,1
188460,1,1
188510,1,1
188560,1,1
188610,1,1
188660,1,1
188710,1,1
188730,1,1
188780,1,1
188830,1,1
188880,1,1
188930,1,1
188980,1,1
189000,1,1
189050,1,1
189100,1,1
189150,1,1
189200,1,1
189250,1,1
189270,1,1
189320,1,1
189370,1,1
189420,1,1
189470,1,1
189520,1,1
189540,1,1
189590,1,1
189640,1,1
189690,1,1
189740,1,1
189790,1,1
189810,1,1
189860,1,1
189910,1,1
189960,1,1
190010,1,1
190060,1,1
190080,1,1
190130,1,1
190180,1,1
190230,1,1
190280,1,1
190330,1,1
190350,1,1
190400,1,1
190450,1,1
190500,1,1
190550,1,1
190600,1,1
190620,1,1
190670,1,1
190720,1,1
190770,1,1
190820,1,1
190870,1,1
190890,1,1
190940,1,1
190990,1,1
191040,1,1
191090,1,1
191140,1,1
191160,1,1
191210,1,1
191260,1,1
191310,1,1
191360,1,1
191410,1,1
191430,1,1
191480,1,1
191530,1,1
191580,1,1
191630,1,1
191680,1,1
191700,1,1
191750,1,1
191800,1,1
191850,1,1
191900,1,1
191950,1,1
191970,1,1
192020,1,1
192070,1,1
192120,1,1
192170,1,1
192220,1,1
192240,1,1
192290,1,1
192340,1,1
192390,1,1
192440,1,1
192490,1,1
192510,1,1
192560,1,1
192610,1,1
192660,1,1
192710,1,1
192760,1,1
192780,1,1
192830,1,1
192880,1,1
192930,1,1
192980,1,1
193030,1,1
193050,1,1
193100,1,1
193150,1,1
193200,1,1
193250,1,1
193300,1,1
193320,1,1
193370,1,1
193420,1,1
193470,1,1
193520,1,1
193570,1,1
193590,1,1
193640,1,1
193690,1,1
193740,1,1
193790,1,1
193840,1,1
193860,1,1
193910,1,1
193960,1,1
194010,1,1
194060,1,1
194110,1,1
194130,1,1
194180,1,1
194230,1,1
194280,1,1
194330,1,1
194380,1,1
194400,1,1
194450,1,1
194500,1,1
194550,1,1
194600,1,1
194650,1,1
194670,1,1
194720,1,1
194770,1,1
194820,1,1
194870,1,1
194920,1,1
194940,1,1
194990,1,1
195040,1,1
195090,1,1
195140,1,1
195190,1,1
195210,1,1
195260,1,1
195310,1,1
195360,1,1
195410,1,1
195460,1,1
195480,1,1
195530,1,1
195580,1,1
195630,1,1
195680,1,1
195730,1,1
195750,1,1
195800,1,1
195850,1,1
195900,1,1
195950,1,1
196000,1,1
196020,1,1
196070,1,1
196120,1,1
196170,1,1
196220,1,1
196270,1,1
196290,1,1
196340,1,1
196390,1,1
196440,1,1
196490,1,1
196540,1,1
196560,1,1
196610,1,1
196660,1,1
196710,1,1
196760,1,1
196810,1,1
196830,1,1
196880,1,1
196930,1,1
196980,1,1
197030,1,1
197080,1,1
197100,1,1
197150,1,1
197200,1,1
197250,1,1
197300,1,1
197350,1,1
197370,1,1
197420,1,1
197470,1,1
197520,1,1
197570,1,1
197620,1,1
197640,1,1
197690,1,1
197740,1,1
197790,1,1
197840,1,1
197890,1,1
197910,1,1
197960,1,1
198010,1,1
198060,1,1
198110,1,1
198160,1,1
198180,1,1
198230,1,1
198280,1,1
198330,1,1
198380,1,1
198430,1,1
198450,1,1
198500,1,1
198550,1,1
198600,1,1
198650,1,1
198700,1,1
198720,1,1
198770,1,1
198820,1,1
198870,1,1
198920,1,1
198970,1,1
198990,1,1
199040,1,1
199090,1,1
199140,1,1
199190,1,1
199240,1,1
199260,1,1
199310,1,1
199360,1,1
199410,1,1
199460,1,1
199510,1,1
199530,1,1
199580,1,1
199630,1,1
199680,1,1
199730,1,1
199780,1,1
199800,1,1
199850,1,1
199900,1,1
199950,1,1
200000,1,1
200050,1,1
200070,1,1
200120,1,1
200170,1,1
200220,1,1
200270,1,1
200320,1,1
200340,1,1
200390,1,1
200440,1,1
200490,1,1
200540,1,1
200590,1,1
200610,1,1
200660,1,1
200710,1,1
200760,1,1
200810,1,1
200860,1,1
200880,1,1
200930,1,1
200980,1,1
201030,1,1
201080,1,1
201130,1,1
201150,1,1
201200,1,1
201250,1,1
201300,1,1
201350,1,1
201400,1,1
201420,1,1
201470,1,1
201520,1,1
201570,1,1
201620,1,1
201670,1,1
201690,1,1
201740,1,1
201790,1,1
201840,1,1
201890,1,1
201940,1,1
201960,1,1
202010,1,1
202060,1,1
202110,1,1
202160,1,1
202210,1,1
202230,1,1
202280,1,1
202330,1,1
202380,1,1
202430,1,1
202480,1,1
202500,1,1
202550,1,1
202600,1,1
202650,1,1
202700,1,1
202750,1,1
202770,1,1
202820,1,1
202870,1,1
202920,1,1
202970,1,1
203020,1,1
203040,1,1
203090,1,1
203140,1,1
203190,1,1
203240,1,1
203290,1,1
203310,1,1
203360,1,1
203410,1,1
203460,1,1
203510,1,1
203560,1,1
203580,1,1
203630,1,1
203680,1,1
203730,1,1
203780,1,1
203830,1,1
203850,1,1
203900,1,1
203950,1,1
204000,1,1
204050,1,1
204100,1,1
204120,1,1
204170,1,1
204220,1,1
204270,1,1
204320,1,1
204370,1,1
204390,1,1
204440,1,1
204490,1,1
204540,1,1
204590,1,1
204640,1,1
204660,1,1
204710,1,1
204760,1,1
204810,1,1
204860,1,1
204910,1,1
204930,1,1
204980,1,1
205030,1,1
205080,1,1
205130,1,1
205180,1,1
205200,1,1
205250,1,1
205300,1,1
205350,1,1
205400,1,1
205450,1,1
205470,1,1
205520,1,1
205570,1,1
205620,1,1
205670,1,1
205720,1,1
205740,1,1
205790,1,1
205840,1,1
205890,1,1
205940,1,1
205990,1,1
206010,1,1
206060,1,1
206110,1,1
206160,1,1
206210,1,1
206260,1,1
206280,1,1
206330,1,1
206380,1,1
206430,1,1
206480,1,1
206530,1,1
206550,1,1
206600,1,1
206650,1,1
206700,1,1
206750,1,1
206800,1,1
206820,1,1
206870,1,1
206920,1,1
206970,1,1
207020,1,1
207070,1,1
207090,1,1
207140,1,1
207190,1,1
207240,1,1
207290,1,1
207340,1,1
207360,1,1
207410,1,1
207460,1,1
207510,1,1
207560,1,1
207610,1,1
207630,1,1
207680,1,1
207730,1,1
207780,1,1
207830,1,1
207880,1,1
207900,1,1
207950,1,1
208000,1,1
208050,1,1
208100,1,1
208150,1,1
208170,1,1
208220,1,1
208270,1,1
208320,1,1
208370,1,1
208420,1,1
208440,1,1
208490,1,1
208540,1,1
208590,1,1
208640,1,1
208690,1,1
208710,1,1
208760,1,1
208810,1,1
208860,1,1
208910,1,1
208960,1,1
208980,1,1
209030,1,1
209080,1,1
209130,1,1
209180,1,1
209230,1,1
209250,1,1
209300,1,1
209350,1,1
209400,1,1
209450,1,1
209500,1,1
209520,1,1
209570,1,1
209620,1,1
209670,1,1
209720,1,1
209770,1,1
209790,1,1
209840,1,1
209890,1,1
209940,1,1
209990,1,1
210040,1,1
210060,1,1
210110,1,1
210160,1,1
210210,1,1
210260,1,1
210310,1,1
210330,1,1
210380,1,1
210430,1,1
210480,1,1
210530,1,1
210580,1,1
210600,1,1
210650,1,1
210700,1,1
210750,1,1
210800,1,1
210850,1,1
210870,1,1
210920,1,1
210970,1,1
211020,1,1
211070,1,1
211120,1,1
211140,1,1
211190,1,1
211240,1,1
211290,1,1
211340,1,1
211390,1,1
211410,1,1
211460,1,1
211510,1,1
211560,1,1
211610,1,1
211660,1,1
211680,1,1
211730,1,1
211780,1,1
211830,1,1
211880,1,1
211930,1,1
211950,1,1
212000,1,1
212050,1,1
212100,1,1
212150,1,1
212200,1,1
212220,1,1
212270,1,1
212320,1,1
212370,1,1
212420,1,1
212470,1,1
212490,1,1
212540,1,1
212590,1,1
212640,1,1
212690,1,1
212740,1,1
212760,1,1
212810,1,1
212860,1,1
212910,1,1
212960,1,1
213010,1,1
213030,1,1
213080,1,1
213130,1,1
213180,1,1
213230,1,1
213280,1,1
213300,1,1
213350,1,1
213400,1,1
213450,1,1
213500,1,1
213550,1,1
213570,1,1
213620,1,1
213670,1,1
213720,1,1
213770,1,1
213820,1,1
213840,1,1
213890,1,1
213940,1,1
213990,1,1
214040,1,1
214090,1,1
214110,1,1
214160,1,1
214210,1,1
214260,1,1
214310,1,1
214360,1,1
214380,1,1
214430,1,1
214480,1,1
214530,1,1
214580,1,1
214630,1,1
214650,1,1
214700,1,1
214750,1,1
214800,1,1
214850,1,1
214900,1,1
214920,1,1
214970,1,1
215020,1,1
215070,1,1
215120,1,1
215170,1,1
215190,1,1
215240,1,1
215290,1,1
215340,1,1
215390,1,1
215440,1,1
215460,1,1
215510,1,1
215560,1,1
215610,1,1
215660,1,1
215710,1,1
215730,1,1
215780,1,1
215830,1,1
215880,1,1
215930,1,1
215980,1,1
216000,1,1
216050,1,1
216100,1,1
216150,1,1
216200,1,1
216250,1,1
216270,1,1
216320,1,1
216370,1,1
216420,1,1
216470,1,1
216520,1,1
216540,1,1
216590,1,1
216640,1,1
216690,1,1
216740,1,1
216790,1,1
216810,1,1
216860,1,1
216910,1,1
216960,1,1
217010,1,1
217060,1,1
217080,1,1
217130,1,1
217180,1,1
217230,1,1
217280,1,1
217330,1,1
217350,1,1
217400,1,1
217450,1,1
217500,1,1
217550,1,1
217600,1,1
217620,1,1
217670,1,1
217720,1,1
217770,1,1
217820,1,1
217870,1,1
217890,1,1
217940,1,1
217990,1,1
218040,1,1
218090,1,1
218140,1,1
218160,1,1
218210,1,1
218260,1,1
218310,1,1
218360,1,1
218410,1,1
218430,1,1
218480,1,1
218530,1,1
218580,1,1
218630,1,1
218680,1,1
218700,1,1
218750,1,1
218800,1,1
218850,1,1
218900,1,1
218950,1,1
218970,1,1
219020,1,1
219070,1,1
219120,1,1
219170,1,1
219220,1,1
219240,1,1
219290,1,1
219340,1,1
219390,1,1
219440,1,1
219490,1,1
219510,1,1
219560,1,1
219610,1,1
219660,1,1
219710,1,1
219760,1,1
219780,1,1
219830,1,1
219880,1,1
219930,1,1
219980,1,1
220030,1,1
220050,1,1
220100,1,1
220150,1,1
220200,1,1
220250,1,1
220300,1,1
220320,1,1
220370,1,1
220420,1,1
220470,1,1
220520,1,1
220570,1,1
220590,1,1
220640,1,1
220690,1,1
220740,1,1
220790,1,1
220840,1,1
220860,1,1
220910,1,1
220960,1,1
221010,1,1
221060,1,1
221110,1,1
221130,1,1
221180,1,1
221230,1,1
221280,1,1
221330,1,1
221380,1,1
221400,1,1
221450,1,1
221500,1,1
221550,1,1
221600,1,1
221650,1,1
221670,1,1
221720,1,1
221770,1,1
221820,1,1
221870,1,1
221920,1,1
221940,1,1
221990,1,1
222040,1,1
222090,1,1
222140,1,1
222190,1,1
222210,1,1
222260,1,1
222310,1,1
222360,1,1
222410,1,1
222460,1,1
222480,1,1
222530,1,1
222580,1,1
222630,1,1
222680,1,1
222730,1,1
222750,1,1
222800,1,1
222850,1,1
222900,1,1
222950,1,1
223000,1,1
223020,1,1
223070,1,1
223120,1,1
223170,1,1
223220,1,1
223270,1,1
223290,1,1
223340,1,1
223390,1,1
223440,1,1
223490,1,1
223540,1,1
223560,1,1
223610,1,1
223660,1,1
223710,1,1
223760,1,1
223810,1,1
223830,1,1
223880,1,1
223930,1,1
223980,1,1
224030,1,1
224080,1,1
224100,1,1
224150,1,1
224200,1,1
224250,1,1
224300,1,1
224350,1,1
224370,1,1
224420,1,1
224470,1,1
224520,1,1
224570,1,1
224620,1,1
224640,1,1
224690,1,1
224740,1,1
224790,1,1
224840,1,1
224890,1,1
224910,1,1
224960,1,1
225010,1,1
225060,1,1
225110,1,1
225160,1,1
225180,1,1
225230,1,1
225280,1,1
225330,1,1
225380,1,1
225430,1,1
225450,1,1
225500,1,1
225550,1,1
225600,1,1
225650,1,1
225700,1,1
225720,1,1
225770,1,1
225820,1,1
225870,1,1
225920,1,1
225970,1,1
225990,1,1
226040,1,1
226090,1,1
226140,1,1
226190,1,1
226240,1,1
226260,1,1
226310,1,1
226360,1,1
226410,1,1
226460,1,1
226510,1,1
226530,1,1
226580,1,1
226630,1,1
226680,1,1
226730,1,1
226780,1,1
226800,1,1
226850,1,1
226900,1,1
226950,1,1
227000,1,1
227050,1,1
227070,1,1
227120,1,1
227170,1,1
227220,1,1
227270,1,1
227320,1,1
227340,1,1
227390,1,1
227440,1,1
227490,1,1
227540,1,1
227590,1,1
227610,1,1
227660,1,1
227710,1,1
227760,1,1
227810,1,1
227860,1,1
227880,1,1
227930,1,1
227980,1,1
228030,1,1
228080,1,1
228130,1,1
228150,1,1
228200,1,1
228250,1,1
228300,1,1
228350,1,1
228400,1,1
228420,1,1
228470,1,1
228520,1,1
228570,1,1
228620,1,1
228670,1,1
228690,1,1
228740,1,1
228790,1,1
228840,1,1
228890,1,1
228940,1,1
228960,1,1
229010,1,1
229060,1,1
229110,1,1
229160,1,1
229210,1,1
229230,1,1
229280,1,1
229330,1,1
229380,1,1
229430,1,1
229480,1,1
229500,1,1
229550,1,1
229600,1,1
229650,1,1
229700,1,1
229750,1,1
229770,1,1
229820,1,1
229870,1,1
229920,1,1
229970,1,1
230020,1,1
230040,1,1
230090,1,1
230140,1,1
230190,1,1
230240,1,1
230290,1,1
230310,1,1
230360,1,1
230410,1,1
230460,1,1
230510,1,1
230560,1,1
230580,1,1
230630,1,1
230680,1,1
230730,1,1
230780,1,1
230830,1,1
230850,1,1
230900,1,1
230950,1,1
231000,1,1
231050,1,1
231100,1,1
231120,1,1
231170,1,1
231220,1,1
231270,1,1
231320,1,1
231370,1,1
231390,1,1
231440,1,1
231490,1,1
231540,1,1
231590,1,1
231640,1,1
231660,1,1
231710,1,1
231760,1,1
231810,1,1
231860,1,1
231910,1,1
231930,1,1
231980,1,1
232030,1,1
232080,1,1
232130,1,1
232180,1,1
232200,1,1
232250,1,1
232300,1,1
232350,1,1
232400,1,1
232450,1,1
232470,1,1
232520,1,1
232570,1,1
232620,1,1
232670,1,1
232720,1,1
232740,1,1
232790,1,1
232840,1,1
232890,1,1
232940,1,1
232990,1,1
233010,1,1
233060,1,1
233110,1,1
233160,1,1
233210,1,1
233260,1,1
233280,1,1
233330,1,1
233380,1,1
233430,1,1
233480,1,1
233530,1,1
233550,1,1
233600,1,1
233650,1,1
233700,1,1
233750,1,1
233800,1,1
233820,1,1
233870,1,1
233920,1,1
233970,1,1
234020,1,1
234070,1,1
234090,1,1
234140,1,1
234190,1,1
234240,1,1
234290,1,1
234340,1,1
234360,1,1
234410,1,1
234460,1,1
234510,1,1
234560,1,1
234610,1,1
234630,1,1
234680,1,1
234730,1,1
234780,1,1
234830,1,1
234880,1,1
234900,1,1
234950,1,1
235000,1,1
235050,1,1
235100,1,1
235150,1,1
235170,1,1
235220,1,1
235270,1,1
235320,1,1
235370,1,1
235420,1,1
235440,1,1
235490,1,1
235540,1,1
235590,1,1
235640,1,1
235690,1,1
235710,1,1
235760,1,1
235810,1,1
235860,1,1
235910,1,1
235960,1,1
235980,1,1
236030,1,1
236080,1,1
236130,1,1
236180,1,1
236230,1,1
236250,1,1
236300,1,1
236350,1,1
236400,1,1
236450,1,1
236500,1,1
236520,1,1
236570,1,1
236620,1,1
236670,1,1
236720,1,1
236770,1,1
236790,1,1
236840,1,1
236890,1,1
236940,1,1
236990,1,1
237040,1,1
237060,1,1
237110,1,1
237160,1,1
237210,1,1
237260,1,1
237310,1,1
237330,1,1
237380,1,1
237430,1,1
237480,1,1
237530,1,1
237580,1,1
237600,1,1
237650,1,1
237700,1,1
237750,1,1
237800,1,1
237850,1,1
237870,1,1
237920,1,1
237970,1,1
238020,1,1
238070,1,1
238120,1,1
238140,1,1
238190,1,1
238240,1,1
238290,1,1
238340,1,1
238390,1,1
238410,1,1
238460,1,1
238510,1,1
238560,1,1
238610,1,1
238660,1,1
238680,1,1
238730,1,1
238780,1,1
238830,1,1
238880,1,1
238930,1,1
238950,1,1
239000,1,1
239050,1,1
239100,1,1
239150,1,1
239200,1,1
239220,1,1
239270,1,1
239320,1,1
239370,1,1
239420,1,1
239470,1,1
239490,1,1
239540,1,1
239590,1,1
239640,1,1
239690,1,1
239740,1,1
239760,1,1
239810,1,1
239860,1,1
239910,1,1
239960,1,1
240010,1,1
240030,1,1
240080,1,1
240130,1,1
240180,1,1
240230,1,1
240280,1,1
240300,1,1
240350,1,1
240400,1,1
240450,1,1
240500,1,1
240550,1,1
240570,1,1
240620,1,1
240670,1,1
240720,1,1
240770,1,1
240820,1,1
240840,1,1
240890,1,1
240940,1,1
240990,1,1
241040,1,1
241090,1,1
241110,1,1
241160,1,1
241210,1,1
241260,1,1
241310,1,1
241360,1,1
241380,1,1
241430,1,1
241480,1,1
241530,1,1
241580,1,1
241630,1,1
241650,1,1
241700,1,1
241750,1,1
241800,1,1
241850,1,1
241900,1,1
241920,1,1
241970,1,1
242020,1,1
242070,1,1
242120,1,1
242170,1,1
242190,1,1
242240,1,1
242290,1,1
242340,1,1
242390,1,1
242440,1,1
242460,1,1
242510,1,1
242560,1,1
242610,1,1
242660,1,1
242710,1,1
242730,1,1
242780,1,1
242830,1,1
242880,1,1
242930,1,1
242980,1,1
243000,1,1
243050,1,1
243100,1,1
243150,1,1
243200,1,1
243250,1,1
243270,1,1
243320,1,1
243370,1,1
243420,1,1
243470,1,1
243520,1,1
243540,1,1
243590,1,1
243640,1,1
243690,1,1
243740,1,1
243790,1,1
243810,1,1
243860,1,1
243910,1,1
243960,1,1
244010,1,1
244060,1,1
244080,1,1
244130,1,1
244180,1,1
244230,1,1
244280,1,1
244330,1,1
244350,1,1
244400,1,1
244450,1,1
244500,1,1
244550,1,1
244600,1,1
244620,1,1
244670,1,1
244720,1,1
244770,1,1
244820,1,1
244870,1,1
244890,1,1
244940,1,1
244990,1,1
245040,1,1
245090,1,1
245140,1,1
245160,1,1
245210,1,1
245260,1,1
245310,1,1
245360,1,1
245410,1,1
245430,1,1
245480,1,1
245530,1,1
245580,1,1
245630,1,1
245680,1,1
245700,1,1
245750,1,1
245800,1,1
245850,1,1
245900,1,1
245950,1,1
245970,1,1
246020,1,1
246070,1,1
246120,1,1
246170,1,1
246220,1,1
246240,1,1
246290,1,1
246340,1,1
246390,1,1
246440,1,1
246490,1,1
246510,1,1
246560,1,1
246610,1,1
246660,1,1
246710,1,1
246760,1,1
246780,1,1
246830,1,1
246880,1,1
246930,1,1
246980,1,1
247030,1,1
247050,1,1
247100,1,1
247150,1,1
247200,1,1
247250,1,1
247300,1,1
247320,1,1
247370,1,1
247420,1,1
247470,1,1
247520,1,1
247570,1,1
247590,1,1
247640,1,1
247690,1,1
247740,1,1
247790,1,1
247840,1,1
247860,1,1
247910,1,1
247960,1,1
248010,1,1
248060,1,1
248110,1,1
248130,1,1
248180,1,1
248230,1,1
248280,1,1
248330,1,1
248380,1,1
248400,1,1
248450,1,1
248500,1,1
248550,1,1
248600,1,1
248650,1,1
248670,1,1
248720,1,1
248770,1,1
248820,1,1
248870,1,1
248920,1,1
248940,1,1
248990,1,1
249040,1,1
249090,1,1
249140,1,1
249190,1,1
249210,1,1
249260,1,1
249310,1,1
249360,1,1
249410,1,1
249460,1,1
249480,1,1
249530,1,1
249580,1,1
249630,1,1
249680,1,1
249730,1,1
249750,1,1
249800,1,1
249850,1,1
249900,1,1
249950,1,1
250000,1,1
250020,1,1
250070,1,1
250120,1,1
250170,1,1
250220,1,1
250270,1,1
250290,1,1
250340,1,1
250390,1,1
250440,1,1
250490,1,1
250540,1,1
250560,1,1
250610,1,1
250660,1,1
250710,1,1
250760,1,1
250810,1,1
250830,1,1
250880,1,1
250930,1,1
250980,1,1
251030,1,1
251080,1,1
251100,1,1
251150,1,1
251200,1,1
251250,1,1
251300,1,1
251350,1,1
251370,1,1
251420,1,1
251470,1,1
251520,1,1
251570,1,1
251620,1,1
251640,1,1
251690,1,1
251740,1,1
251790,1,1
251840,1,1
251890,1,1
251910,1,1
251960,1,1
252010,1,1
252060,1,1
252110,1,1
252160,1,1
252180,1,1
252230,1,1
252280,1,1
252330,1,1
252380,1,1
252430,1,1
252450,1,1
252500,1,1
252550,1,1
252600,1,1
252650,1,1
252700,1,1
252720,1,1
252770,1,1
252820,1,1
252870,1,1
252920,1,1
252970,1,1
252990,1,1
253040,1,1
253090,1,1
253140,1,1
253190,1,1
253240,1,1
253260,1,1
253310,1,1
253360,1,1
253410,1,1
253460,1,1
253510,1,1
253530,1,1
253580,1,1
253630,1,1
253680,1,1
253730,1,1
253780,1,1
253800,1,1
253850,1,1
253900,1,1
253950,1,1
254000,1,1
254050,1,1
254070,1,1
254120,1,1
254170,1,1
254220,1,1
254270,1,1
254320,1,1
254340,1,1
254390,1,1
254440,1,1
254490,1,1
254540,1,1
254590,1,1
254610,1,1
254660,1,1
254710,1,1
254760,1,1
254810,1,1
254860,1,1
254880,1,1
254930,1,1
254980,1,1
255030,1,1
255080,1,1
255130,1,1
255150,1,1
255200,1,1
255250,1,1
255300,1,1
255350,1,1
255400,1,1
255420,1,1
255470,1,1
255520,1,1
255570,1,1
255620,1,1
255670,1,1
255690,1,1
255740,1,1
255790,1,1
255840,1,1
255890,1,1
255940,1,1
255960,1,1
256010,1,1
256060,1,1
256110,1,1
256160,1,1
256210,1,1
256230,1,1
256280,1,1
256330,1,1
256380,1,1
256430,1,1
256480,1,1
256500,1,1
256550,1,1
256600,1,1
256650,1,1
256700,1,1
256750,1,1
256770,1,1
256820,1,1
256870,1,1
256920,1,1
256970,1,1
257020,1,1
257040,1,1
257090,1,1
257140,1,1
257190,1,1
257240,1,1
257290,1,1
257310,1,1
257360,1,1
257410,1,1
257460,1,1
257510,1,1
257560,1,1
257580,1,1
257630,1,1
257680,1,1
257730,1,1
257780,1,1
257830,1,1
257850,1,1
257900,1,1
257950,1,1
258000,1,1
258050,1,1
258100,1,1
258120,1,1
258170,1,1
258220,1,1
258270,1,1
258320,1,1
258370,1,1
258390,1,1
258440,1,1
258490,1,1
258540,1,1
258590,1,1
258640,1,1
258660,1,1
258710,1,1
258760,1,1
258810,1,1
258860,1,1
258910,1,1
258930,1,1
258980,1,1
259030,1,1
259080,1,1
259130,1,1
259180,1,1
259200,1,1
259250,1,1
259300,1,1
259350,1,1
259400,1,1
259450,1,1
259470,1,1
259520,1,1
259570,1,1
259620,1,1
259670,1,1
259720,1,1
259740,1,1
259790,1,1
259840,1,1
259890,1,1
259940,1,1
259990,1,1
260010,1,1
260060,1,1
260110,1,1
260160,1,1
260210,1,1
260260,1,1
260280,1,1
260330,1,1
260380,1,1
260430,1,1
260480,1,1
260530,1,1
260550,1,1
260600,1,1
260650,1,1
260700,1,1
260750,1,1
260800,1,1
260820,1,1
260870,1,1
260920,1,1
260970,1,1
261020,1,1
261070,1,1
261090,1,1
261140,1,1
261190,1,1
261240,1,1
261290,1,1
261340,1,1
261360,1,1
261410,1,1
261460,1,1
261510,1,1
261560,1,1
261610,1,1
261630,1,1
261680,1,1
261730,1,1
261780,1,1
261830,1,1
261880,1,1
261900,1,1
261950,1,1
262000,1,1
262050,1,1
262100,1,1
262150,1,1
262170,1,1
262220,1,1
262270,1,1
262320,1,1
262370,1,1
262420,1,1
262440,1,1
262490,1,1
262540,1,1
262590,1,1
262640,1,1
262690,1,1
262710,1,1
262760,1,1
262810,1,1
262860,1,1
262910,1,1
262960,1,1
262980,1,1
263030,1,1
263080,1,1
263130,1,1
263180,1,1
263230,1,1
263250,1,1
263300,1,1
263350,1,1
263400,1,1
263450,1,1
263500,1,1
263520,1,1
263570,1,1
263620,1,1
263670,1,1
263720,1,1
263770,1,1
263790,1,1
263840,1,1
263890,1,1
263940,1,1
263990,1,1
264040,1,1
264060,1,1
264110,1,1
264160,1,1
264210,1,1
264260,1,1
264310,1,1
264330,1,1
264380,1,1
264430,1,1
264480,1,1
264530,1,1
264580,1,1
264600,1,1
264650,1,1
264700,1,1
264750,1,1
264800,1,1
264850,1,1
264870,1,1
264920,1,1
264970,1,1
265020,1,1
265070,1,1
265120,1,1
265140,1,1
265190,1,1
265240,1,1
265290,1,1
265340,1,1
265390,1,1
265410,1,1
265460,1,1
265510,1,1
265560,1,1
265610,1,1
265660,1,1
265680,1,1
265730,1,1
265780,1,1
265830,1,1
265880,1,1
265930,1,1
265950,1,1
266000,1,1
266050,1,1
266100,1,1
266150,1,1
266200,1,1
266220,1,1
266270,1,1
266320,1,1
266370,1,1
266420,1,1
266470,1,1
266490,1,1
266540,1,1
266590,1,1
266640,1,1
266690,1,1
266740,1,1
266760,1,1
266810,1,1
266860,1,1
266910,1,1
266960,1,1
267010,1,1
267030,1,1
267080,1,1
267130,1,1
267180,1,1
267230,1,1
267280,1,1
267300,1,1
267350,1,1
267400,1,1
267450,1,1
267500,1,1
267550,1,1
267570,1,1
267620,1,1
267670,1,1
267720,1,1
267770,1,1
267820,1,1
267840,1,1
267890,1,1
267940,1,1
267990,1,1
268040,1,1
268090,1,1
268110,1,1
268160,1,1
268210,1,1
268260,1,1
268310,1,1
268360,1,1
268380,1,1
268430,1,1
268480,1,1
268530,1,1
268580,1,1
268630,1,1
268650,1,1
268700,1,1
268750,1,1
268800,1,1
268850,1,1
268900,1,1
268920,1,1
268970,1,1
269020,1,1
269070,1,1
269120,1,1
269170,1,1
269190,1,1
269240,1,1
269290,1,1
269340,1,1
269390,1,1
269440,1,1
269460,1,1
269510,1,1
269560,1,1
269610,1,1
269660,1,1
269710,1,1
269730,1,1
269780,1,1
269830,1,1
269880,1,1
269930,1,1
269980,1,1
