~iteration~,alpha,beta,base
0,2,50,0.5
50,2,50,0.5
100,2,50,0.5
150,2,50,0.5
200,2,50,0.5
250,2,50,0.5
270,2,50,0.5
320,2,50,0.5
370,2,50,0.5
420,2,50,0.5
470,2,50,0.5
520,2,50,0.5
540,2,50,0.5
590,2,50,0.5
640,2,50,0.5
690,2,50,0.5
740,2,50,0.5
790,2,50,0.5
810,2,50,0.5
860,2,50,0.5
910,2,50,0.5
960,2,50,0.5
1010,2,50,0.5
1060,2,50,0.5
1080,2,50,0.5
1130,2,50,0.5
1180,2,50,0.5
1230,2,50,0.5
1280,2,50,0.5
1330,2,50,0.5
1350,2,50,0.5
1400,2,50,0.5
1450,2,50,0.5
1500,2,50,0.5
1550,2,50,0.5
1600,2,50,0.5
1620,2,50,0.5
1670,2,50,0.5
1720,2,50,0.5
1770,2,50,0.5
1820,2,50,0.5
1870,2,50,0.5
1890,2,50,0.5
1940,2,50,0.5
1990,2,50,0.5
2040,2,50,0.5
2090,2,50,0.5
2140,2,50,0.5
2160,2,50,0.5
2210,2,50,0.5
2260,2,50,0.5
2310,2,50,0.5
2360,2,50,0.5
2410,2,50,0.5
2430,2,50,0.5
2480,2,50,0.5
2530,2,50,0.5
2580,2,50,0.5
2630,2,50,0.5
2680,2,50,0.5
2700,2,50,0.5
2750,2,50,0.5
2800,2,50,0.5
2850,2,50,0.5
2900,2,50,0.5
2950,2,50,0.5
2970,2,50,0.5
3020,2,50,0.5
3070,2,50,0.5
3120,2,50,0.5
3170,2,50,0.5
3220,2,50,0.5
3240,2,50,0.5
3290,2,50,0.5
3340,2,50,0.5
3390,2,50,0.5
3440,2,50,0.5
3490,2,50,0.5
3510,2,50,0.5
3560,2,50,0.5
3610,2,50,0.5
3660,2,50,0.5
3710,2,50,0.5
3760,2,50,0.5
3780,2,50,0.5
3830,2,50,0.5
3880,2,50,0.5
3930,2,50,0.5
3980,2,50,0.5
4030,2,50,0.5
4050,2,50,0.5
4100,2,50,0.5
4150,2,50,0.5
4200,2,50,0.5
4250,2,50,0.5
4300,2,50,0.5
4320,2,50,0.5
4370,2,50,0.5
4420,2,50,0.5
4470,2,50,0.5
4520,2,50,0.5
4570,2,50,0.5
4590,2,50,0.5
4640,2,50,0.5
4690,2,50,0.5
4740,2,50,0.5
4790,2,50,0.5
4840,2,50,0.5
4860,2,50,0.5
4910,2,50,0.5
4960,2,50,0.5
5010,2,50,0.5
5060,2,50,0.5
5110,2,50,0.5
5130,2,50,0.5
5180,2,50,0.5
5230,2,50,0.5
5280,2,50,0.5
5330,2,50,0.5
5380,2,50,0.5
5400,2,50,0.5
5450,2,50,0.5
5500,2,50,0.5
5550,2,50,0.5
5600,2,50,0.5
5650,2,50,0.5
5670,2,50,0.5
5720,2,50,0.5
5770,2,50,0.5
5820,2,50,0.5
5870,2,50,0.5
5920,2,50,0.5
5940,2,50,0.5
5990,2,50,0.5
6040,2,50,0.5
6090,2,50,0.5
6140,2,50,0.5
6190,2,50,0.5
6210,2,50,0.5
6260,2,50,0.5
6310,2,50,0.5
6360,2,50,0.5
6410,2,50,0.5
6460,2,50,0.5
6480,2,50,0.5
6530,2,50,0.5
6580,2,50,0.5
6630,2,50,0.5
6680,2,50,0.5
6730,2,50,0.5
6750,2,50,0.5
6800,2,50,0.5
6850,2,50,0.5
6900,2,50,0.5
6950,2,50,0.5
7000,2,50,0.5
7020,2,50,0.5
7070,2,50,0.5
7120,2,50,0.5
7170,2,50,0.5
7220,2,50,0.5
7270,2,50,0.5
7290,2,50,0.5
7340,2,50,0.5
7390,2,50,0.5
7440,2,50,0.5
7490,2,50,0.5
7540,2,50,0.5
7560,2,50,0.5
7610,2,50,0.5
7660,2,50,0.5
7710,2,50,0.5
7760,2,50,0.5
7810,2,50,0.5
7830,2,50,0.5
7880,2,50,0.5
7930,2,50,0.5
7980,2,50,0.5
8030,2,50,0.5
8080,2,50,0.5
8100,2,50,0.5
8150,2,50,0.5
8200,2,50,0.5
8250,2,50,0.5
8300,2,50,0.5
8350,2,50,0.5
8370,2,50,0.5
8420,2,50,0.5
8470,2,50,0.5
8520,2,50,0.5
8570,2,50,0.5
8620,2,50,0.5
8640,2,50,0.5
8690,2,50,0.5
8740,2,50,0.5
8790,2,50,0.5
8840,2,50,0.5
8890,2,50,0.5
8910,2,50,0.5
8960,2,50,0.5
9010,2,50,0.5
9060,2,50,0.5
9110,2,50,0.5
9160,2,50,0.5
9180,2,50,0.5
9230,2,50,0.5
9280,2,50,0.5
9330,2,50,0.5
9380,2,50,0.5
9430,2,50,0.5
9450,2,50,0.5
9500,2,50,0.5
9550,2,50,0.5
9600,2,50,0.5
9650,2,50,0.5
9700,2,50,0.5
9720,2,50,0.5
9770,2,50,0.5
9820,2,50,0.5
9870,2,50,0.5
9920,2,50,0.5
9970,2,50,0.5
9990,2,50,0.5
10040,2,50,0.5
10090,2,50,0.5
10140,2,50,0.5
10190,2,50,0.5
10240,2,50,0.5
10260,2,50,0.5
10310,2,50,0.5
10360,2,50,0.5
10410,2,50,0.5
10460,2,50,0.5
10510,2,50,0.5
10530,2,50,0.5
10580,2,50,0.5
10630,2,50,0.5
10680,2,50,0.5
10730,2,50,0.5
10780,2,50,0.5
10800,2,50,0.5
10850,2,50,0.5
10900,2,50,0.5
10950,2,50,0.5
11000,2,50,0.5
11050,2,50,0.5
11070,2,50,0.5
11120,2,50,0.5
11170,2,50,0.5
11220,2,50,0.5
11270,2,50,0.5
11320,2,50,0.5
11340,2,50,0.5
11390,2,50,0.5
11440,2,50,0.5
11490,2,50,0.5
11540,2,50,0.5
11590,2,50,0.5
11610,2,50,0.5
11660,2,50,0.5
11710,2,50,0.5
11760,2,50,0.5
11810,2,50,0.5
11860,2,50,0.5
11880,2,50,0.5
11930,2,50,0.5
11980,2,50,0.5
12030,2,50,0.5
12080,2,50,0.5
12130,2,50,0.5
12150,2,50,0.5
12200,2,50,0.5
12250,2,50,0.5
12300,2,50,0.5
12350,2,50,0.5
12400,2,50,0.5
12420,2,50,0.5
12470,2,50,0.5
12520,2,50,0.5
12570,2,50,0.5
12620,2,50,0.5
12670,2,50,0.5
12690,2,50,0.5
12740,2,50,0.5
12790,2,50,0.5
12840,2,50,0.5
12890,2,50,0.5
12940,2,50,0.5
12960,2,50,0.5
13010,2,50,0.5
13060,2,50,0.5
13110,2,50,0.5
13160,2,50,0.5
13210,2,50,0.5
13230,2,50,0.5
13280,2,50,0.5
13330,2,50,0.5
13380,2,50,0.5
13430,2,50,0.5
13480,2,50,0.5
13500,2,50,0.5
13550,2,50,0.5
13600,2,50,0.5
13650,2,50,0.5
13700,2,50,0.5
13750,2,50,0.5
13770,2,50,0.5
13820,2,50,0.5
13870,2,50,0.5
13920,2,50,0.5
13970,2,50,0.5
14020,2,50,0.5
14040,2,50,0.5
14090,2,50,0.5
14140,2,50,0.5
14190,2,50,0.5
14240,2,50,0.5
14290,2,50,0.5
14310,2,50,0.5
14360,2,50,0.5
14410,2,50,0.5
14460,2,50,0.5
14510,2,50,0.5
14560,2,50,0.5
14580,2,50,0.5
14630,2,50,0.5
14680,2,50,0.5
14730,2,50,0.5
14780,2,50,0.5
14830,2,50,0.5
14850,2,50,0.5
14900,2,50,0.5
14950,2,50,0.5
15000,2,50,0.5
15050,2,50,0.5
15100,2,50,0.5
15120,2,50,0.5
15170,2,50,0.5
15220,2,50,0.5
15270,2,50,0.5
15320,2,50,0.5
15370,2,50,0.5
15390,2,50,0.5
15440,2,50,0.5
15490,2,50,0.5
15540,2,50,0.5
15590,2,50,0.5
15640,2,50,0.5
15660,2,50,0.5
15710,2,50,0.5
15760,2,50,0.5
15810,2,50,0.5
15860,2,50,0.5
15910,2,50,0.5
15930,2,50,0.5
15980,2,50,0.5
16030,2,50,0.5
16080,2,50,0.5
16130,2,50,0.5
16180,2,50,0.5
16200,2,50,0.5
16250,2,50,0.5
16300,2,50,0.5
16350,2,50,0.5
16400,2,50,0.5
16450,2,50,0.5
16470,2,50,0.5
16520,2,50,0.5
16570,2,50,0.5
16620,2,50,0.5
16670,2,50,0.5
16720,2,50,0.5
16740,2,50,0.5
16790,2,50,0.5
16840,2,50,0.5
16890,2,50,0.5
16940,2,50,0.5
16990,2,50,0.5
17010,2,50,0.5
17060,2,50,0.5
17110,2,50,0.5
17160,2,50,0.5
17210,2,50,0.5
17260,2,50,0.5
17280,2,50,0.5
17330,2,50,0.5
17380,2,50,0.5
17430,2,50,0.5
17480,2,50,0.5
17530,2,50,0.5
17550,2,50,0.5
17600,2,50,0.5
17650,2,50,0.5
17700,2,50,0.5
17750,2,50,0.5
17800,2,50,0.5
17820,2,50,0.5
17870,2,50,0.5
17920,2,50,0.5
17970,2,50,0.5
18020,2,50,0.5
18070,2,50,0.5
18090,2,50,0.5
18140,2,50,0.5
18190,2,50,0.5
18240,2,50,0.5
18290,2,50,0.5
18340,2,50,0.5
18360,2,50,0.5
18410,2,50,0.5
18460,2,50,0.5
18510,2,50,0.5
18560,2,50,0.5
18610,2,50,0.5
18630,2,50,0.5
18680,2,50,0.5
18730,2,50,0.5
18780,2,50,0.5
18830,2,50,0.5
18880,2,50,0.5
18900,2,50,0.5
18950,2,50,0.5
19000,2,50,0.5
19050,2,50,0.5
19100,2,50,0.5
19150,2,50,0.5
19170,2,50,0.5
19220,2,50,0.5
19270,2,50,0.5
19320,2,50,0.5
19370,2,50,0.5
19420,2,50,0.5
19440,2,50,0.5
19490,2,50,0.5
19540,2,50,0.5
19590,2,50,0.5
19640,2,50,0.5
19690,2,50,0.5
19710,2,50,0.5
19760,2,50,0.5
19810,2,50,0.5
19860,2,50,0.5
19910,2,50,0.5
19960,2,50,0.5
19980,2,50,0.5
20030,2,50,0.5
20080,2,50,0.5
20130,2,50,0.5
20180,2,50,0.5
20230,2,50,0.5
20250,2,50,0.5
20300,2,50,0.5
20350,2,50,0.5
20400,2,50,0.5
20450,2,50,0.5
20500,2,50,0.5
20520,2,50,0.5
20570,2,50,0.5
20620,2,50,0.5
20670,2,50,0.5
20720,2,50,0.5
20770,2,50,0.5
20790,2,50,0.5
20840,2,50,0.5
20890,2,50,0.5
20940,2,50,0.5
20990,2,50,0.5
21040,2,50,0.5
21060,2,50,0.5
21110,2,50,0.5
21160,2,50,0.5
21210,2,50,0.5
21260,2,50,0.5
21310,2,50,0.5
21330,2,50,0.5
21380,2,50,0.5
21430,2,50,0.5
21480,2,50,0.5
21530,2,50,0.5
21580,2,50,0.5
21600,2,50,0.5
21650,2,50,0.5
21700,2,50,0.5
21750,2,50,0.5
21800,2,50,0.5
21850,2,50,0.5
21870,2,50,0.5
21920,2,50,0.5
21970,2,50,0.5
22020,2,50,0.5
22070,2,50,0.5
22120,2,50,0.5
22140,2,50,0.5
22190,2,50,0.5
22240,2,50,0.5
22290,2,50,0.5
22340,2,50,0.5
22390,2,50,0.5
22410,2,50,0.5
22460,2,50,0.5
22510,2,50,0.5
22560,2,50,0.5
22610,2,50,0.5
22660,2,50,0.5
22680,2,50,0.5
22730,2,50,0.5
22780,2,50,0.5
22830,2,50,0.5
22880,2,50,0.5
22930,2,50,0.5
22950,2,50,0.5
23000,2,50,0.5
23050,2,50,0.5
23100,2,50,0.5
23150,2,50,0.5
23200,2,50,0.5
23220,2,50,0.5
23270,2,50,0.5
23320,2,50,0.5
23370,2,50,0.5
23420,2,50,0.5
23470,2,50,0.5
23490,2,50,0.5
23540,2,50,0.5
23590,2,50,0.5
23640,2,50,0.5
23690,2,50,0.5
23740,2,50,0.5
23760,2,50,0.5
23810,2,50,0.5
23860,2,50,0.5
23910,2,50,0.5
23960,2,50,0.5
24010,2,50,0.5
24030,2,50,0.5
24080,2,50,0.5
24130,2,50,0.5
24180,2,50,0.5
24230,2,50,0.5
24280,2,50,0.5
24300,2,50,0.5
24350,2,50,0.5
24400,2,50,0.5
24450,2,50,0.5
24500,2,50,0.5
24550,2,50,0.5
24570,2,50,0.5
24620,2,50,0.5
24670,2,50,0.5
24720,2,50,0.5
24770,2,50,0.5
24820,2,50,0.5
24840,2,50,0.5
24890,2,50,0.5
24940,2,50,0.5
24990,2,50,0.5
25040,2,50,0.5
25090,2,50,0.5
25110,2,50,0.5
25160,2,50,0.5
25210,2,50,0.5
25260,2,50,0.5
25310,2,50,0.5
25360,2,50,0.5
25380,2,50,0.5
25430,2,50,0.5
25480,2,50,0.5
25530,2,50,0.5
25580,2,50,0.5
25630,2,50,0.5
25650,2,50,0.5
25700,2,50,0.5
25750,2,50,0.5
25800,2,50,0.5
25850,2,50,0.5
25900,2,50,0.5
25920,2,50,0.5
25970,2,50,0.5
26020,2,50,0.5
26070,2,50,0.5
26120,2,50,0.5
26170,2,50,0.5
26190,2,50,0.5
26240,2,50,0.5
26290,2,50,0.5
26340,2,50,0.5
26390,2,50,0.5
26440,2,50,0.5
26460,2,50,0.5
26510,2,50,0.5
26560,2,50,0.5
26610,2,50,0.5
26660,2,50,0.5
26710,2,50,0.5
26730,2,50,0.5
26780,2,50,0.5
26830,2,50,0.5
26880,2,50,0.5
26930,2,50,0.5
26980,2,50,0.5
27000,2,50,0.5
27050,2,50,0.5
27100,2,50,0.5
27150,2,50,0.5
27200,2,50,0.5
27250,2,50,0.5
27270,2,50,0.5
27320,2,50,0.5
27370,2,50,0.5
27420,2,50,0.5
27470,2,50,0.5
27520,2,50,0.5
27540,2,50,0.5
27590,2,50,0.5
27640,2,50,0.5
27690,2,50,0.5
27740,2,50,0.5
27790,2,50,0.5
27810,2,50,0.5
27860,2,50,0.5
27910,2,50,0.5
27960,2,50,0.5
28010,2,50,0.5
28060,2,50,0.5
28080,2,50,0.5
28130,2,50,0.5
28180,2,50,0.5
28230,2,50,0.5
28280,2,50,0.5
28330,2,50,0.5
28350,2,50,0.5
28400,2,50,0.5
28450,2,50,0.5
28500,2,50,0.5
28550,2,50,0.5
28600,2,50,0.5
28620,2,50,0.5
28670,2,50,0.5
28720,2,50,0.5
28770,2,50,0.5
28820,2,50,0.5
28870,2,50,0.5
28890,2,50,0.5
28940,2,50,0.5
28990,2,50,0.5
29040,2,50,0.5
29090,2,50,0.5
29140,2,50,0.5
29160,2,50,0.5
29210,2,50,0.5
29260,2,50,0.5
29310,2,50,0.5
29360,2,50,0.5
29410,2,50,0.5
29430,2,50,0.5
29480,2,50,0.5
29530,2,50,0.5
29580,2,50,0.5
29630,2,50,0.5
29680,2,50,0.5
29700,2,50,0.5
29750,2,50,0.5
29800,2,50,0.5
29850,2,50,0.5
29900,2,50,0.5
29950,2,50,0.5
29970,2,50,0.5
30020,2,50,0.5
30070,2,50,0.5
30120,2,50,0.5
30170,2,50,0.5
30220,2,50,0.5
30240,2,50,0.5
30290,2,50,0.5
30340,2,50,0.5
30390,2,50,0.5
30440,2,50,0.5
30490,2,50,0.5
30510,2,50,0.5
30560,2,50,0.5
30610,2,50,0.5
30660,2,50,0.5
30710,2,50,0.5
30760,2,50,0.5
30780,2,50,0.5
30830,2,50,0.5
30880,2,50,0.5
30930,2,50,0.5
30980,2,50,0.5
31030,2,50,0.5
31050,2,50,0.5
31100,2,50,0.5
31150,2,50,0.5
31200,2,50,0.5
31250,2,50,0.5
31300,2,50,0.5
31320,2,50,0.5
31370,2,50,0.5
31420,2,50,0.5
31470,2,50,0.5
31520,2,50,0.5
31570,2,50,0.5
31590,2,50,0.5
31640,2,50,0.5
31690,2,50,0.5
31740,2,50,0.5
31790,2,50,0.5
31840,2,50,0.5
31860,2,50,0.5
31910,2,50,0.5
31960,2,50,0.5
32010,2,50,0.5
32060,2,50,0.5
32110,2,50,0.5
32130,2,50,0.5
32180,2,50,0.5
32230,2,50,0.5
32280,2,50,0.5
32330,2,50,0.5
32380,2,50,0.5
32400,2,50,0.5
32450,2,50,0.5
32500,2,50,0.5
32550,2,50,0.5
32600,2,50,0.5
32650,2,50,0.5
32670,2,50,0.5
32720,2,50,0.5
32770,2,50,0.5
32820,2,50,0.5
32870,2,50,0.5
32920,2,50,0.5
32940,2,50,0.5
32990,2,50,0.5
33040,2,50,0.5
33090,2,50,0.5
33140,2,50,0.5
33190,2,50,0.5
33210,2,50,0.5
33260,2,50,0.5
33310,2,50,0.5
33360,2,50,0.5
33410,2,50,0.5
33460,2,50,0.5
33480,2,50,0.5
33530,2,50,0.5
33580,2,50,0.5
33630,2,50,0.5
33680,2,50,0.5
33730,2,50,0.5
33750,2,50,0.5
33800,2,50,0.5
33850,2,50,0.5
33900,2,50,0.5
33950,2,50,0.5
34000,2,50,0.5
34020,2,50,0.5
34070,2,50,0.5
34120,2,50,0.5
34170,2,50,0.5
34220,2,50,0.5
34270,2,50,0.5
34290,2,50,0.5
34340,2,50,0.5
34390,2,50,0.5
34440,2,50,0.5
34490,2,50,0.5
34540,2,50,0.5
34560,2,50,0.5
34610,2,50,0.5
34660,2,50,0.5
34710,2,50,0.5
34760,2,50,0.5
34810,2,50,0.5
34830,2,50,0.5
34880,2,50,0.5
34930,2,50,0.5
34980,2,50,0.5
35030,2,50,0.5
35080,2,50,0.5
35100,2,50,0.5
35150,2,50,0.5
35200,2,50,0.5
35250,2,50,0.5
35300,2,50,0.5
35350,2,50,0.5
35370,2,50,0.5
35420,2,50,0.5
35470,2,50,0.5
35520,2,50,0.5
35570,2,50,0.5
35620,2,50,0.5
35640,2,50,0.5
35690,2,50,0.5
35740,2,50,0.5
35790,2,50,0.5
35840,2,50,0.5
35890,2,50,0.5
35910,2,50,0.5
35960,2,50,0.5
36010,2,50,0.5
36060,2,50,0.5
36110,2,50,0.5
36160,2,50,0.5
36180,2,50,0.5
36230,2,50,0.5
36280,2,50,0.5
36330,2,50,0.5
36380,2,50,0.5
36430,2,50,0.5
36450,2,50,0.5
36500,2,50,0.5
36550,2,50,0.5
36600,2,50,0.5
36650,2,50,0.5
36700,2,50,0.5
36720,2,50,0.5
36770,2,50,0.5
36820,2,50,0.5
36870,2,50,0.5
36920,2,50,0.5
36970,2,50,0.5
36990,2,50,0.5
37040,2,50,0.5
37090,2,50,0.5
37140,2,50,0.5
37190,2,50,0.5
37240,2,50,0.5
37260,2,50,0.5
37310,2,50,0.5
37360,2,50,0.5
37410,2,50,0.5
37460,2,50,0.5
37510,2,50,0.5
37530,2,50,0.5
37580,2,50,0.5
37630,2,50,0.5
37680,2,50,0.5
37730,2,50,0.5
37780,2,50,0.5
37800,2,50,0.5
37850,2,50,0.5
37900,2,50,0.5
37950,2,50,0.5
38000,2,50,0.5
38050,2,50,0.5
38070,2,50,0.5
38120,2,50,0.5
38170,2,50,0.5
38220,2,50,0.5
38270,2,50,0.5
38320,2,50,0.5
38340,2,50,0.5
38390,2,50,0.5
38440,2,50,0.5
38490,2,50,0.5
38540,2,50,0.5
38590,2,50,0.5
38610,2,50,0.5
38660,2,50,0.5
38710,2,50,0.5
38760,2,50,0.5
38810,2,50,0.5
38860,2,50,0.5
38880,2,50,0.5
38930,2,50,0.5
38980,2,50,0.5
39030,2,50,0.5
39080,2,50,0.5
39130,2,50,0.5
39150,2,50,0.5
39200,2,50,0.5
39250,2,50,0.5
39300,2,50,0.5
39350,2,50,0.5
39400,2,50,0.5
39420,2,50,0.5
39470,2,50,0.5
39520,2,50,0.5
39570,2,50,0.5
39620,2,50,0.5
39670,2,50,0.5
39690,2,50,0.5
39740,2,50,0.5
39790,2,50,0.5
39840,2,50,0.5
39890,2,50,0.5
39940,2,50,0.5
39960,2,50,0.5
40010,2,50,0.5
40060,2,50,0.5
40110,2,50,0.5
40160,2,50,0.5
40210,2,50,0.5
40230,2,50,0.5
40280,2,50,0.5
40330,2,50,0.5
40380,2,50,0.5
40430,2,50,0.5
40480,2,50,0.5
40500,2,50,0.5
40550,2,50,0.5
40600,2,50,0.5
40650,2,50,0.5
40700,2,50,0.5
40750,2,50,0.5
40770,2,50,0.5
40820,2,50,0.5
40870,2,50,0.5
40920,2,50,0.5
40970,2,50,0.5
41020,2,50,0.5
41040,2,50,0.5
41090,2,50,0.5
41140,2,50,0.5
41190,2,50,0.5
41240,2,50,0.5
41290,2,50,0.5
41310,2,50,0.5
41360,2,50,0.5
41410,2,50,0.5
41460,2,50,0.5
41510,2,50,0.5
41560,2,50,0.5
41580,2,50,0.5
41630,2,50,0.5
41680,2,50,0.5
41730,2,50,0.5
41780,2,50,0.5
41830,2,50,0.5
41850,2,50,0.5
41900,2,50,0.5
41950,2,50,0.5
42000,2,50,0.5
42050,2,50,0.5
42100,2,50,0.5
42120,2,50,0.5
42170,2,50,0.5
42220,2,50,0.5
42270,2,50,0.5
42320,2,50,0.5
42370,2,50,0.5
42390,2,50,0.5
42440,2,50,0.5
42490,2,50,0.5
42540,2,50,0.5
42590,2,50,0.5
42640,2,50,0.5
42660,2,50,0.5
42710,2,50,0.5
42760,2,50,0.5
42810,2,50,0.5
42860,2,50,0.5
42910,2,50,0.5
42930,2,50,0.5
42980,2,50,0.5
43030,2,50,0.5
43080,2,50,0.5
43130,2,50,0.5
43180,2,50,0.5
43200,2,50,0.5
43250,2,50,0.5
43300,2,50,0.5
43350,2,50,0.5
43400,2,50,0.5
43450,2,50,0.5
43470,2,50,0.5
43520,2,50,0.5
43570,2,50,0.5
43620,2,50,0.5
43670,2,50,0.5
43720,2,50,0.5
43740,2,50,0.5
43790,2,50,0.5
43840,2,50,0.5
43890,2,50,0.5
43940,2,50,0.5
43990,2,50,0.5
44010,2,50,0.5
44060,2,50,0.5
44110,2,50,0.5
44160,2,50,0.5
44210,2,50,0.5
44260,2,50,0.5
44280,2,50,0.5
44330,2,50,0.5
44380,2,50,0.5
44430,2,50,0.5
44480,2,50,0.5
44530,2,50,0.5
44550,2,50,0.5
44600,2,50,0.5
44650,2,50,0.5
44700,2,50,0.5
44750,2,50,0.5
44800,2,50,0.5
44820,2,50,0.5
44870,2,50,0.5
44920,2,50,0.5
44970,2,50,0.5
45020,2,50,0.5
45070,2,50,0.5
45090,2,50,0.5
45140,2,50,0.5
45190,2,50,0.5
45240,2,50,0.5
45290,2,50,0.5
45340,2,50,0.5
45360,2,50,0.5
45410,2,50,0.5
45460,2,50,0.5
45510,2,50,0.5
45560,2,50,0.5
45610,2,50,0.5
45630,2,50,0.5
45680,2,50,0.5
45730,2,50,0.5
45780,2,50,0.5
45830,2,50,0.5
45880,2,50,0.5
45900,2,50,0.5
45950,2,50,0.5
46000,2,50,0.5
46050,2,50,0.5
46100,2,50,0.5
46150,2,50,0.5
46170,2,50,0.5
46220,2,50,0.5
46270,2,50,0.5
46320,2,50,0.5
46370,2,50,0.5
46420,2,50,0.5
46440,2,50,0.5
46490,2,50,0.5
46540,2,50,0.5
46590,2,50,0.5
46640,2,50,0.5
46690,2,50,0.5
46710,2,50,0.5
46760,2,50,0.5
46810,2,50,0.5
46860,2,50,0.5
46910,2,50,0.5
46960,2,50,0.5
46980,2,50,0.5
47030,2,50,0.5
47080,2,50,0.5
47130,2,50,0.5
47180,2,50,0.5
47230,2,50,0.5
47250,2,50,0.5
47300,2,50,0.5
47350,2,50,0.5
47400,2,50,0.5
47450,2,50,0.5
47500,2,50,0.5
47520,2,50,0.5
47570,2,50,0.5
47620,2,50,0.5
47670,2,50,0.5
47720,2,50,0.5
47770,2,50,0.5
47790,2,50,0.5
47840,2,50,0.5
47890,2,50,0.5
47940,2,50,0.5
47990,2,50,0.5
48040,2,50,0.5
48060,2,50,0.5
48110,2,50,0.5
48160,2,50,0.5
48210,2,50,0.5
48260,2,50,0.5
48310,2,50,0.5
48330,2,50,0.5
48380,2,50,0.5
48430,2,50,0.5
48480,2,50,0.5
48530,2,50,0.5
48580,2,50,0.5
48600,2,50,0.5
48650,2,50,0.5
48700,2,50,0.5
48750,2,50,0.5
48800,2,50,0.5
48850,2,50,0.5
48870,2,50,0.5
48920,2,50,0.5
48970,2,50,0.5
49020,2,50,0.5
49070,2,50,0.5
49120,2,50,0.5
49140,2,50,0.5
49190,2,50,0.5
49240,2,50,0.5
49290,2,50,0.5
49340,2,50,0.5
49390,2,50,0.5
49410,2,50,0.5
49460,2,50,0.5
49510,2,50,0.5
49560,2,50,0.5
49610,2,50,0.5
49660,2,50,0.5
49680,2,50,0.5
49730,2,50,0.5
49780,2,50,0.5
49830,2,50,0.5
49880,2,50,0.5
49930,2,50,0.5
49950,2,50,0.5
50000,2,50,0.5
50050,2,50,0.5
50100,2,50,0.5
50150,2,50,0.5
50200,2,50,0.5
50220,2,50,0.5
50270,2,50,0.5
50320,2,50,0.5
50370,2,50,0.5
50420,2,50,0.5
50470,2,50,0.5
50490,2,50,0.5
50540,2,50,0.5
50590,2,50,0.5
50640,2,50,0.5
50690,2,50,0.5
50740,2,50,0.5
50760,2,50,0.5
50810,2,50,0.5
50860,2,50,0.5
50910,2,50,0.5
50960,2,50,0.5
51010,2,50,0.5
51030,2,50,0.5
51080,2,50,0.5
51130,2,50,0.5
51180,2,50,0.5
51230,2,50,0.5
51280,2,50,0.5
51300,2,50,0.5
51350,2,50,0.5
51400,2,50,0.5
51450,2,50,0.5
51500,2,50,0.5
51550,2,50,0.5
51570,2,50,0.5
51620,2,50,0.5
51670,2,50,0.5
51720,2,50,0.5
51770,2,50,0.5
51820,2,50,0.5
51840,2,50,0.5
51890,2,50,0.5
51940,2,50,0.5
51990,2,50,0.5
52040,2,50,0.5
52090,2,50,0.5
52110,2,50,0.5
52160,2,50,0.5
52210,2,50,0.5
52260,2,50,0.5
52310,2,50,0.5
52360,2,50,0.5
52380,2,50,0.5
52430,2,50,0.5
52480,2,50,0.5
52530,2,50,0.5
52580,2,50,0.5
52630,2,50,0.5
52650,2,50,0.5
52700,2,50,0.5
52750,2,50,0.5
52800,2,50,0.5
52850,2,50,0.5
52900,2,50,0.5
52920,2,50,0.5
52970,2,50,0.5
53020,2,50,0.5
53070,2,50,0.5
53120,2,50,0.5
53170,2,50,0.5
53190,2,50,0.5
53240,2,50,0.5
53290,2,50,0.5
53340,2,50,0.5
53390,2,50,0.5
53440,2,50,0.5
53460,2,50,0.5
53510,2,50,0.5
53560,2,50,0.5
53610,2,50,0.5
53660,2,50,0.5
53710,2,50,0.5
53730,2,50,0.5
53780,2,50,0.5
53830,2,50,0.5
53880,2,50,0.5
53930,2,50,0.5
53980,2,50,0.5
54000,2,50,0.5
54050,2,50,0.5
54100,2,50,0.5
54150,2,50,0.5
54200,2,50,0.5
54250,2,50,0.5
54270,2,50,0.5
54320,2,50,0.5
54370,2,50,0.5
54420,2,50,0.5
54470,2,50,0.5
54520,2,50,0.5
54540,2,50,0.5
54590,2,50,0.5
54640,2,50,0.5
54690,2,50,0.5
54740,2,50,0.5
54790,2,50,0.5
54810,2,50,0.5
54860,2,50,0.5
54910,2,50,0.5
54960,2,50,0.5
55010,2,50,0.5
55060,2,50,0.5
55080,2,50,0.5
55130,2,50,0.5
55180,2,50,0.5
55230,2,50,0.5
55280,2,50,0.5
55330,2,50,0.5
55350,2,50,0.5
55400,2,50,0.5
55450,2,50,0.5
55500,2,50,0.5
55550,2,50,0.5
55600,2,50,0.5
55620,2,50,0.5
55670,2,50,0.5
55720,2,50,0.5
55770,2,50,0.5
55820,2,50,0.5
55870,2,50,0.5
55890,2,50,0.5
55940,2,50,0.5
55990,2,50,0.5
56040,2,50,0.5
56090,2,50,0.5
56140,2,50,0.5
56160,2,50,0.5
56210,2,50,0.5
56260,2,50,0.5
56310,2,50,0.5
56360,2,50,0.5
56410,2,50,0.5
56430,2,50,0.5
56480,2,50,0.5
56530,2,50,0.5
56580,2,50,0.5
56630,2,50,0.5
56680,2,50,0.5
56700,2,50,0.5
56750,2,50,0.5
56800,2,50,0.5
56850,2,50,0.5
56900,2,50,0.5
56950,2,50,0.5
56970,2,50,0.5
57020,2,50,0.5
57070,2,50,0.5
57120,2,50,0.5
57170,2,50,0.5
57220,2,50,0.5
57240,2,50,0.5
57290,2,50,0.5
57340,2,50,0.5
57390,2,50,0.5
57440,2,50,0.5
57490,2,50,0.5
57510,2,50,0.5
57560,2,50,0.5
57610,2,50,0.5
57660,2,50,0.5
57710,2,50,0.5
57760,2,50,0.5
57780,2,50,0.5
57830,2,50,0.5
57880,2,50,0.5
57930,2,50,0.5
57980,2,50,0.5
58030,2,50,0.5
58050,2,50,0.5
58100,2,50,0.5
58150,2,50,0.5
58200,2,50,0.5
58250,2,50,0.5
58300,2,50,0.5
58320,2,50,0.5
58370,2,50,0.5
58420,2,50,0.5
58470,2,50,0.5
58520,2,50,0.5
58570,2,50,0.5
58590,2,50,0.5
58640,2,50,0.5
58690,2,50,0.5
58740,2,50,0.5
58790,2,50,0.5
58840,2,50,0.5
58860,2,50,0.5
58910,2,50,0.5
58960,2,50,0.5
59010,2,50,0.5
59060,2,50,0.5
59110,2,50,0.5
59130,2,50,0.5
59180,2,50,0.5
59230,2,50,0.5
59280,2,50,0.5
59330,2,50,0.5
59380,2,50,0.5
59400,2,50,0.5
59450,2,50,0.5
59500,2,50,0.5
59550,2,50,0.5
59600,2,50,0.5
59650,2,50,0.5
59670,2,50,0.5
59720,2,50,0.5
59770,2,50,0.5
59820,2,50,0.5
59870,2,50,0.5
59920,2,50,0.5
59940,2,50,0.5
59990,2,50,0.5
60040,2,50,0.5
60090,2,50,0.5
60140,2,50,0.5
60190,2,50,0.5
60210,2,50,0.5
60260,2,50,0.5
60310,2,50,0.5
60360,2,50,0.5
60410,2,50,0.5
60460,2,50,0.5
60480,2,50,0.5
60530,2,50,0.5
60580,2,50,0.5
60630,2,50,0.5
60680,2,50,0.5
60730,2,50,0.5
60750,2,50,0.5
60800,2,50,0.5
60850,2,50,0.5
60900,2,50,0.5
60950,2,50,0.5
61000,2,50,0.5
61020,2,50,0.5
61070,2,50,0.5
61120,2,50,0.5
61170,2,50,0.5
61220,2,50,0.5
61270,2,50,0.5
61290,2,50,0.5
61340,2,50,0.5
61390,2,50,0.5
61440,2,50,0.5
61490,2,50,0.5
61540,2,50,0.5
61560,2,50,0.5
61610,2,50,0.5
61660,2,50,0.5
61710,2,50,0.5
61760,2,50,0.5
61810,2,50,0.5
61830,2,50,0.5
61880,2,50,0.5
61930,2,50,0.5
61980,2,50,0.5
62030,2,50,0.5
62080,2,50,0.5
62100,2,50,0.5
62150,2,50,0.5
62200,2,50,0.5
62250,2,50,0.5
62300,2,50,0.5
62350,2,50,0.5
62370,2,50,0.5
62420,2,50,0.5
62470,2,50,0.5
62520,2,50,0.5
62570,2,50,0.5
62620,2,50,0.5
62640,2,50,0.5
62690,2,50,0.5
62740,2,50,0.5
62790,2,50,0.5
62840,2,50,0.5
62890,2,50,0.5
62910,2,50,0.5
62960,2,50,0.5
63010,2,50,0.5
63060,2,50,0.5
63110,2,50,0.5
63160,2,50,0.5
63180,2,50,0.5
63230,2,50,0.5
63280,2,50,0.5
63330,2,50,0.5
63380,2,50,0.5
63430,2,50,0.5
63450,2,50,0.5
63500,2,50,0.5
63550,2,50,0.5
63600,2,50,0.5
63650,2,50,0.5
63700,2,50,0.5
63720,2,50,0.5
63770,2,50,0.5
63820,2,50,0.5
63870,2,50,0.5
63920,2,50,0.5
63970,2,50,0.5
63990,2,50,0.5
64040,2,50,0.5
64090,2,50,0.5
64140,2,50,0.5
64190,2,50,0.5
64240,2,50,0.5
64260,2,50,0.5
64310,2,50,0.5
64360,2,50,0.5
64410,2,50,0.5
64460,2,50,0.5
64510,2,50,0.5
64530,2,50,0.5
64580,2,50,0.5
64630,2,50,0.5
64680,2,50,0.5
64730,2,50,0.5
64780,2,50,0.5
64800,2,50,0.5
64850,2,50,0.5
64900,2,50,0.5
64950,2,50,0.5
65000,2,50,0.5
65050,2,50,0.5
65070,2,50,0.5
65120,2,50,0.5
65170,2,50,0.5
65220,2,50,0.5
65270,2,50,0.5
65320,2,50,0.5
65340,2,50,0.5
65390,2,50,0.5
65440,2,50,0.5
65490,2,50,0.5
65540,2,50,0.5
65590,2,50,0.5
65610,2,50,0.5
65660,2,50,0.5
65710,2,50,0.5
65760,2,50,0.5
65810,2,50,0.5
65860,2,50,0.5
65880,2,50,0.5
65930,2,50,0.5
65980,2,50,0.5
66030,2,50,0.5
66080,2,50,0.5
66130,2,50,0.5
66150,2,50,0.5
66200,2,50,0.5
66250,2,50,0.5
66300,2,50,0.5
66350,2,50,0.5
66400,2,50,0.5
66420,2,50,0.5
66470,2,50,0.5
66520,2,50,0.5
66570,2,50,0.5
66620,2,50,0.5
66670,2,50,0.5
66690,2,50,0.5
66740,2,50,0.5
66790,2,50,0.5
66840,2,50,0.5
66890,2,50,0.5
66940,2,50,0.5
66960,2,50,0.5
67010,2,50,0.5
67060,2,50,0.5
67110,2,50,0.5
67160,2,50,0.5
67210,2,50,0.5
67230,2,50,0.5
67280,2,50,0.5
67330,2,50,0.5
67380,2,50,0.5
67430,2,50,0.5
67480,2,50,0.5
67500,2,50,0.5
67550,2,50,0.5
67600,2,50,0.5
67650,2,50,0.5
67700,2,50,0.5
67750,2,50,0.5
67770,2,50,0.5
67820,2,50,0.5
67870,2,50,0.5
67920,2,50,0.5
67970,2,50,0.5
68020,2,50,0.5
68040,2,50,0.5
68090,2,50,0.5
68140,2,50,0.5
68190,2,50,0.5
68240,2,50,0.5
68290,2,50,0.5
68310,2,50,0.5
68360,2,50,0.5
68410,2,50,0.5
68460,2,50,0.5
68510,2,50,0.5
68560,2,50,0.5
68580,2,50,0.5
68630,2,50,0.5
68680,2,50,0.5
68730,2,50,0.5
68780,2,50,0.5
68830,2,50,0.5
68850,2,50,0.5
68900,2,50,0.5
68950,2,50,0.5
69000,2,50,0.5
69050,2,50,0.5
69100,2,50,0.5
69120,2,50,0.5
69170,2,50,0.5
69220,2,50,0.5
69270,2,50,0.5
69320,2,50,0.5
69370,2,50,0.5
69390,2,50,0.5
69440,2,50,0.5
69490,2,50,0.5
69540,2,50,0.5
69590,2,50,0.5
69640,2,50,0.5
69660,2,50,0.5
69710,2,50,0.5
69760,2,50,0.5
69810,2,50,0.5
69860,2,50,0.5
69910,2,50,0.5
69930,2,50,0.5
69980,2,50,0.5
70030,2,50,0.5
70080,2,50,0.5
70130,2,50,0.5
70180,2,50,0.5
70200,2,50,0.5
70250,2,50,0.5
70300,2,50,0.5
70350,2,50,0.5
70400,2,50,0.5
70450,2,50,0.5
70470,2,50,0.5
70520,2,50,0.5
70570,2,50,0.5
70620,2,50,0.5
70670,2,50,0.5
70720,2,50,0.5
70740,2,50,0.5
70790,2,50,0.5
70840,2,50,0.5
70890,2,50,0.5
70940,2,50,0.5
70990,2,50,0.5
71010,2,50,0.5
71060,2,50,0.5
71110,2,50,0.5
71160,2,50,0.5
71210,2,50,0.5
71260,2,50,0.5
71280,2,50,0.5
71330,2,50,0.5
71380,2,50,0.5
71430,2,50,0.5
71480,2,50,0.5
71530,2,50,0.5
71550,2,50,0.5
71600,2,50,0.5
71650,2,50,0.5
71700,2,50,0.5
71750,2,50,0.5
71800,2,50,0.5
71820,2,50,0.5
71870,2,50,0.5
71920,2,50,0.5
71970,2,50,0.5
72020,2,50,0.5
72070,2,50,0.5
72090,2,50,0.5
72140,2,50,0.5
72190,2,50,0.5
72240,2,50,0.5
72290,2,50,0.5
72340,2,50,0.5
72360,2,50,0.5
72410,2,50,0.5
72460,2,50,0.5
72510,2,50,0.5
72560,2,50,0.5
72610,2,50,0.5
72630,2,50,0.5
72680,2,50,0.5
72730,2,50,0.5
72780,2,50,0.5
72830,2,50,0.5
72880,2,50,0.5
72900,2,50,0.5
72950,2,50,0.5
73000,2,50,0.5
73050,2,50,0.5
73100,2,50,0.5
73150,2,50,0.5
73170,2,50,0.5
73220,2,50,0.5
73270,2,50,0.5
73320,2,50,0.5
73370,2,50,0.5
73420,2,50,0.5
73440,2,50,0.5
73490,2,50,0.5
73540,2,50,0.5
73590,2,50,0.5
73640,2,50,0.5
73690,2,50,0.5
73710,2,50,0.5
73760,2,50,0.5
73810,2,50,0.5
73860,2,50,0.5
73910,2,50,0.5
73960,2,50,0.5
73980,2,50,0.5
74030,2,50,0.5
74080,2,50,0.5
74130,2,50,0.5
74180,2,50,0.5
74230,2,50,0.5
74250,2,50,0.5
74300,2,50,0.5
74350,2,50,0.5
74400,2,50,0.5
74450,2,50,0.5
74500,2,50,0.5
74520,2,50,0.5
74570,2,50,0.5
74620,2,50,0.5
74670,2,50,0.5
74720,2,50,0.5
74770,2,50,0.5
74790,2,50,0.5
74840,2,50,0.5
74890,2,50,0.5
74940,2,50,0.5
74990,2,50,0.5
75040,2,50,0.5
75060,2,50,0.5
75110,2,50,0.5
75160,2,50,0.5
75210,2,50,0.5
75260,2,50,0.5
75310,2,50,0.5
75330,2,50,0.5
75380,2,50,0.5
75430,2,50,0.5
75480,2,50,0.5
75530,2,50,0.5
75580,2,50,0.5
75600,2,50,0.5
75650,2,50,0.5
75700,2,50,0.5
75750,2,50,0.5
75800,2,50,0.5
75850,2,50,0.5
75870,2,50,0.5
75920,2,50,0.5
75970,2,50,0.5
76020,2,50,0.5
76070,2,50,0.5
76120,2,50,0.5
76140,2,50,0.5
76190,2,50,0.5
76240,2,50,0.5
76290,2,50,0.5
76340,2,50,0.5
76390,2,50,0.5
76410,2,50,0.5
76460,2,50,0.5
76510,2,50,0.5
76560,2,50,0.5
76610,2,50,0.5
76660,2,50,0.5
76680,2,50,0.5
76730,2,50,0.5
76780,2,50,0.5
76830,2,50,0.5
76880,2,50,0.5
76930,2,50,0.5
76950,2,50,0.5
77000,2,50,0.5
77050,2,50,0.5
77100,2,50,0.5
77150,2,50,0.5
77200,2,50,0.5
77220,2,50,0.5
77270,2,50,0.5
77320,2,50,0.5
77370,2,50,0.5
77420,2,50,0.5
77470,2,50,0.5
77490,2,50,0.5
77540,2,50,0.5
77590,2,50,0.5
77640,2,50,0.5
77690,2,50,0.5
77740,2,50,0.5
77760,2,50,0.5
77810,2,50,0.5
77860,2,50,0.5
77910,2,50,0.5
77960,2,50,0.5
78010,2,50,0.5
78030,2,50,0.5
78080,2,50,0.5
78130,2,50,0.5
78180,2,50,0.5
78230,2,50,0.5
78280,2,50,0.5
78300,2,50,0.5
78350,2,50,0.5
78400,2,50,0.5
78450,2,50,0.5
78500,2,50,0.5
78550,2,50,0.5
78570,2,50,0.5
78620,2,50,0.5
78670,2,50,0.5
78720,2,50,0.5
78770,2,50,0.5
78820,2,50,0.5
78840,2,50,0.5
78890,2,50,0.5
78940,2,50,0.5
78990,2,50,0.5
79040,2,50,0.5
79090,2,50,0.5
79110,2,50,0.5
79160,2,50,0.5
79210,2,50,0.5
79260,2,50,0.5
79310,2,50,0.5
79360,2,50,0.5
79380,2,50,0.5
79430,2,50,0.5
79480,2,50,0.5
79530,2,50,0.5
79580,2,50,0.5
79630,2,50,0.5
79650,2,50,0.5
79700,2,50,0.5
79750,2,50,0.5
79800,2,50,0.5
79850,2,50,0.5
79900,2,50,0.5
79920,2,50,0.5
79970,2,50,0.5
80020,2,50,0.5
80070,2,50,0.5
80120,2,50,0.5
80170,2,50,0.5
80190,2,50,0.5
80240,2,50,0.5
80290,2,50,0.5
80340,2,50,0.5
80390,2,50,0.5
80440,2,50,0.5
80460,2,50,0.5
80510,2,50,0.5
80560,2,50,0.5
80610,2,50,0.5
80660,2,50,0.5
80710,2,50,0.5
80730,2,50,0.5
80780,2,50,0.5
80830,2,50,0.5
80880,2,50,0.5
80930,2,50,0.5
80980,2,50,0.5
81000,2,50,0.5
81050,2,50,0.5
81100,2,50,0.5
81150,2,50,0.5
81200,2,50,0.5
81250,2,50,0.5
81270,2,50,0.5
81320,2,50,0.5
81370,2,50,0.5
81420,2,50,0.5
81470,2,50,0.5
81520,2,50,0.5
81540,2,50,0.5
81590,2,50,0.5
81640,2,50,0.5
81690,2,50,0.5
81740,2,50,0.5
81790,2,50,0.5
81810,2,50,0.5
81860,2,50,0.5
81910,2,50,0.5
81960,2,50,0.5
82010,2,50,0.5
82060,2,50,0.5
82080,2,50,0.5
82130,2,50,0.5
82180,2,50,0.5
82230,2,50,0.5
82280,2,50,0.5
82330,2,50,0.5
82350,2,50,0.5
82400,2,50,0.5
82450,2,50,0.5
82500,2,50,0.5
82550,2,50,0.5
82600,2,50,0.5
82620,2,50,0.5
82670,2,50,0.5
82720,2,50,0.5
82770,2,50,0.5
82820,2,50,0.5
82870,2,50,0.5
82890,2,50,0.5
82940,2,50,0.5
82990,2,50,0.5
83040,2,50,0.5
83090,2,50,0.5
83140,2,50,0.5
83160,2,50,0.5
83210,2,50,0.5
83260,2,50,0.5
83310,2,50,0.5
83360,2,50,0.5
83410,2,50,0.5
83430,2,50,0.5
83480,2,50,0.5
83530,2,50,0.5
83580,2,50,0.5
83630,2,50,0.5
83680,2,50,0.5
83700,2,50,0.5
83750,2,50,0.5
83800,2,50,0.5
83850,2,50,0.5
83900,2,50,0.5
83950,2,50,0.5
83970,2,50,0.5
84020,2,50,0.5
84070,2,50,0.5
84120,2,50,0.5
84170,2,50,0.5
84220,2,50,0.5
84240,2,50,0.5
84290,2,50,0.5
84340,2,50,0.5
84390,2,50,0.5
84440,2,50,0.5
84490,2,50,0.5
84510,2,50,0.5
84560,2,50,0.5
84610,2,50,0.5
84660,2,50,0.5
84710,2,50,0.5
84760,2,50,0.5
84780,2,50,0.5
84830,2,50,0.5
84880,2,50,0.5
84930,2,50,0.5
84980,2,50,0.5
85030,2,50,0.5
85050,2,50,0.5
85100,2,50,0.5
85150,2,50,0.5
85200,2,50,0.5
85250,2,50,0.5
85300,2,50,0.5
85320,2,50,0.5
85370,2,50,0.5
85420,2,50,0.5
85470,2,50,0.5
85520,2,50,0.5
85570,2,50,0.5
85590,2,50,0.5
85640,2,50,0.5
85690,2,50,0.5
85740,2,50,0.5
85790,2,50,0.5
85840,2,50,0.5
85860,2,50,0.5
85910,2,50,0.5
85960,2,50,0.5
86010,2,50,0.5
86060,2,50,0.5
86110,2,50,0.5
86130,2,50,0.5
86180,2,50,0.5
86230,2,50,0.5
86280,2,50,0.5
86330,2,50,0.5
86380,2,50,0.5
86400,2,50,0.5
86450,2,50,0.5
86500,2,50,0.5
86550,2,50,0.5
86600,2,50,0.5
86650,2,50,0.5
86670,2,50,0.5
86720,2,50,0.5
86770,2,50,0.5
86820,2,50,0.5
86870,2,50,0.5
86920,2,50,0.5
86940,2,50,0.5
86990,2,50,0.5
87040,2,50,0.5
87090,2,50,0.5
87140,2,50,0.5
87190,2,50,0.5
87210,2,50,0.5
87260,2,50,0.5
87310,2,50,0.5
87360,2,50,0.5
87410,2,50,0.5
87460,2,50,0.5
87480,2,50,0.5
87530,2,50,0.5
87580,2,50,0.5
87630,2,50,0.5
87680,2,50,0.5
87730,2,50,0.5
87750,2,50,0.5
87800,2,50,0.5
87850,2,50,0.5
87900,2,50,0.5
87950,2,50,0.5
88000,2,50,0.5
88020,2,50,0.5
88070,2,50,0.5
88120,2,50,0.5
88170,2,50,0.5
88220,2,50,0.5
88270,2,50,0.5
88290,2,50,0.5
88340,2,50,0.5
88390,2,50,0.5
88440,2,50,0.5
88490,2,50,0.5
88540,2,50,0.5
88560,2,50,0.5
88610,2,50,0.5
88660,2,50,0.5
88710,2,50,0.5
88760,2,50,0.5
88810,2,50,0.5
88830,2,50,0.5
88880,2,50,0.5
88930,2,50,0.5
88980,2,50,0.5
89030,2,50,0.5
89080,2,50,0.5
89100,2,50,0.5
89150,2,50,0.5
89200,2,50,0.5
89250,2,50,0.5
89300,2,50,0.5
89350,2,50,0.5
89370,2,50,0.5
89420,2,50,0.5
89470,2,50,0.5
89520,2,50,0.5
89570,2,50,0.5
89620,2,50,0.5
89640,2,50,0.5
89690,2,50,0.5
89740,2,50,0.5
89790,2,50,0.5
89840,2,50,0.5
89890,2,50,0.5
89910,2,50,0.5
89960,2,50,0.5
90010,2,50,0.5
90060,2,50,0.5
90110,2,50,0.5
90160,2,50,0.5
90180,2,50,0.5
90230,2,50,0.5
90280,2,50,0.5
90330,2,50,0.5
90380,2,50,0.5
90430,2,50,0.5
90450,2,50,0.5
90500,2,50,0.5
90550,2,50,0.5
90600,2,50,0.5
90650,2,50,0.5
90700,2,50,0.5
90720,2,50,0.5
90770,2,50,0.5
90820,2,50,0.5
90870,2,50,0.5
90920,2,50,0.5
90970,2,50,0.5
90990,2,50,0.5
91040,2,50,0.5
91090,2,50,0.5
91140,2,50,0.5
91190,2,50,0.5
91240,2,50,0.5
91260,2,50,0.5
91310,2,50,0.5
91360,2,50,0.5
91410,2,50,0.5
91460,2,50,0.5
91510,2,50,0.5
91530,2,50,0.5
91580,2,50,0.5
91630,2,50,0.5
91680,2,50,0.5
91730,2,50,0.5
91780,2,50,0.5
91800,2,50,0.5
91850,2,50,0.5
91900,2,50,0.5
91950,2,50,0.5
92000,2,50,0.5
92050,2,50,0.5
92070,2,50,0.5
92120,2,50,0.5
92170,2,50,0.5
92220,2,50,0.5
92270,2,50,0.5
92320,2,50,0.5
92340,2,50,0.5
92390,2,50,0.5
92440,2,50,0.5
92490,2,50,0.5
92540,2,50,0.5
92590,2,50,0.5
92610,2,50,0.5
92660,2,50,0.5
92710,2,50,0.5
92760,2,50,0.5
92810,2,50,0.5
92860,2,50,0.5
92880,2,50,0.5
92930,2,50,0.5
92980,2,50,0.5
93030,2,50,0.5
93080,2,50,0.5
93130,2,50,0.5
93150,2,50,0.5
93200,2,50,0.5
93250,2,50,0.5
93300,2,50,0.5
93350,2,50,0.5
93400,2,50,0.5
93420,2,50,0.5
93470,2,50,0.5
93520,2,50,0.5
93570,2,50,0.5
93620,2,50,0.5
93670,2,50,0.5
93690,2,50,0.5
93740,2,50,0.5
93790,2,50,0.5
93840,2,50,0.5
93890,2,50,0.5
93940,2,50,0.5
93960,2,50,0.5
94010,2,50,0.5
94060,2,50,0.5
94110,2,50,0.5
94160,2,50,0.5
94210,2,50,0.5
94230,2,50,0.5
94280,2,50,0.5
94330,2,50,0.5
94380,2,50,0.5
94430,2,50,0.5
94480,2,50,0.5
94500,2,50,0.5
94550,2,50,0.5
94600,2,50,0.5
94650,2,50,0.5
94700,2,50,0.5
94750,2,50,0.5
94770,2,50,0.5
94820,2,50,0.5
94870,2,50,0.5
94920,2,50,0.5
94970,2,50,0.5
95020,2,50,0.5
95040,2,50,0.5
95090,2,50,0.5
95140,2,50,0.5
95190,2,50,0.5
95240,2,50,0.5
95290,2,50,0.5
95310,2,50,0.5
95360,2,50,0.5
95410,2,50,0.5
95460,2,50,0.5
95510,2,50,0.5
95560,2,50,0.5
95580,2,50,0.5
95630,2,50,0.5
95680,2,50,0.5
95730,2,50,0.5
95780,2,50,0.5
95830,2,50,0.5
95850,2,50,0.5
95900,2,50,0.5
95950,2,50,0.5
96000,2,50,0.5
96050,2,50,0.5
96100,2,50,0.5
96120,2,50,0.5
96170,2,50,0.5
96220,2,50,0.5
96270,2,50,0.5
96320,2,50,0.5
96370,2,50,0.5
96390,2,50,0.5
96440,2,50,0.5
96490,2,50,0.5
96540,2,50,0.5
96590,2,50,0.5
96640,2,50,0.5
96660,2,50,0.5
96710,2,50,0.5
96760,2,50,0.5
96810,2,50,0.5
96860,2,50,0.5
96910,2,50,0.5
96930,2,50,0.5
96980,2,50,0.5
97030,2,50,0.5
97080,2,50,0.5
97130,2,50,0.5
97180,2,50,0.5
97200,2,50,0.5
97250,2,50,0.5
97300,2,50,0.5
97350,2,50,0.5
97400,2,50,0.5
97450,2,50,0.5
97470,2,50,0.5
97520,2,50,0.5
97570,2,50,0.5
97620,2,50,0.5
97670,2,50,0.5
97720,2,50,0.5
97740,2,50,0.5
97790,2,50,0.5
97840,2,50,0.5
97890,2,50,0.5
97940,2,50,0.5
97990,2,50,0.5
98010,2,50,0.5
98060,2,50,0.5
98110,2,50,0.5
98160,2,50,0.5
98210,2,50,0.5
98260,2,50,0.5
98280,2,50,0.5
98330,2,50,0.5
98380,2,50,0.5
98430,2,50,0.5
98480,2,50,0.5
98530,2,50,0.5
98550,2,50,0.5
98600,2,50,0.5
98650,2,50,0.5
98700,2,50,0.5
98750,2,50,0.5
98800,2,50,0.5
98820,2,50,0.5
98870,2,50,0.5
98920,2,50,0.5
98970,2,50,0.5
99020,2,50,0.5
99070,2,50,0.5
99090,2,50,0.5
99140,2,50,0.5
99190,2,50,0.5
99240,2,50,0.5
99290,2,50,0.5
99340,2,50,0.5
99360,2,50,0.5
99410,2,50,0.5
99460,2,50,0.5
99510,2,50,0.5
99560,2,50,0.5
99610,2,50,0.5
99630,2,50,0.5
99680,2,50,0.5
99730,2,50,0.5
99780,2,50,0.5
99830,2,50,0.5
99880,2,50,0.5
99900,2,50,0.5
99950,2,50,0.5
100000,2,50,0.5
100050,2,50,0.5
100100,2,50,0.5
100150,2,50,0.5
100170,2,50,0.5
100220,2,50,0.5
100270,2,50,0.5
100320,2,50,0.5
100370,2,50,0.5
100420,2,50,0.5
100440,2,50,0.5
100490,2,50,0.5
100540,2,50,0.5
100590,2,50,0.5
100640,2,50,0.5
100690,2,50,0.5
100710,2,50,0.5
100760,2,50,0.5
100810,2,50,0.5
100860,2,50,0.5
100910,2,50,0.5
100960,2,50,0.5
100980,2,50,0.5
101030,2,50,0.5
101080,2,50,0.5
101130,2,50,0.5
101180,2,50,0.5
101230,2,50,0.5
101250,2,50,0.5
101300,2,50,0.5
101350,2,50,0.5
101400,2,50,0.5
101450,2,50,0.5
101500,2,50,0.5
101520,2,50,0.5
101570,2,50,0.5
101620,2,50,0.5
101670,2,50,0.5
101720,2,50,0.5
101770,2,50,0.5
101790,2,50,0.5
101840,2,50,0.5
101890,2,50,0.5
101940,2,50,0.5
101990,2,50,0.5
102040,2,50,0.5
102060,2,50,0.5
102110,2,50,0.5
102160,2,50,0.5
102210,2,50,0.5
102260,2,50,0.5
102310,2,50,0.5
102330,2,50,0.5
102380,2,50,0.5
102430,2,50,0.5
102480,2,50,0.5
102530,2,50,0.5
102580,2,50,0.5
102600,2,50,0.5
102650,2,50,0.5
102700,2,50,0.5
102750,2,50,0.5
102800,2,50,0.5
102850,2,50,0.5
102870,2,50,0.5
102920,2,50,0.5
102970,2,50,0.5
103020,2,50,0.5
103070,2,50,0.5
103120,2,50,0.5
103140,2,50,0.5
103190,2,50,0.5
103240,2,50,0.5
103290,2,50,0.5
103340,2,50,0.5
103390,2,50,0.5
103410,2,50,0.5
103460,2,50,0.5
103510,2,50,0.5
103560,2,50,0.5
103610,2,50,0.5
103660,2,50,0.5
103680,2,50,0.5
103730,2,50,0.5
103780,2,50,0.5
103830,2,50,0.5
103880,2,50,0.5
103930,2,50,0.5
103950,2,50,0.5
104000,2,50,0.5
104050,2,50,0.5
104100,2,50,0.5
104150,2,50,0.5
104200,2,50,0.5
104220,2,50,0.5
104270,2,50,0.5
104320,2,50,0.5
104370,2,50,0.5
104420,2,50,0.5
104470,2,50,0.5
104490,2,50,0.5
104540,2,50,0.5
104590,2,50,0.5
104640,2,50,0.5
104690,2,50,0.5
104740,2,50,0.5
104760,2,50,0.5
104810,2,50,0.5
104860,2,50,0.5
104910,2,50,0.5
104960,2,50,0.5
105010,2,50,0.5
105030,2,50,0.5
105080,2,50,0.5
105130,2,50,0.5
105180,2,50,0.5
105230,2,50,0.5
105280,2,50,0.5
105300,2,50,0.5
105350,2,50,0.5
105400,2,50,0.5
105450,2,50,0.5
105500,2,50,0.5
105550,2,50,0.5
105570,2,50,0.5
105620,2,50,0.5
105670,2,50,0.5
105720,2,50,0.5
105770,2,50,0.5
105820,2,50,0.5
105840,2,50,0.5
105890,2,50,0.5
105940,2,50,0.5
105990,2,50,0.5
106040,2,50,0.5
106090,2,50,0.5
106110,2,50,0.5
106160,2,50,0.5
106210,2,50,0.5
106260,2,50,0.5
106310,2,50,0.5
106360,2,50,0.5
106380,2,50,0.5
106430,2,50,0.5
106480,2,50,0.5
106530,2,50,0.5
106580,2,50,0.5
106630,2,50,0.5
106650,2,50,0.5
106700,2,50,0.5
106750,2,50,0.5
106800,2,50,0.5
106850,2,50,0.5
106900,2,50,0.5
106920,2,50,0.5
106970,2,50,0.5
107020,2,50,0.5
107070,2,50,0.5
107120,2,50,0.5
107170,2,50,0.5
107190,2,50,0.5
107240,2,50,0.5
107290,2,50,0.5
107340,2,50,0.5
107390,2,50,0.5
107440,2,50,0.5
107460,2,50,0.5
107510,2,50,0.5
107560,2,50,0.5
107610,2,50,0.5
107660,2,50,0.5
107710,2,50,0.5
107730,2,50,0.5
107780,2,50,0.5
107830,2,50,0.5
107880,2,50,0.5
107930,2,50,0.5
107980,2,50,0.5
108000,2,50,0.5
108050,2,50,0.5
108100,2,50,0.5
108150,2,50,0.5
108200,2,50,0.5
108250,2,50,0.5
108270,2,50,0.5
108320,2,50,0.5
108370,2,50,0.5
108420,2,50,0.5
108470,2,50,0.5
108520,2,50,0.5
108540,2,50,0.5
108590,2,50,0.5
108640,2,50,0.5
108690,2,50,0.5
108740,2,50,0.5
108790,2,50,0.5
108810,2,50,0.5
108860,2,50,0.5
108910,2,50,0.5
108960,2,50,0.5
109010,2,50,0.5
109060,2,50,0.5
109080,2,50,0.5
109130,2,50,0.5
109180,2,50,0.5
109230,2,50,0.5
109280,2,50,0.5
109330,2,50,0.5
109350,2,50,0.5
109400,2,50,0.5
109450,2,50,0.5
109500,2,50,0.5
109550,2,50,0.5
109600,2,50,0.5
109620,2,50,0.5
109670,2,50,0.5
109720,2,50,0.5
109770,2,50,0.5
109820,2,50,0.5
109870,2,50,0.5
109890,2,50,0.5
109940,2,50,0.5
109990,2,50,0.5
110040,2,50,0.5
110090,2,50,0.5
110140,2,50,0.5
110160,2,50,0.5
110210,2,50,0.5
110260,2,50,0.5
110310,2,50,0.5
110360,2,50,0.5
110410,2,50,0.5
110430,2,50,0.5
110480,2,50,0.5
110530,2,50,0.5
110580,2,50,0.5
110630,2,50,0.5
110680,2,50,0.5
110700,2,50,0.5
110750,2,50,0.5
110800,2,50,0.5
110850,2,50,0.5
110900,2,50,0.5
110950,2,50,0.5
110970,2,50,0.5
111020,2,50,0.5
111070,2,50,0.5
111120,2,50,0.5
111170,2,50,0.5
111220,2,50,0.5
111240,2,50,0.5
111290,2,50,0.5
111340,2,50,0.5
111390,2,50,0.5
111440,2,50,0.5
111490,2,50,0.5
111510,2,50,0.5
111560,2,50,0.5
111610,2,50,0.5
111660,2,50,0.5
111710,2,50,0.5
111760,2,50,0.5
111780,2,50,0.5
111830,2,50,0.5
111880,2,50,0.5
111930,2,50,0.5
111980,2,50,0.5
112030,2,50,0.5
112050,2,50,0.5
112100,2,50,0.5
112150,2,50,0.5
112200,2,50,0.5
112250,2,50,0.5
112300,2,50,0.5
112320,2,50,0.5
112370,2,50,0.5
112420,2,50,0.5
112470,2,50,0.5
112520,2,50,0.5
112570,2,50,0.5
112590,2,50,0.5
112640,2,50,0.5
112690,2,50,0.5
112740,2,50,0.5
112790,2,50,0.5
112840,2,50,0.5
112860,2,50,0.5
112910,2,50,0.5
112960,2,50,0.5
113010,2,50,0.5
113060,2,50,0.5
113110,2,50,0.5
113130,2,50,0.5
113180,2,50,0.5
113230,2,50,0.5
113280,2,50,0.5
113330,2,50,0.5
113380,2,50,0.5
113400,2,50,0.5
113450,2,50,0.5
113500,2,50,0.5
113550,2,50,0.5
113600,2,50,0.5
113650,2,50,0.5
113670,2,50,0.5
113720,2,50,0.5
113770,2,50,0.5
113820,2,50,0.5
113870,2,50,0.5
113920,2,50,0.5
113940,2,50,0.5
113990,2,50,0.5
114040,2,50,0.5
114090,2,50,0.5
114140,2,50,0.5
114190,2,50,0.5
114210,2,50,0.5
114260,2,50,0.5
114310,2,50,0.5
114360,2,50,0.5
114410,2,50,0.5
114460,2,50,0.5
114480,2,50,0.5
114530,2,50,0.5
114580,2,50,0.5
114630,2,50,0.5
114680,2,50,0.5
114730,2,50,0.5
114750,2,50,0.5
114800,2,50,0.5
114850,2,50,0.5
114900,2,50,0.5
114950,2,50,0.5
115000,2,50,0.5
115020,2,50,0.5
115070,2,50,0.5
115120,2,50,0.5
115170,2,50,0.5
115220,2,50,0.5
115270,2,50,0.5
115290,2,50,0.5
115340,2,50,0.5
115390,2,50,0.5
115440,2,50,0.5
115490,2,50,0.5
115540,2,50,0.5
115560,2,50,0.5
115610,2,50,0.5
115660,2,50,0.5
115710,2,50,0.5
115760,2,50,0.5
115810,2,50,0.5
115830,2,50,0.5
115880,2,50,0.5
115930,2,50,0.5
115980,2,50,0.5
116030,2,50,0.5
116080,2,50,0.5
116100,2,50,0.5
116150,2,50,0.5
116200,2,50,0.5
116250,2,50,0.5
116300,2,50,0.5
116350,2,50,0.5
116370,2,50,0.5
116420,2,50,0.5
116470,2,50,0.5
116520,2,50,0.5
116570,2,50,0.5
116620,2,50,0.5
116640,2,50,0.5
116690,2,50,0.5
116740,2,50,0.5
116790,2,50,0.5
116840,2,50,0.5
116890,2,50,0.5
116910,2,50,0.5
116960,2,50,0.5
117010,2,50,0.5
117060,2,50,0.5
117110,2,50,0.5
117160,2,50,0.5
117180,2,50,0.5
117230,2,50,0.5
117280,2,50,0.5
117330,2,50,0.5
117380,2,50,0.5
117430,2,50,0.5
117450,2,50,0.5
117500,2,50,0.5
117550,2,50,0.5
117600,2,50,0.5
117650,2,50,0.5
117700,2,50,0.5
117720,2,50,0.5
117770,2,50,0.5
117820,2,50,0.5
117870,2,50,0.5
117920,2,50,0.5
117970,2,50,0.5
117990,2,50,0.5
118040,2,50,0.5
118090,2,50,0.5
118140,2,50,0.5
118190,2,50,0.5
118240,2,50,0.5
118260,2,50,0.5
118310,2,50,0.5
118360,2,50,0.5
118410,2,50,0.5
118460,2,50,0.5
118510,2,50,0.5
118530,2,50,0.5
118580,2,50,0.5
118630,2,50,0.5
118680,2,50,0.5
118730,2,50,0.5
118780,2,50,0.5
118800,2,50,0.5
118850,2,50,0.5
118900,2,50,0.5
118950,2,50,0.5
119000,2,50,0.5
119050,2,50,0.5
119070,2,50,0.5
119120,2,50,0.5
119170,2,50,0.5
119220,2,50,0.5
119270,2,50,0.5
119320,2,50,0.5
119340,2,50,0.5
119390,2,50,0.5
119440,2,50,0.5
119490,2,50,0.5
119540,2,50,0.5
119590,2,50,0.5
119610,2,50,0.5
119660,2,50,0.5
119710,2,50,0.5
119760,2,50,0.5
119810,2,50,0.5
119860,2,50,0.5
119880,2,50,0.5
119930,2,50,0.5
119980,2,50,0.5
120030,2,50,0.5
120080,2,50,0.5
120130,2,50,0.5
120150,2,50,0.5
120200,2,50,0.5
120250,2,50,0.5
120300,2,50,0.5
120350,2,50,0.5
120400,2,50,0.5
120420,2,50,0.5
120470,2,50,0.5
120520,2,50,0.5
120570,2,50,0.5
120620,2,50,0.5
120670,2,50,0.5
120690,2,50,0.5
120740,2,50,0.5
120790,2,50,0.5
120840,2,50,0.5
120890,2,50,0.5
120940,2,50,0.5
120960,2,50,0.5
121010,2,50,0.5
121060,2,50,0.5
121110,2,50,0.5
121160,2,50,0.5
121210,2,50,0.5
121230,2,50,0.5
121280,2,50,0.5
121330,2,50,0.5
121380,2,50,0.5
121430,2,50,0.5
121480,2,50,0.5
121500,2,50,0.5
121550,2,50,0.5
121600,2,50,0.5
121650,2,50,0.5
121700,2,50,0.5
121750,2,50,0.5
121770,2,50,0.5
121820,2,50,0.5
121870,2,50,0.5
121920,2,50,0.5
121970,2,50,0.5
122020,2,50,0.5
122040,2,50,0.5
122090,2,50,0.5
122140,2,50,0.5
122190,2,50,0.5
122240,2,50,0.5
122290,2,50,0.5
122310,2,50,0.5
122360,2,50,0.5
122410,2,50,0.5
122460,2,50,0.5
122510,2,50,0.5
122560,2,50,0.5
122580,2,50,0.5
122630,2,50,0.5
122680,2,50,0.5
122730,2,50,0.5
122780,2,50,0.5
122830,2,50,0.5
122850,2,50,0.5
122900,2,50,0.5
122950,2,50,0.5
123000,2,50,0.5
123050,2,50,0.5
123100,2,50,0.5
123120,2,50,0.5
123170,2,50,0.5
123220,2,50,0.5
123270,2,50,0.5
123320,2,50,0.5
123370,2,50,0.5
123390,2,50,0.5
123440,2,50,0.5
123490,2,50,0.5
123540,2,50,0.5
123590,2,50,0.5
123640,2,50,0.5
123660,2,50,0.5
123710,2,50,0.5
123760,2,50,0.5
123810,2,50,0.5
123860,2,50,0.5
123910,2,50,0.5
123930,2,50,0.5
123980,2,50,0.5
124030,2,50,0.5
124080,2,50,0.5
124130,2,50,0.5
124180,2,50,0.5
124200,2,50,0.5
124250,2,50,0.5
124300,2,50,0.5
124350,2,50,0.5
124400,2,50,0.5
124450,2,50,0.5
124470,2,50,0.5
124520,2,50,0.5
124570,2,50,0.5
124620,2,50,0.5
124670,2,50,0.5
124720,2,50,0.5
124740,2,50,0.5
124790,2,50,0.5
124840,2,50,0.5
124890,2,50,0.5
124940,2,50,0.5
124990,2,50,0.5
125010,2,50,0.5
125060,2,50,0.5
125110,2,50,0.5
125160,2,50,0.5
125210,2,50,0.5
125260,2,50,0.5
125280,2,50,0.5
125330,2,50,0.5
125380,2,50,0.5
125430,2,50,0.5
125480,2,50,0.5
125530,2,50,0.5
125550,2,50,0.5
125600,2,50,0.5
125650,2,50,0.5
125700,2,50,0.5
125750,2,50,0.5
125800,2,50,0.5
125820,2,50,0.5
125870,2,50,0.5
125920,2,50,0.5
125970,2,50,0.5
126020,2,50,0.5
126070,2,50,0.5
126090,2,50,0.5
126140,2,50,0.5
126190,2,50,0.5
126240,2,50,0.5
126290,2,50,0.5
126340,2,50,0.5
126360,2,50,0.5
126410,2,50,0.5
126460,2,50,0.5
126510,2,50,0.5
126560,2,50,0.5
126610,2,50,0.5
126630,2,50,0.5
126680,2,50,0.5
126730,2,50,0.5
126780,2,50,0.5
126830,2,50,0.5
126880,2,50,0.5
126900,2,50,0.5
126950,2,50,0.5
127000,2,50,0.5
127050,2,50,0.5
127100,2,50,0.5
127150,2,50,0.5
127170,2,50,0.5
127220,2,50,0.5
127270,2,50,0.5
127320,2,50,0.5
127370,2,50,0.5
127420,2,50,0.5
127440,2,50,0.5
127490,2,50,0.5
127540,2,50,0.5
127590,2,50,0.5
127640,2,50,0.5
127690,2,50,0.5
127710,2,50,0.5
127760,2,50,0.5
127810,2,50,0.5
127860,2,50,0.5
127910,2,50,0.5
127960,2,50,0.5
127980,2,50,0.5
128030,2,50,0.5
128080,2,50,0.5
128130,2,50,0.5
128180,2,50,0.5
128230,2,50,0.5
128250,2,50,0.5
128300,2,50,0.5
128350,2,50,0.5
128400,2,50,0.5
128450,2,50,0.5
128500,2,50,0.5
128520,2,50,0.5
128570,2,50,0.5
128620,2,50,0.5
128670,2,50,0.5
128720,2,50,0.5
128770,2,50,0.5
128790,2,50,0.5
128840,2,50,0.5
128890,2,50,0.5
128940,2,50,0.5
128990,2,50,0.5
129040,2,50,0.5
129060,2,50,0.5
129110,2,50,0.5
129160,2,50,0.5
129210,2,50,0.5
129260,2,50,0.5
129310,2,50,0.5
129330,2,50,0.5
129380,2,50,0.5
129430,2,50,0.5
129480,2,50,0.5
129530,2,50,0.5
129580,2,50,0.5
129600,2,50,0.5
129650,2,50,0.5
129700,2,50,0.5
129750,2,50,0.5
129800,2,50,0.5
129850,2,50,0.5
129870,2,50,0.5
129920,2,50,0.5
129970,2,50,0.5
130020,2,50,0.5
130070,2,50,0.5
130120,2,50,0.5
130140,2,50,0.5
130190,2,50,0.5
130240,2,50,0.5
130290,2,50,0.5
130340,2,50,0.5
130390,2,50,0.5
130410,2,50,0.5
130460,2,50,0.5
130510,2,50,0.5
130560,2,50,0.5
130610,2,50,0.5
130660,2,50,0.5
130680,2,50,0.5
130730,2,50,0.5
130780,2,50,0.5
130830,2,50,0.5
130880,2,50,0.5
130930,2,50,0.5
130950,2,50,0.5
131000,2,50,0.5
131050,2,50,0.5
131100,2,50,0.5
131150,2,50,0.5
131200,2,50,0.5
131220,2,50,0.5
131270,2,50,0.5
131320,2,50,0.5
131370,2,50,0.5
131420,2,50,0.5
131470,2,50,0.5
131490,2,50,0.5
131540,2,50,0.5
131590,2,50,0.5
131640,2,50,0.5
131690,2,50,0.5
131740,2,50,0.5
131760,2,50,0.5
131810,2,50,0.5
131860,2,50,0.5
131910,2,50,0.5
131960,2,50,0.5
132010,2,50,0.5
132030,2,50,0.5
132080,2,50,0.5
132130,2,50,0.5
132180,2,50,0.5
132230,2,50,0.5
132280,2,50,0.5
132300,2,50,0.5
132350,2,50,0.5
132400,2,50,0.5
132450,2,50,0.5
132500,2,50,0.5
132550,2,50,0.5
132570,2,50,0.5
132620,2,50,0.5
132670,2,50,0.5
132720,2,50,0.5
132770,2,50,0.5
132820,2,50,0.5
132840,2,50,0.5
132890,2,50,0.5
132940,2,50,0.5
132990,2,50,0.5
133040,2,50,0.5
133090,2,50,0.5
133110,2,50,0.5
133160,2,50,0.5
133210,2,50,0.5
133260,2,50,0.5
133310,2,50,0.5
133360,2,50,0.5
133380,2,50,0.5
133430,2,50,0.5
133480,2,50,0.5
133530,2,50,0.5
133580,2,50,0.5
133630,2,50,0.5
133650,2,50,0.5
133700,2,50,0.5
133750,2,50,0.5
133800,2,50,0.5
133850,2,50,0.5
133900,2,50,0.5
133920,2,50,0.5
133970,2,50,0.5
134020,2,50,0.5
134070,2,50,0.5
134120,2,50,0.5
134170,2,50,0.5
134190,2,50,0.5
134240,2,50,0.5
134290,2,50,0.5
134340,2,50,0.5
134390,2,50,0.5
134440,2,50,0.5
134460,2,50,0.5
134510,2,50,0.5
134560,2,50,0.5
134610,2,50,0.5
134660,2,50,0.5
134710,2,50,0.5
134730,2,50,0.5
134780,2,50,0.5
134830,2,50,0.5
134880,2,50,0.5
134930,2,50,0.5
134980,2,50,0.5
135000,2,50,0.5
135050,2,50,0.5
135100,2,50,0.5
135150,2,50,0.5
135200,2,50,0.5
135250,2,50,0.5
135270,2,50,0.5
135320,2,50,0.5
135370,2,50,0.5
135420,2,50,0.5
135470,2,50,0.5
135520,2,50,0.5
135540,2,50,0.5
135590,2,50,0.5
135640,2,50,0.5
135690,2,50,0.5
135740,2,50,0.5
135790,2,50,0.5
135810,2,50,0.5
135860,2,50,0.5
135910,2,50,0.5
135960,2,50,0.5
136010,2,50,0.5
136060,2,50,0.5
136080,2,50,0.5
136130,2,50,0.5
136180,2,50,0.5
136230,2,50,0.5
136280,2,50,0.5
136330,2,50,0.5
136350,2,50,0.5
136400,2,50,0.5
136450,2,50,0.5
136500,2,50,0.5
136550,2,50,0.5
136600,2,50,0.5
136620,2,50,0.5
136670,2,50,0.5
136720,2,50,0.5
136770,2,50,0.5
136820,2,50,0.5
136870,2,50,0.5
136890,2,50,0.5
136940,2,50,0.5
136990,2,50,0.5
137040,2,50,0.5
137090,2,50,0.5
137140,2,50,0.5
137160,2,50,0.5
137210,2,50,0.5
137260,2,50,0.5
137310,2,50,0.5
137360,2,50,0.5
137410,2,50,0.5
137430,2,50,0.5
137480,2,50,0.5
137530,2,50,0.5
137580,2,50,0.5
137630,2,50,0.5
137680,2,50,0.5
137700,2,50,0.5
137750,2,50,0.5
137800,2,50,0.5
137850,2,50,0.5
137900,2,50,0.5
137950,2,50,0.5
137970,2,50,0.5
138020,2,50,0.5
138070,2,50,0.5
138120,2,50,0.5
138170,2,50,0.5
138220,2,50,0.5
138240,2,50,0.5
138290,2,50,0.5
138340,2,50,0.5
138390,2,50,0.5
138440,2,50,0.5
138490,2,50,0.5
138510,2,50,0.5
138560,2,50,0.5
138610,2,50,0.5
138660,2,50,0.5
138710,2,50,0.5
138760,2,50,0.5
138780,2,50,0.5
138830,2,50,0.5
138880,2,50,0.5
138930,2,50,0.5
138980,2,50,0.5
139030,2,50,0.5
139050,2,50,0.5
139100,2,50,0.5
139150,2,50,0.5
139200,2,50,0.5
139250,2,50,0.5
139300,2,50,0.5
139320,2,50,0.5
139370,2,50,0.5
139420,2,50,0.5
139470,2,50,0.5
139520,2,50,0.5
139570,2,50,0.5
139590,2,50,0.5
139640,2,50,0.5
139690,2,50,0.5
139740,2,50,0.5
139790,2,50,0.5
139840,2,50,0.5
139860,2,50,0.5
139910,2,50,0.5
139960,2,50,0.5
140010,2,50,0.5
140060,2,50,0.5
140110,2,50,0.5
140130,2,50,0.5
140180,2,50,0.5
140230,2,50,0.5
140280,2,50,0.5
140330,2,50,0.5
140380,2,50,0.5
140400,2,50,0.5
140450,2,50,0.5
140500,2,50,0.5
140550,2,50,0.5
140600,2,50,0.5
140650,2,50,0.5
140670,2,50,0.5
140720,2,50,0.5
140770,2,50,0.5
140820,2,50,0.5
140870,2,50,0.5
140920,2,50,0.5
140940,2,50,0.5
140990,2,50,0.5
141040,2,50,0.5
141090,2,50,0.5
141140,2,50,0.5
141190,2,50,0.5
141210,2,50,0.5
141260,2,50,0.5
141310,2,50,0.5
141360,2,50,0.5
141410,2,50,0.5
141460,2,50,0.5
141480,2,50,0.5
141530,2,50,0.5
141580,2,50,0.5
141630,2,50,0.5
141680,2,50,0.5
141730,2,50,0.5
141750,2,50,0.5
141800,2,50,0.5
141850,2,50,0.5
141900,2,50,0.5
141950,2,50,0.5
142000,2,50,0.5
142020,2,50,0.5
142070,2,50,0.5
142120,2,50,0.5
142170,2,50,0.5
142220,2,50,0.5
142270,2,50,0.5
142290,2,50,0.5
142340,2,50,0.5
142390,2,50,0.5
142440,2,50,0.5
142490,2,50,0.5
142540,2,50,0.5
142560,2,50,0.5
142610,2,50,0.5
142660,2,50,0.5
142710,2,50,0.5
142760,2,50,0.5
142810,2,50,0.5
142830,2,50,0.5
142880,2,50,0.5
142930,2,50,0.5
142980,2,50,0.5
143030,2,50,0.5
143080,2,50,0.5
143100,2,50,0.5
143150,2,50,0.5
143200,2,50,0.5
143250,2,50,0.5
143300,2,50,0.5
143350,2,50,0.5
143370,2,50,0.5
143420,2,50,0.5
143470,2,50,0.5
143520,2,50,0.5
143570,2,50,0.5
143620,2,50,0.5
143640,2,50,0.5
143690,2,50,0.5
143740,2,50,0.5
143790,2,50,0.5
143840,2,50,0.5
143890,2,50,0.5
143910,2,50,0.5
143960,2,50,0.5
144010,2,50,0.5
144060,2,50,0.5
144110,2,50,0.5
144160,2,50,0.5
144180,2,50,0.5
144230,2,50,0.5
144280,2,50,0.5
144330,2,50,0.5
144380,2,50,0.5
144430,2,50,0.5
144450,2,50,0.5
144500,2,50,0.5
144550,2,50,0.5
144600,2,50,0.5
144650,2,50,0.5
144700,2,50,0.5
144720,2,50,0.5
144770,2,50,0.5
144820,2,50,0.5
144870,2,50,0.5
144920,2,50,0.5
144970,2,50,0.5
144990,2,50,0.5
145040,2,50,0.5
145090,2,50,0.5
145140,2,50,0.5
145190,2,50,0.5
145240,2,50,0.5
145260,2,50,0.5
145310,2,50,0.5
145360,2,50,0.5
145410,2,50,0.5
145460,2,50,0.5
145510,2,50,0.5
145530,2,50,0.5
145580,2,50,0.5
145630,2,50,0.5
145680,2,50,0.5
145730,2,50,0.5
145780,2,50,0.5
145800,2,50,0.5
145850,2,50,0.5
145900,2,50,0.5
145950,2,50,0.5
146000,2,50,0.5
146050,2,50,0.5
146070,2,50,0.5
146120,2,50,0.5
146170,2,50,0.5
146220,2,50,0.5
146270,2,50,0.5
146320,2,50,0.5
146340,2,50,0.5
146390,2,50,0.5
146440,2,50,0.5
146490,2,50,0.5
146540,2,50,0.5
146590,2,50,0.5
146610,2,50,0.5
146660,2,50,0.5
146710,2,50,0.5
146760,2,50,0.5
146810,2,50,0.5
146860,2,50,0.5
146880,2,50,0.5
146930,2,50,0.5
146980,2,50,0.5
147030,2,50,0.5
147080,2,50,0.5
147130,2,50,0.5
147150,2,50,0.5
147200,2,50,0.5
147250,2,50,0.5
147300,2,50,0.5
147350,2,50,0.5
147400,2,50,0.5
147420,2,50,0.5
147470,2,50,0.5
147520,2,50,0.5
147570,2,50,0.5
147620,2,50,0.5
147670,2,50,0.5
147690,2,50,0.5
147740,2,50,0.5
147790,2,50,0.5
147840,2,50,0.5
147890,2,50,0.5
147940,2,50,0.5
147960,2,50,0.5
148010,2,50,0.5
148060,2,50,0.5
148110,2,50,0.5
148160,2,50,0.5
148210,2,50,0.5
148230,2,50,0.5
148280,2,50,0.5
148330,2,50,0.5
148380,2,50,0.5
148430,2,50,0.5
148480,2,50,0.5
148500,2,50,0.5
148550,2,50,0.5
148600,2,50,0.5
148650,2,50,0.5
148700,2,50,0.5
148750,2,50,0.5
148770,2,50,0.5
148820,2,50,0.5
148870,2,50,0.5
148920,2,50,0.5
148970,2,50,0.5
149020,2,50,0.5
149040,2,50,0.5
149090,2,50,0.5
149140,2,50,0.5
149190,2,50,0.5
149240,2,50,0.5
149290,2,50,0.5
149310,2,50,0.5
149360,2,50,0.5
149410,2,50,0.5
149460,2,50,0.5
149510,2,50,0.5
149560,2,50,0.5
149580,2,50,0.5
149630,2,50,0.5
149680,2,50,0.5
149730,2,50,0.5
149780,2,50,0.5
149830,2,50,0.5
149850,2,50,0.5
149900,2,50,0.5
149950,2,50,0.5
150000,2,50,0.5
150050,2,50,0.5
150100,2,50,0.5
150120,2,50,0.5
150170,2,50,0.5
150220,2,50,0.5
150270,2,50,0.5
150320,2,50,0.5
150370,2,50,0.5
150390,2,50,0.5
150440,2,50,0.5
150490,2,50,0.5
150540,2,50,0.5
150590,2,50,0.5
150640,2,50,0.5
150660,2,50,0.5
150710,2,50,0.5
150760,2,50,0.5
150810,2,50,0.5
150860,2,50,0.5
150910,2,50,0.5
150930,2,50,0.5
150980,2,50,0.5
151030,2,50,0.5
151080,2,50,0.5
151130,2,50,0.5
151180,2,50,0.5
151200,2,50,0.5
151250,2,50,0.5
151300,2,50,0.5
151350,2,50,0.5
151400,2,50,0.5
151450,2,50,0.5
151470,2,50,0.5
151520,2,50,0.5
151570,2,50,0.5
151620,2,50,0.5
151670,2,50,0.5
151720,2,50,0.5
151740,2,50,0.5
151790,2,50,0.5
151840,2,50,0.5
151890,2,50,0.5
151940,2,50,0.5
151990,2,50,0.5
152010,2,50,0.5
152060,2,50,0.5
152110,2,50,0.5
152160,2,50,0.5
152210,2,50,0.5
152260,2,50,0.5
152280,2,50,0.5
152330,2,50,0.5
152380,2,50,0.5
152430,2,50,0.5
152480,2,50,0.5
152530,2,50,0.5
152550,2,50,0.5
152600,2,50,0.5
152650,2,50,0.5
152700,2,50,0.5
152750,2,50,0.5
152800,2,50,0.5
152820,2,50,0.5
152870,2,50,0.5
152920,2,50,0.5
152970,2,50,0.5
153020,2,50,0.5
153070,2,50,0.5
153090,2,50,0.5
153140,2,50,0.5
153190,2,50,0.5
153240,2,50,0.5
153290,2,50,0.5
153340,2,50,0.5
153360,2,50,0.5
153410,2,50,0.5
153460,2,50,0.5
153510,2,50,0.5
153560,2,50,0.5
153610,2,50,0.5
153630,2,50,0.5
153680,2,50,0.5
153730,2,50,0.5
153780,2,50,0.5
153830,2,50,0.5
153880,2,50,0.5
153900,2,50,0.5
153950,2,50,0.5
154000,2,50,0.5
154050,2,50,0.5
154100,2,50,0.5
154150,2,50,0.5
154170,2,50,0.5
154220,2,50,0.5
154270,2,50,0.5
154320,2,50,0.5
154370,2,50,0.5
154420,2,50,0.5
154440,2,50,0.5
154490,2,50,0.5
154540,2,50,0.5
154590,2,50,0.5
154640,2,50,0.5
154690,2,50,0.5
154710,2,50,0.5
154760,2,50,0.5
154810,2,50,0.5
154860,2,50,0.5
154910,2,50,0.5
154960,2,50,0.5
154980,2,50,0.5
155030,2,50,0.5
155080,2,50,0.5
155130,2,50,0.5
155180,2,50,0.5
155230,2,50,0.5
155250,2,50,0.5
155300,2,50,0.5
155350,2,50,0.5
155400,2,50,0.5
155450,2,50,0.5
155500,2,50,0.5
155520,2,50,0.5
155570,2,50,0.5
155620,2,50,0.5
155670,2,50,0.5
155720,2,50,0.5
155770,2,50,0.5
155790,2,50,0.5
155840,2,50,0.5
155890,2,50,0.5
155940,2,50,0.5
155990,2,50,0.5
156040,2,50,0.5
156060,2,50,0.5
156110,2,50,0.5
156160,2,50,0.5
156210,2,50,0.5
156260,2,50,0.5
156310,2,50,0.5
156330,2,50,0.5
156380,2,50,0.5
156430,2,50,0.5
156480,2,50,0.5
156530,2,50,0.5
156580,2,50,0.5
156600,2,50,0.5
156650,2,50,0.5
156700,2,50,0.5
156750,2,50,0.5
156800,2,50,0.5
156850,2,50,0.5
156870,2,50,0.5
156920,2,50,0.5
156970,2,50,0.5
157020,2,50,0.5
157070,2,50,0.5
157120,2,50,0.5
157140,2,50,0.5
157190,2,50,0.5
157240,2,50,0.5
157290,2,50,0.5
157340,2,50,0.5
157390,2,50,0.5
157410,2,50,0.5
157460,2,50,0.5
157510,2,50,0.5
157560,2,50,0.5
157610,2,50,0.5
157660,2,50,0.5
157680,2,50,0.5
157730,2,50,0.5
157780,2,50,0.5
157830,2,50,0.5
157880,2,50,0.5
157930,2,50,0.5
157950,2,50,0.5
158000,2,50,0.5
158050,2,50,0.5
158100,2,50,0.5
158150,2,50,0.5
158200,2,50,0.5
158220,2,50,0.5
158270,2,50,0.5
158320,2,50,0.5
158370,2,50,0.5
158420,2,50,0.5
158470,2,50,0.5
158490,2,50,0.5
158540,2,50,0.5
158590,2,50,0.5
158640,2,50,0.5
158690,2,50,0.5
158740,2,50,0.5
158760,2,50,0.5
158810,2,50,0.5
158860,2,50,0.5
158910,2,50,0.5
158960,2,50,0.5
159010,2,50,0.5
159030,2,50,0.5
159080,2,50,0.5
159130,2,50,0.5
159180,2,50,0.5
159230,2,50,0.5
159280,2,50,0.5
159300,2,50,0.5
159350,2,50,0.5
159400,2,50,0.5
159450,2,50,0.5
159500,2,50,0.5
159550,2,50,0.5
159570,2,50,0.5
159620,2,50,0.5
159670,2,50,0.5
159720,2,50,0.5
159770,2,50,0.5
159820,2,50,0.5
159840,2,50,0.5
159890,2,50,0.5
159940,2,50,0.5
159990,2,50,0.5
160040,2,50,0.5
160090,2,50,0.5
160110,2,50,0.5
160160,2,50,0.5
160210,2,50,0.5
160260,2,50,0.5
160310,2,50,0.5
160360,2,50,0.5
160380,2,50,0.5
160430,2,50,0.5
160480,2,50,0.5
160530,2,50,0.5
160580,2,50,0.5
160630,2,50,0.5
160650,2,50,0.5
160700,2,50,0.5
160750,2,50,0.5
160800,2,50,0.5
160850,2,50,0.5
160900,2,50,0.5
160920,2,50,0.5
160970,2,50,0.5
161020,2,50,0.5
161070,2,50,0.5
161120,2,50,0.5
161170,2,50,0.5
161190,2,50,0.5
161240,2,50,0.5
161290,2,50,0.5
161340,2,50,0.5
161390,2,50,0.5
161440,2,50,0.5
161460,2,50,0.5
161510,2,50,0.5
161560,2,50,0.5
161610,2,50,0.5
161660,2,50,0.5
161710,2,50,0.5
161730,2,50,0.5
161780,2,50,0.5
161830,2,50,0.5
161880,2,50,0.5
161930,2,50,0.5
161980,2,50,0.5
162000,2,50,0.5
162050,2,50,0.5
162100,2,50,0.5
162150,2,50,0.5
162200,2,50,0.5
162250,2,50,0.5
162270,2,50,0.5
162320,2,50,0.5
162370,2,50,0.5
162420,2,50,0.5
162470,2,50,0.5
162520,2,50,0.5
162540,2,50,0.5
162590,2,50,0.5
162640,2,50,0.5
162690,2,50,0.5
162740,2,50,0.5
162790,2,50,0.5
162810,2,50,0.5
162860,2,50,0.5
162910,2,50,0.5
162960,2,50,0.5
163010,2,50,0.5
163060,2,50,0.5
163080,2,50,0.5
163130,2,50,0.5
163180,2,50,0.5
163230,2,50,0.5
163280,2,50,0.5
163330,2,50,0.5
163350,2,50,0.5
163400,2,50,0.5
163450,2,50,0.5
163500,2,50,0.5
163550,2,50,0.5
163600,2,50,0.5
163620,2,50,0.5
163670,2,50,0.5
163720,2,50,0.5
163770,2,50,0.5
163820,2,50,0.5
163870,2,50,0.5
163890,2,50,0.5
163940,2,50,0.5
163990,2,50,0.5
164040,2,50,0.5
164090,2,50,0.5
164140,2,50,0.5
164160,2,50,0.5
164210,2,50,0.5
164260,2,50,0.5
164310,2,50,0.5
164360,2,50,0.5
164410,2,50,0.5
164430,2,50,0.5
164480,2,50,0.5
164530,2,50,0.5
164580,2,50,0.5
164630,2,50,0.5
164680,2,50,0.5
164700,2,50,0.5
164750,2,50,0.5
164800,2,50,0.5
164850,2,50,0.5
164900,2,50,0.5
164950,2,50,0.5
164970,2,50,0.5
165020,2,50,0.5
165070,2,50,0.5
165120,2,50,0.5
165170,2,50,0.5
165220,2,50,0.5
165240,2,50,0.5
165290,2,50,0.5
165340,2,50,0.5
165390,2,50,0.5
165440,2,50,0.5
165490,2,50,0.5
165510,2,50,0.5
165560,2,50,0.5
165610,2,50,0.5
165660,2,50,0.5
165710,2,50,0.5
165760,2,50,0.5
165780,2,50,0.5
165830,2,50,0.5
165880,2,50,0.5
165930,2,50,0.5
165980,2,50,0.5
166030,2,50,0.5
166050,2,50,0.5
166100,2,50,0.5
166150,2,50,0.5
166200,2,50,0.5
166250,2,50,0.5
166300,2,50,0.5
166320,2,50,0.5
166370,2,50,0.5
166420,2,50,0.5
166470,2,50,0.5
166520,2,50,0.5
166570,2,50,0.5
166590,2,50,0.5
166640,2,50,0.5
166690,2,50,0.5
166740,2,50,0.5
166790,2,50,0.5
166840,2,50,0.5
166860,2,50,0.5
166910,2,50,0.5
166960,2,50,0.5
167010,2,50,0.5
167060,2,50,0.5
167110,2,50,0.5
167130,2,50,0.5
167180,2,50,0.5
167230,2,50,0.5
167280,2,50,0.5
167330,2,50,0.5
167380,2,50,0.5
167400,2,50,0.5
167450,2,50,0.5
167500,2,50,0.5
167550,2,50,0.5
167600,2,50,0.5
167650,2,50,0.5
167670,2,50,0.5
167720,2,50,0.5
167770,2,50,0.5
167820,2,50,0.5
167870,2,50,0.5
167920,2,50,0.5
167940,2,50,0.5
167990,2,50,0.5
168040,2,50,0.5
168090,2,50,0.5
168140,2,50,0.5
168190,2,50,0.5
168210,2,50,0.5
168260,2,50,0.5
168310,2,50,0.5
168360,2,50,0.5
168410,2,50,0.5
168460,2,50,0.5
168480,2,50,0.5
168530,2,50,0.5
168580,2,50,0.5
168630,2,50,0.5
168680,2,50,0.5
168730,2,50,0.5
168750,2,50,0.5
168800,2,50,0.5
168850,2,50,0.5
168900,2,50,0.5
168950,2,50,0.5
169000,2,50,0.5
169020,2,50,0.5
169070,2,50,0.5
169120,2,50,0.5
169170,2,50,0.5
169220,2,50,0.5
169270,2,50,0.5
169290,2,50,0.5
169340,2,50,0.5
169390,2,50,0.5
169440,2,50,0.5
169490,2,50,0.5
169540,2,50,0.5
169560,2,50,0.5
169610,2,50,0.5
169660,2,50,0.5
169710,2,50,0.5
169760,2,50,0.5
169810,2,50,0.5
169830,2,50,0.5
169880,2,50,0.5
169930,2,50,0.5
169980,2,50,0.5
170030,2,50,0.5
170080,2,50,0.5
170100,2,50,0.5
170150,2,50,0.5
170200,2,50,0.5
170250,2,50,0.5
170300,2,50,0.5
170350,2,50,0.5
170370,2,50,0.5
170420,2,50,0.5
170470,2,50,0.5
170520,2,50,0.5
170570,2,50,0.5
170620,2,50,0.5
170640,2,50,0.5
170690,2,50,0.5
170740,2,50,0.5
170790,2,50,0.5
170840,2,50,0.5
170890,2,50,0.5
170910,2,50,0.5
170960,2,50,0.5
171010,2,50,0.5
171060,2,50,0.5
171110,2,50,0.5
171160,2,50,0.5
171180,2,50,0.5
171230,2,50,0.5
171280,2,50,0.5
171330,2,50,0.5
171380,2,50,0.5
171430,2,50,0.5
171450,2,50,0.5
171500,2,50,0.5
171550,2,50,0.5
171600,2,50,0.5
171650,2,50,0.5
171700,2,50,0.5
171720,2,50,0.5
171770,2,50,0.5
171820,2,50,0.5
171870,2,50,0.5
171920,2,50,0.5
171970,2,50,0.5
171990,2,50,0.5
172040,2,50,0.5
172090,2,50,0.5
172140,2,50,0.5
172190,2,50,0.5
172240,2,50,0.5
172260,2,50,0.5
172310,2,50,0.5
172360,2,50,0.5
172410,2,50,0.5
172460,2,50,0.5
172510,2,50,0.5
172530,2,50,0.5
172580,2,50,0.5
172630,2,50,0.5
172680,2,50,0.5
172730,2,50,0.5
172780,2,50,0.5
172800,2,50,0.5
172850,2,50,0.5
172900,2,50,0.5
172950,2,50,0.5
173000,2,50,0.5
173050,2,50,0.5
173070,2,50,0.5
173120,2,50,0.5
173170,2,50,0.5
173220,2,50,0.5
173270,2,50,0.5
173320,2,50,0.5
173340,2,50,0.5
173390,2,50,0.5
173440,2,50,0.5
173490,2,50,0.5
173540,2,50,0.5
173590,2,50,0.5
173610,2,50,0.5
173660,2,50,0.5
173710,2,50,0.5
173760,2,50,0.5
173810,2,50,0.5
173860,2,50,0.5
173880,2,50,0.5
173930,2,50,0.5
173980,2,50,0.5
174030,2,50,0.5
174080,2,50,0.5
174130,2,50,0.5
174150,2,50,0.5
174200,2,50,0.5
174250,2,50,0.5
174300,2,50,0.5
174350,2,50,0.5
174400,2,50,0.5
174420,2,50,0.5
174470,2,50,0.5
174520,2,50,0.5
174570,2,50,0.5
174620,2,50,0.5
174670,2,50,0.5
174690,2,50,0.5
174740,2,50,0.5
174790,2,50,0.5
174840,2,50,0.5
174890,2,50,0.5
174940,2,50,0.5
174960,2,50,0.5
175010,2,50,0.5
175060,2,50,0.5
175110,2,50,0.5
175160,2,50,0.5
175210,2,50,0.5
175230,2,50,0.5
175280,2,50,0.5
175330,2,50,0.5
175380,2,50,0.5
175430,2,50,0.5
175480,2,50,0.5
175500,2,50,0.5
175550,2,50,0.5
175600,2,50,0.5
175650,2,50,0.5
175700,2,50,0.5
175750,2,50,0.5
175770,2,50,0.5
175820,2,50,0.5
175870,2,50,0.5
175920,2,50,0.5
175970,2,50,0.5
176020,2,50,0.5
176040,2,50,0.5
176090,2,50,0.5
176140,2,50,0.5
176190,2,50,0.5
176240,2,50,0.5
176290,2,50,0.5
176310,2,50,0.5
176360,2,50,0.5
176410,2,50,0.5
176460,2,50,0.5
176510,2,50,0.5
176560,2,50,0.5
176580,2,50,0.5
176630,2,50,0.5
176680,2,50,0.5
176730,2,50,0.5
176780,2,50,0.5
176830,2,50,0.5
176850,2,50,0.5
176900,2,50,0.5
176950,2,50,0.5
177000,2,50,0.5
177050,2,50,0.5
177100,2,50,0.5
177120,2,50,0.5
177170,2,50,0.5
177220,2,50,0.5
177270,2,50,0.5
177320,2,50,0.5
177370,2,50,0.5
177390,2,50,0.5
177440,2,50,0.5
177490,2,50,0.5
177540,2,50,0.5
177590,2,50,0.5
177640,2,50,0.5
177660,2,50,0.5
177710,2,50,0.5
177760,2,50,0.5
177810,2,50,0.5
177860,2,50,0.5
177910,2,50,0.5
177930,2,50,0.5
177980,2,50,0.5
178030,2,50,0.5
178080,2,50,0.5
178130,2,50,0.5
178180,2,50,0.5
178200,2,50,0.5
178250,2,50,0.5
178300,2,50,0.5
178350,2,50,0.5
178400,2,50,0.5
178450,2,50,0.5
178470,2,50,0.5
178520,2,50,0.5
178570,2,50,0.5
178620,2,50,0.5
178670,2,50,0.5
178720,2,50,0.5
178740,2,50,0.5
178790,2,50,0.5
178840,2,50,0.5
178890,2,50,0.5
178940,2,50,0.5
178990,2,50,0.5
179010,2,50,0.5
179060,2,50,0.5
179110,2,50,0.5
179160,2,50,0.5
179210,2,50,0.5
179260,2,50,0.5
179280,2,50,0.5
179330,2,50,0.5
179380,2,50,0.5
179430,2,50,0.5
179480,2,50,0.5
179530,2,50,0.5
179550,2,50,0.5
179600,2,50,0.5
179650,2,50,0.5
179700,2,50,0.5
179750,2,50,0.5
179800,2,50,0.5
179820,2,50,0.5
179870,2,50,0.5
179920,2,50,0.5
179970,2,50,0.5
180020,2,50,0.5
180070,2,50,0.5
180090,2,50,0.5
180140,2,50,0.5
180190,2,50,0.5
180240,2,50,0.5
180290,2,50,0.5
180340,2,50,0.5
180360,2,50,0.5
180410,2,50,0.5
180460,2,50,0.5
180510,2,50,0.5
180560,2,50,0.5
180610,2,50,0.5
180630,2,50,0.5
180680,2,50,0.5
180730,2,50,0.5
180780,2,50,0.5
180830,2,50,0.5
180880,2,50,0.5
180900,2,50,0.5
180950,2,50,0.5
181000,2,50,0.5
181050,2,50,0.5
181100,2,50,0.5
181150,2,50,0.5
181170,2,50,0.5
181220,2,50,0.5
181270,2,50,0.5
181320,2,50,0.5
181370,2,50,0.5
181420,2,50,0.5
181440,2,50,0.5
181490,2,50,0.5
181540,2,50,0.5
181590,2,50,0.5
181640,2,50,0.5
181690,2,50,0.5
181710,2,50,0.5
181760,2,50,0.5
181810,2,50,0.5
181860,2,50,0.5
181910,2,50,0.5
181960,2,50,0.5
181980,2,50,0.5
182030,2,50,0.5
182080,2,50,0.5
182130,2,50,0.5
182180,2,50,0.5
182230,2,50,0.5
182250,2,50,0.5
182300,2,50,0.5
182350,2,50,0.5
182400,2,50,0.5
182450,2,50,0.5
182500,2,50,0.5
182520,2,50,0.5
182570,2,50,0.5
182620,2,50,0.5
182670,2,50,0.5
182720,2,50,0.5
182770,2,50,0.5
182790,2,50,0.5
182840,2,50,0.5
182890,2,50,0.5
182940,2,50,0.5
182990,2,50,0.5
183040,2,50,0.5
183060,2,50,0.5
183110,2,50,0.5
183160,2,50,0.5
183210,2,50,0.5
183260,2,50,0.5
183310,2,50,0.5
183330,2,50,0.5
183380,2,50,0.5
183430,2,50,0.5
183480,2,50,0.5
183530,2,50,0.5
183580,2,50,0.5
183600,2,50,0.5
183650,2,50,0.5
183700,2,50,0.5
183750,2,50,0.5
183800,2,50,0.5
183850,2,50,0.5
183870,2,50,0.5
183920,2,50,0.5
183970,2,50,0.5
184020,2,50,0.5
184070,2,50,0.5
184120,2,50,0.5
184140,2,50,0.5
184190,2,50,0.5
184240,2,50,0.5
184290,2,50,0.5
184340,2,50,0.5
184390,2,50,0.5
184410,2,50,0.5
184460,2,50,0.5
184510,2,50,0.5
184560,2,50,0.5
184610,2,50,0.5
184660,2,50,0.5
184680,2,50,0.5
184730,2,50,0.5
184780,2,50,0.5
184830,2,50,0.5
184880,2,50,0.5
184930,2,50,0.5
184950,2,50,0.5
185000,2,50,0.5
185050,2,50,0.5
185100,2,50,0.5
185150,2,50,0.5
185200,2,50,0.5
185220,2,50,0.5
185270,2,50,0.5
185320,2,50,0.5
185370,2,50,0.5
185420,2,50,0.5
185470,2,50,0.5
185490,2,50,0.5
185540,2,50,0.5
185590,2,50,0.5
185640,2,50,0.5
185690,2,50,0.5
185740,2,50,0.5
185760,2,50,0.5
185810,2,50,0.5
185860,2,50,0.5
185910,2,50,0.5
185960,2,50,0.5
186010,2,50,0.5
186030,2,50,0.5
186080,2,50,0.5
186130,2,50,0.5
186180,2,50,0.5
186230,2,50,0.5
186280,2,50,0.5
186300,2,50,0.5
186350,2,50,0.5
186400,2,50,0.5
186450,2,50,0.5
186500,2,50,0.5
186550,2,50,0.5
186570,2,50,0.5
186620,2,50,0.5
186670,2,50,0.5
186720,2,50,0.5
186770,2,50,0.5
186820,2,50,0.5
186840,2,50,0.5
186890,2,50,0.5
186940,2,50,0.5
186990,2,50,0.5
187040,2,50,0.5
187090,2,50,0.5
187110,2,50,0.5
187160,2,50,0.5
187210,2,50,0.5
187260,2,50,0.5
187310,2,50,0.5
187360,2,50,0.5
187380,2,50,0.5
187430,2,50,0.5
187480,2,50,0.5
187530,2,50,0.5
187580,2,50,0.5
187630,2,50,0.5
187650,2,50,0.5
187700,2,50,0.5
187750,2,50,0.5
187800,2,50,0.5
187850,2,50,0.5
187900,2,50,0.5
187920,2,50,0.5
187970,2,50,0.5
188020,2,50,0.5
188070,2,50,0.5
188120,2,50,0.5
188170,2,50,0.5
188190,2,50,0.5
188240,2,50,0.5
188290,2,50,0.5
188340,2,50,0.5
188390,2,50,0.5
188440,2,50,0.5
188460,2,50,0.5
188510,2,50,0.5
188560,2,50,0.5
188610,2,50,0.5
188660,2,50,0.5
188710,2,50,0.5
188730,2,50,0.5
188780,2,50,0.5
188830,2,50,0.5
188880,2,50,0.5
188930,2,50,0.5
188980,2,50,0.5
189000,2,50,0.5
189050,2,50,0.5
189100,2,50,0.5
189150,2,50,0.5
189200,2,50,0.5
189250,2,50,0.5
189270,2,50,0.5
189320,2,50,0.5
189370,2,50,0.5
189420,2,50,0.5
189470,2,50,0.5
189520,2,50,0.5
189540,2,50,0.5
189590,2,50,0.5
189640,2,50,0.5
189690,2,50,0.5
189740,2,50,0.5
189790,2,50,0.5
189810,2,50,0.5
189860,2,50,0.5
189910,2,50,0.5
189960,2,50,0.5
190010,2,50,0.5
190060,2,50,0.5
190080,2,50,0.5
190130,2,50,0.5
190180,2,50,0.5
190230,2,50,0.5
190280,2,50,0.5
190330,2,50,0.5
190350,2,50,0.5
190400,2,50,0.5
190450,2,50,0.5
190500,2,50,0.5
190550,2,50,0.5
190600,2,50,0.5
190620,2,50,0.5
190670,2,50,0.5
190720,2,50,0.5
190770,2,50,0.5
190820,2,50,0.5
190870,2,50,0.5
190890,2,50,0.5
190940,2,50,0.5
190990,2,50,0.5
191040,2,50,0.5
191090,2,50,0.5
191140,2,50,0.5
191160,2,50,0.5
191210,2,50,0.5
191260,2,50,0.5
191310,2,50,0.5
191360,2,50,0.5
191410,2,50,0.5
191430,2,50,0.5
191480,2,50,0.5
191530,2,50,0.5
191580,2,50,0.5
191630,2,50,0.5
191680,2,50,0.5
191700,2,50,0.5
191750,2,50,0.5
191800,2,50,0.5
191850,2,50,0.5
191900,2,50,0.5
191950,2,50,0.5
191970,2,50,0.5
192020,2,50,0.5
192070,2,50,0.5
192120,2,50,0.5
192170,2,50,0.5
192220,2,50,0.5
192240,2,50,0.5
192290,2,50,0.5
192340,2,50,0.5
192390,2,50,0.5
192440,2,50,0.5
192490,2,50,0.5
192510,2,50,0.5
192560,2,50,0.5
192610,2,50,0.5
192660,2,50,0.5
192710,2,50,0.5
192760,2,50,0.5
192780,2,50,0.5
192830,2,50,0.5
192880,2,50,0.5
192930,2,50,0.5
192980,2,50,0.5
193030,2,50,0.5
193050,2,50,0.5
193100,2,50,0.5
193150,2,50,0.5
193200,2,50,0.5
193250,2,50,0.5
193300,2,50,0.5
193320,2,50,0.5
193370,2,50,0.5
193420,2,50,0.5
193470,2,50,0.5
193520,2,50,0.5
193570,2,50,0.5
193590,2,50,0.5
193640,2,50,0.5
193690,2,50,0.5
193740,2,50,0.5
193790,2,50,0.5
193840,2,50,0.5
193860,2,50,0.5
193910,2,50,0.5
193960,2,50,0.5
194010,2,50,0.5
194060,2,50,0.5
194110,2,50,0.5
194130,2,50,0.5
194180,2,50,0.5
194230,2,50,0.5
194280,2,50,0.5
194330,2,50,0.5
194380,2,50,0.5
194400,2,50,0.5
194450,2,50,0.5
194500,2,50,0.5
194550,2,50,0.5
194600,2,50,0.5
194650,2,50,0.5
194670,2,50,0.5
194720,2,50,0.5
194770,2,50,0.5
194820,2,50,0.5
194870,2,50,0.5
194920,2,50,0.5
194940,2,50,0.5
194990,2,50,0.5
195040,2,50,0.5
195090,2,50,0.5
195140,2,50,0.5
195190,2,50,0.5
195210,2,50,0.5
195260,2,50,0.5
195310,2,50,0.5
195360,2,50,0.5
195410,2,50,0.5
195460,2,50,0.5
195480,2,50,0.5
195530,2,50,0.5
195580,2,50,0.5
195630,2,50,0.5
195680,2,50,0.5
195730,2,50,0.5
195750,2,50,0.5
195800,2,50,0.5
195850,2,50,0.5
195900,2,50,0.5
195950,2,50,0.5
196000,2,50,0.5
196020,2,50,0.5
196070,2,50,0.5
196120,2,50,0.5
196170,2,50,0.5
196220,2,50,0.5
196270,2,50,0.5
196290,2,50,0.5
196340,2,50,0.5
196390,2,50,0.5
196440,2,50,0.5
196490,2,50,0.5
196540,2,50,0.5
196560,2,50,0.5
196610,2,50,0.5
196660,2,50,0.5
196710,2,50,0.5
196760,2,50,0.5
196810,2,50,0.5
196830,2,50,0.5
196880,2,50,0.5
196930,2,50,0.5
196980,2,50,0.5
197030,2,50,0.5
197080,2,50,0.5
197100,2,50,0.5
197150,2,50,0.5
197200,2,50,0.5
197250,2,50,0.5
197300,2,50,0.5
197350,2,50,0.5
197370,2,50,0.5
197420,2,50,0.5
197470,2,50,0.5
197520,2,50,0.5
197570,2,50,0.5
197620,2,50,0.5
197640,2,50,0.5
197690,2,50,0.5
197740,2,50,0.5
197790,2,50,0.5
197840,2,50,0.5
197890,2,50,0.5
197910,2,50,0.5
197960,2,50,0.5
198010,2,50,0.5
198060,2,50,0.5
198110,2,50,0.5
198160,2,50,0.5
198180,2,50,0.5
198230,2,50,0.5
198280,2,50,0.5
198330,2,50,0.5
198380,2,50,0.5
198430,2,50,0.5
198450,2,50,0.5
198500,2,50,0.5
198550,2,50,0.5
198600,2,50,0.5
198650,2,50,0.5
198700,2,50,0.5
198720,2,50,0.5
198770,2,50,0.5
198820,2,50,0.5
198870,2,50,0.5
198920,2,50,0.5
198970,2,50,0.5
198990,2,50,0.5
199040,2,50,0.5
199090,2,50,0.5
199140,2,50,0.5
199190,2,50,0.5
199240,2,50,0.5
199260,2,50,0.5
199310,2,50,0.5
199360,2,50,0.5
199410,2,50,0.5
199460,2,50,0.5
199510,2,50,0.5
199530,2,50,0.5
199580,2,50,0.5
199630,2,50,0.5
199680,2,50,0.5
199730,2,50,0.5
199780,2,50,0.5
199800,2,50,0.5
199850,2,50,0.5
199900,2,50,0.5
199950,2,50,0.5
200000,2,50,0.5
200050,2,50,0.5
200070,2,50,0.5
200120,2,50,0.5
200170,2,50,0.5
200220,2,50,0.5
200270,2,50,0.5
200320,2,50,0.5
200340,2,50,0.5
200390,2,50,0.5
200440,2,50,0.5
200490,2,50,0.5
200540,2,50,0.5
200590,2,50,0.5
200610,2,50,0.5
200660,2,50,0.5
200710,2,50,0.5
200760,2,50,0.5
200810,2,50,0.5
200860,2,50,0.5
200880,2,50,0.5
200930,2,50,0.5
200980,2,50,0.5
201030,2,50,0.5
201080,2,50,0.5
201130,2,50,0.5
201150,2,50,0.5
201200,2,50,0.5
201250,2,50,0.5
201300,2,50,0.5
201350,2,50,0.5
201400,2,50,0.5
201420,2,50,0.5
201470,2,50,0.5
201520,2,50,0.5
201570,2,50,0.5
201620,2,50,0.5
201670,2,50,0.5
201690,2,50,0.5
201740,2,50,0.5
201790,2,50,0.5
201840,2,50,0.5
201890,2,50,0.5
201940,2,50,0.5
201960,2,50,0.5
202010,2,50,0.5
202060,2,50,0.5
202110,2,50,0.5
202160,2,50,0.5
202210,2,50,0.5
202230,2,50,0.5
202280,2,50,0.5
202330,2,50,0.5
202380,2,50,0.5
202430,2,50,0.5
202480,2,50,0.5
202500,2,50,0.5
202550,2,50,0.5
202600,2,50,0.5
202650,2,50,0.5
202700,2,50,0.5
202750,2,50,0.5
202770,2,50,0.5
202820,2,50,0.5
202870,2,50,0.5
202920,2,50,0.5
202970,2,50,0.5
203020,2,50,0.5
203040,2,50,0.5
203090,2,50,0.5
203140,2,50,0.5
203190,2,50,0.5
203240,2,50,0.5
203290,2,50,0.5
203310,2,50,0.5
203360,2,50,0.5
203410,2,50,0.5
203460,2,50,0.5
203510,2,50,0.5
203560,2,50,0.5
203580,2,50,0.5
203630,2,50,0.5
203680,2,50,0.5
203730,2,50,0.5
203780,2,50,0.5
203830,2,50,0.5
203850,2,50,0.5
203900,2,50,0.5
203950,2,50,0.5
204000,2,50,0.5
204050,2,50,0.5
204100,2,50,0.5
204120,2,50,0.5
204170,2,50,0.5
204220,2,50,0.5
204270,2,50,0.5
204320,2,50,0.5
204370,2,50,0.5
204390,2,50,0.5
204440,2,50,0.5
204490,2,50,0.5
204540,2,50,0.5
204590,2,50,0.5
204640,2,50,0.5
204660,2,50,0.5
204710,2,50,0.5
204760,2,50,0.5
204810,2,50,0.5
204860,2,50,0.5
204910,2,50,0.5
204930,2,50,0.5
204980,2,50,0.5
205030,2,50,0.5
205080,2,50,0.5
205130,2,50,0.5
205180,2,50,0.5
205200,2,50,0.5
205250,2,50,0.5
205300,2,50,0.5
205350,2,50,0.5
205400,2,50,0.5
205450,2,50,0.5
205470,2,50,0.5
205520,2,50,0.5
205570,2,50,0.5
205620,2,50,0.5
205670,2,50,0.5
205720,2,50,0.5
205740,2,50,0.5
205790,2,50,0.5
205840,2,50,0.5
205890,2,50,0.5
205940,2,50,0.5
205990,2,50,0.5
206010,2,50,0.5
206060,2,50,0.5
206110,2,50,0.5
206160,2,50,0.5
206210,2,50,0.5
206260,2,50,0.5
206280,2,50,0.5
206330,2,50,0.5
206380,2,50,0.5
206430,2,50,0.5
206480,2,50,0.5
206530,2,50,0.5
206550,2,50,0.5
206600,2,50,0.5
206650,2,50,0.5
206700,2,50,0.5
206750,2,50,0.5
206800,2,50,0.5
206820,2,50,0.5
206870,2,50,0.5
206920,2,50,0.5
206970,2,50,0.5
207020,2,50,0.5
207070,2,50,0.5
207090,2,50,0.5
207140,2,50,0.5
207190,2,50,0.5
207240,2,50,0.5
207290,2,50,0.5
207340,2,50,0.5
207360,2,50,0.5
207410,2,50,0.5
207460,2,50,0.5
207510,2,50,0.5
207560,2,50,0.5
207610,2,50,0.5
207630,2,50,0.5
207680,2,50,0.5
207730,2,50,0.5
207780,2,50,0.5
207830,2,50,0.5
207880,2,50,0.5
207900,2,50,0.5
207950,2,50,0.5
208000,2,50,0.5
208050,2,50,0.5
208100,2,50,0.5
208150,2,50,0.5
208170,2,50,0.5
208220,2,50,0.5
208270,2,50,0.5
208320,2,50,0.5
208370,2,50,0.5
208420,2,50,0.5
208440,2,50,0.5
208490,2,50,0.5
208540,2,50,0.5
208590,2,50,0.5
208640,2,50,0.5
208690,2,50,0.5
208710,2,50,0.5
208760,2,50,0.5
208810,2,50,0.5
208860,2,50,0.5
208910,2,50,0.5
208960,2,50,0.5
208980,2,50,0.5
209030,2,50,0.5
209080,2,50,0.5
209130,2,50,0.5
209180,2,50,0.5
209230,2,50,0.5
209250,2,50,0.5
209300,2,50,0.5
209350,2,50,0.5
209400,2,50,0.5
209450,2,50,0.5
209500,2,50,0.5
209520,2,50,0.5
209570,2,50,0.5
209620,2,50,0.5
209670,2,50,0.5
209720,2,50,0.5
209770,2,50,0.5
209790,2,50,0.5
209840,2,50,0.5
209890,2,50,0.5
209940,2,50,0.5
209990,2,50,0.5
210040,2,50,0.5
210060,2,50,0.5
210110,2,50,0.5
210160,2,50,0.5
210210,2,50,0.5
210260,2,50,0.5
210310,2,50,0.5
210330,2,50,0.5
210380,2,50,0.5
210430,2,50,0.5
210480,2,50,0.5
210530,2,50,0.5
210580,2,50,0.5
210600,2,50,0.5
210650,2,50,0.5
210700,2,50,0.5
210750,2,50,0.5
210800,2,50,0.5
210850,2,50,0.5
210870,2,50,0.5
210920,2,50,0.5
210970,2,50,0.5
211020,2,50,0.5
211070,2,50,0.5
211120,2,50,0.5
211140,2,50,0.5
211190,2,50,0.5
211240,2,50,0.5
211290,2,50,0.5
211340,2,50,0.5
211390,2,50,0.5
211410,2,50,0.5
211460,2,50,0.5
211510,2,50,0.5
211560,2,50,0.5
211610,2,50,0.5
211660,2,50,0.5
211680,2,50,0.5
211730,2,50,0.5
211780,2,50,0.5
211830,2,50,0.5
211880,2,50,0.5
211930,2,50,0.5
211950,2,50,0.5
212000,2,50,0.5
212050,2,50,0.5
212100,2,50,0.5
212150,2,50,0.5
212200,2,50,0.5
212220,2,50,0.5
212270,2,50,0.5
212320,2,50,0.5
212370,2,50,0.5
212420,2,50,0.5
212470,2,50,0.5
212490,2,50,0.5
212540,2,50,0.5
212590,2,50,0.5
212640,2,50,0.5
212690,2,50,0.5
212740,2,50,0.5
212760,2,50,0.5
212810,2,50,0.5
212860,2,50,0.5
212910,2,50,0.5
212960,2,50,0.5
213010,2,50,0.5
213030,2,50,0.5
213080,2,50,0.5
213130,2,50,0.5
213180,2,50,0.5
213230,2,50,0.5
213280,2,50,0.5
213300,2,50,0.5
213350,2,50,0.5
213400,2,50,0.5
213450,2,50,0.5
213500,2,50,0.5
213550,2,50,0.5
213570,2,50,0.5
213620,2,50,0.5
213670,2,50,0.5
213720,2,50,0.5
213770,2,50,0.5
213820,2,50,0.5
213840,2,50,0.5
213890,2,50,0.5
213940,2,50,0.5
213990,2,50,0.5
214040,2,50,0.5
214090,2,50,0.5
214110,2,50,0.5
214160,2,50,0.5
214210,2,50,0.5
214260,2,50,0.5
214310,2,50,0.5
214360,2,50,0.5
214380,2,50,0.5
214430,2,50,0.5
214480,2,50,0.5
214530,2,50,0.5
214580,2,50,0.5
214630,2,50,0.5
214650,2,50,0.5
214700,2,50,0.5
214750,2,50,0.5
214800,2,50,0.5
214850,2,50,0.5
214900,2,50,0.5
214920,2,50,0.5
214970,2,50,0.5
215020,2,50,0.5
215070,2,50,0.5
215120,2,50,0.5
215170,2,50,0.5
215190,2,50,0.5
215240,2,50,0.5
215290,2,50,0.5
215340,2,50,0.5
215390,2,50,0.5
215440,2,50,0.5
215460,2,50,0.5
215510,2,50,0.5
215560,2,50,0.5
215610,2,50,0.5
215660,2,50,0.5
215710,2,50,0.5
215730,2,50,0.5
215780,2,50,0.5
215830,2,50,0.5
215880,2,50,0.5
215930,2,50,0.5
215980,2,50,0.5
216000,2,50,0.5
216050,2,50,0.5
216100,2,50,0.5
216150,2,50,0.5
216200,2,50,0.5
216250,2,50,0.5
216270,2,50,0.5
216320,2,50,0.5
216370,2,50,0.5
216420,2,50,0.5
216470,2,50,0.5
216520,2,50,0.5
216540,2,50,0.5
216590,2,50,0.5
216640,2,50,0.5
216690,2,50,0.5
216740,2,50,0.5
216790,2,50,0.5
216810,2,50,0.5
216860,2,50,0.5
216910,2,50,0.5
216960,2,50,0.5
217010,2,50,0.5
217060,2,50,0.5
217080,2,50,0.5
217130,2,50,0.5
217180,2,50,0.5
217230,2,50,0.5
217280,2,50,0.5
217330,2,50,0.5
217350,2,50,0.5
217400,2,50,0.5
217450,2,50,0.5
217500,2,50,0.5
217550,2,50,0.5
217600,2,50,0.5
217620,2,50,0.5
217670,2,50,0.5
217720,2,50,0.5
217770,2,50,0.5
217820,2,50,0.5
217870,2,50,0.5
217890,2,50,0.5
217940,2,50,0.5
217990,2,50,0.5
218040,2,50,0.5
218090,2,50,0.5
218140,2,50,0.5
218160,2,50,0.5
218210,2,50,0.5
218260,2,50,0.5
218310,2,50,0.5
218360,2,50,0.5
218410,2,50,0.5
218430,2,50,0.5
218480,2,50,0.5
218530,2,50,0.5
218580,2,50,0.5
218630,2,50,0.5
218680,2,50,0.5
218700,2,50,0.5
218750,2,50,0.5
218800,2,50,0.5
218850,2,50,0.5
218900,2,50,0.5
218950,2,50,0.5
218970,2,50,0.5
219020,2,50,0.5
219070,2,50,0.5
219120,2,50,0.5
219170,2,50,0.5
219220,2,50,0.5
219240,2,50,0.5
219290,2,50,0.5
219340,2,50,0.5
219390,2,50,0.5
219440,2,50,0.5
219490,2,50,0.5
219510,2,50,0.5
219560,2,50,0.5
219610,2,50,0.5
219660,2,50,0.5
219710,2,50,0.5
219760,2,50,0.5
219780,2,50,0.5
219830,2,50,0.5
219880,2,50,0.5
219930,2,50,0.5
219980,2,50,0.5
220030,2,50,0.5
220050,2,50,0.5
220100,2,50,0.5
220150,2,50,0.5
220200,2,50,0.5
220250,2,50,0.5
220300,2,50,0.5
220320,2,50,0.5
220370,2,50,0.5
220420,2,50,0.5
220470,2,50,0.5
220520,2,50,0.5
220570,2,50,0.5
220590,2,50,0.5
220640,2,50,0.5
220690,2,50,0.5
220740,2,50,0.5
220790,2,50,0.5
220840,2,50,0.5
220860,2,50,0.5
220910,2,50,0.5
220960,2,50,0.5
221010,2,50,0.5
221060,2,50,0.5
221110,2,50,0.5
221130,2,50,0.5
221180,2,50,0.5
221230,2,50,0.5
221280,2,50,0.5
221330,2,50,0.5
221380,2,50,0.5
221400,2,50,0.5
221450,2,50,0.5
221500,2,50,0.5
221550,2,50,0.5
221600,2,50,0.5
221650,2,50,0.5
221670,2,50,0.5
221720,2,50,0.5
221770,2,50,0.5
221820,2,50,0.5
221870,2,50,0.5
221920,2,50,0.5
221940,2,50,0.5
221990,2,50,0.5
222040,2,50,0.5
222090,2,50,0.5
222140,2,50,0.5
222190,2,50,0.5
222210,2,50,0.5
222260,2,50,0.5
222310,2,50,0.5
222360,2,50,0.5
222410,2,50,0.5
222460,2,50,0.5
222480,2,50,0.5
222530,2,50,0.5
222580,2,50,0.5
222630,2,50,0.5
222680,2,50,0.5
222730,2,50,0.5
222750,2,50,0.5
222800,2,50,0.5
222850,2,50,0.5
222900,2,50,0.5
222950,2,50,0.5
223000,2,50,0.5
223020,2,50,0.5
223070,2,50,0.5
223120,2,50,0.5
223170,2,50,0.5
223220,2,50,0.5
223270,2,50,0.5
223290,2,50,0.5
223340,2,50,0.5
223390,2,50,0.5
223440,2,50,0.5
223490,2,50,0.5
223540,2,50,0.5
223560,2,50,0.5
223610,2,50,0.5
223660,2,50,0.5
223710,2,50,0.5
223760,2,50,0.5
223810,2,50,0.5
223830,2,50,0.5
223880,2,50,0.5
223930,2,50,0.5
223980,2,50,0.5
224030,2,50,0.5
224080,2,50,0.5
224100,2,50,0.5
224150,2,50,0.5
224200,2,50,0.5
224250,2,50,0.5
224300,2,50,0.5
224350,2,50,0.5
224370,2,50,0.5
224420,2,50,0.5
224470,2,50,0.5
224520,2,50,0.5
224570,2,50,0.5
224620,2,50,0.5
224640,2,50,0.5
224690,2,50,0.5
224740,2,50,0.5
224790,2,50,0.5
224840,2,50,0.5
224890,2,50,0.5
224910,2,50,0.5
224960,2,50,0.5
225010,2,50,0.5
225060,2,50,0.5
225110,2,50,0.5
225160,2,50,0.5
225180,2,50,0.5
225230,2,50,0.5
225280,2,50,0.5
225330,2,50,0.5
225380,2,50,0.5
225430,2,50,0.5
225450,2,50,0.5
225500,2,50,0.5
225550,2,50,0.5
225600,2,50,0.5
225650,2,50,0.5
225700,2,50,0.5
225720,2,50,0.5
225770,2,50,0.5
225820,2,50,0.5
225870,2,50,0.5
225920,2,50,0.5
225970,2,50,0.5
225990,2,50,0.5
226040,2,50,0.5
226090,2,50,0.5
226140,2,50,0.5
226190,2,50,0.5
226240,2,50,0.5
226260,2,50,0.5
226310,2,50,0.5
226360,2,50,0.5
226410,2,50,0.5
226460,2,50,0.5
226510,2,50,0.5
226530,2,50,0.5
226580,2,50,0.5
226630,2,50,0.5
226680,2,50,0.5
226730,2,50,0.5
226780,2,50,0.5
226800,2,50,0.5
226850,2,50,0.5
226900,2,50,0.5
226950,2,50,0.5
227000,2,50,0.5
227050,2,50,0.5
227070,2,50,0.5
227120,2,50,0.5
227170,2,50,0.5
227220,2,50,0.5
227270,2,50,0.5
227320,2,50,0.5
227340,2,50,0.5
227390,2,50,0.5
227440,2,50,0.5
227490,2,50,0.5
227540,2,50,0.5
227590,2,50,0.5
227610,2,50,0.5
227660,2,50,0.5
227710,2,50,0.5
227760,2,50,0.5
227810,2,50,0.5
227860,2,50,0.5
227880,2,50,0.5
227930,2,50,0.5
227980,2,50,0.5
228030,2,50,0.5
228080,2,50,0.5
228130,2,50,0.5
228150,2,50,0.5
228200,2,50,0.5
228250,2,50,0.5
228300,2,50,0.5
228350,2,50,0.5
228400,2,50,0.5
228420,2,50,0.5
228470,2,50,0.5
228520,2,50,0.5
228570,2,50,0.5
228620,2,50,0.5
228670,2,50,0.5
228690,2,50,0.5
228740,2,50,0.5
228790,2,50,0.5
228840,2,50,0.5
228890,2,50,0.5
228940,2,50,0.5
228960,2,50,0.5
229010,2,50,0.5
229060,2,50,0.5
229110,2,50,0.5
229160,2,50,0.5
229210,2,50,0.5
229230,2,50,0.5
229280,2,50,0.5
229330,2,50,0.5
229380,2,50,0.5
229430,2,50,0.5
229480,2,50,0.5
229500,2,50,0.5
229550,2,50,0.5
229600,2,50,0.5
229650,2,50,0.5
229700,2,50,0.5
229750,2,50,0.5
229770,2,50,0.5
229820,2,50,0.5
229870,2,50,0.5
229920,2,50,0.5
229970,2,50,0.5
230020,2,50,0.5
230040,2,50,0.5
230090,2,50,0.5
230140,2,50,0.5
230190,2,50,0.5
230240,2,50,0.5
230290,2,50,0.5
230310,2,50,0.5
230360,2,50,0.5
230410,2,50,0.5
230460,2,50,0.5
230510,2,50,0.5
230560,2,50,0.5
230580,2,50,0.5
230630,2,50,0.5
230680,2,50,0.5
230730,2,50,0.5
230780,2,50,0.5
230830,2,50,0.5
230850,2,50,0.5
230900,2,50,0.5
230950,2,50,0.5
231000,2,50,0.5
231050,2,50,0.5
231100,2,50,0.5
231120,2,50,0.5
231170,2,50,0.5
231220,2,50,0.5
231270,2,50,0.5
231320,2,50,0.5
231370,2,50,0.5
231390,2,50,0.5
231440,2,50,0.5
231490,2,50,0.5
231540,2,50,0.5
231590,2,50,0.5
231640,2,50,0.5
231660,2,50,0.5
231710,2,50,0.5
231760,2,50,0.5
231810,2,50,0.5
231860,2,50,0.5
231910,2,50,0.5
231930,2,50,0.5
231980,2,50,0.5
232030,2,50,0.5
232080,2,50,0.5
232130,2,50,0.5
232180,2,50,0.5
232200,2,50,0.5
232250,2,50,0.5
232300,2,50,0.5
232350,2,50,0.5
232400,2,50,0.5
232450,2,50,0.5
232470,2,50,0.5
232520,2,50,0.5
232570,2,50,0.5
232620,2,50,0.5
232670,2,50,0.5
232720,2,50,0.5
232740,2,50,0.5
232790,2,50,0.5
232840,2,50,0.5
232890,2,50,0.5
232940,2,50,0.5
232990,2,50,0.5
233010,2,50,0.5
233060,2,50,0.5
233110,2,50,0.5
233160,2,50,0.5
233210,2,50,0.5
233260,2,50,0.5
233280,2,50,0.5
233330,2,50,0.5
233380,2,50,0.5
233430,2,50,0.5
233480,2,50,0.5
233530,2,50,0.5
233550,2,50,0.5
233600,2,50,0.5
233650,2,50,0.5
233700,2,50,0.5
233750,2,50,0.5
233800,2,50,0.5
233820,2,50,0.5
233870,2,50,0.5
233920,2,50,0.5
233970,2,50,0.5
234020,2,50,0.5
234070,2,50,0.5
234090,2,50,0.5
234140,2,50,0.5
234190,2,50,0.5
234240,2,50,0.5
234290,2,50,0.5
234340,2,50,0.5
234360,2,50,0.5
234410,2,50,0.5
234460,2,50,0.5
234510,2,50,0.5
234560,2,50,0.5
234610,2,50,0.5
234630,2,50,0.5
234680,2,50,0.5
234730,2,50,0.5
234780,2,50,0.5
234830,2,50,0.5
234880,2,50,0.5
234900,2,50,0.5
234950,2,50,0.5
235000,2,50,0.5
235050,2,50,0.5
235100,2,50,0.5
235150,2,50,0.5
235170,2,50,0.5
235220,2,50,0.5
235270,2,50,0.5
235320,2,50,0.5
235370,2,50,0.5
235420,2,50,0.5
235440,2,50,0.5
235490,2,50,0.5
235540,2,50,0.5
235590,2,50,0.5
235640,2,50,0.5
235690,2,50,0.5
235710,2,50,0.5
235760,2,50,0.5
235810,2,50,0.5
235860,2,50,0.5
235910,2,50,0.5
235960,2,50,0.5
235980,2,50,0.5
236030,2,50,0.5
236080,2,50,0.5
236130,2,50,0.5
236180,2,50,0.5
236230,2,50,0.5
236250,2,50,0.5
236300,2,50,0.5
236350,2,50,0.5
236400,2,50,0.5
236450,2,50,0.5
236500,2,50,0.5
236520,2,50,0.5
236570,2,50,0.5
236620,2,50,0.5
236670,2,50,0.5
236720,2,50,0.5
236770,2,50,0.5
236790,2,50,0.5
236840,2,50,0.5
236890,2,50,0.5
236940,2,50,0.5
236990,2,50,0.5
237040,2,50,0.5
237060,2,50,0.5
237110,2,50,0.5
237160,2,50,0.5
237210,2,50,0.5
237260,2,50,0.5
237310,2,50,0.5
237330,2,50,0.5
237380,2,50,0.5
237430,2,50,0.5
237480,2,50,0.5
237530,2,50,0.5
237580,2,50,0.5
237600,2,50,0.5
237650,2,50,0.5
237700,2,50,0.5
237750,2,50,0.5
237800,2,50,0.5
237850,2,50,0.5
237870,2,50,0.5
237920,2,50,0.5
237970,2,50,0.5
238020,2,50,0.5
238070,2,50,0.5
238120,2,50,0.5
238140,2,50,0.5
238190,2,50,0.5
238240,2,50,0.5
238290,2,50,0.5
238340,2,50,0.5
238390,2,50,0.5
238410,2,50,0.5
238460,2,50,0.5
238510,2,50,0.5
238560,2,50,0.5
238610,2,50,0.5
238660,2,50,0.5
238680,2,50,0.5
238730,2,50,0.5
238780,2,50,0.5
238830,2,50,0.5
238880,2,50,0.5
238930,2,50,0.5
238950,2,50,0.5
239000,2,50,0.5
239050,2,50,0.5
239100,2,50,0.5
239150,2,50,0.5
239200,2,50,0.5
239220,2,50,0.5
239270,2,50,0.5
239320,2,50,0.5
239370,2,50,0.5
239420,2,50,0.5
239470,2,50,0.5
239490,2,50,0.5
239540,2,50,0.5
239590,2,50,0.5
239640,2,50,0.5
239690,2,50,0.5
239740,2,50,0.5
239760,2,50,0.5
239810,2,50,0.5
239860,2,50,0.5
239910,2,50,0.5
239960,2,50,0.5
240010,2,50,0.5
240030,2,50,0.5
240080,2,50,0.5
240130,2,50,0.5
240180,2,50,0.5
240230,2,50,0.5
240280,2,50,0.5
240300,2,50,0.5
240350,2,50,0.5
240400,2,50,0.5
240450,2,50,0.5
240500,2,50,0.5
240550,2,50,0.5
240570,2,50,0.5
240620,2,50,0.5
240670,2,50,0.5
240720,2,50,0.5
240770,2,50,0.5
240820,2,50,0.5
240840,2,50,0.5
240890,2,50,0.5
240940,2,50,0.5
240990,2,50,0.5
241040,2,50,0.5
241090,2,50,0.5
241110,2,50,0.5
241160,2,50,0.5
241210,2,50,0.5
241260,2,50,0.5
241310,2,50,0.5
241360,2,50,0.5
241380,2,50,0.5
241430,2,50,0.5
241480,2,50,0.5
241530,2,50,0.5
241580,2,50,0.5
241630,2,50,0.5
241650,2,50,0.5
241700,2,50,0.5
241750,2,50,0.5
241800,2,50,0.5
241850,2,50,0.5
241900,2,50,0.5
241920,2,50,0.5
241970,2,50,0.5
242020,2,50,0.5
242070,2,50,0.5
242120,2,50,0.5
242170,2,50,0.5
242190,2,50,0.5
242240,2,50,0.5
242290,2,50,0.5
242340,2,50,0.5
242390,2,50,0.5
242440,2,50,0.5
242460,2,50,0.5
242510,2,50,0.5
242560,2,50,0.5
242610,2,50,0.5
242660,2,50,0.5
242710,2,50,0.5
242730,2,50,0.5
242780,2,50,0.5
242830,2,50,0.5
242880,2,50,0.5
242930,2,50,0.5
242980,2,50,0.5
243000,2,50,0.5
243050,2,50,0.5
243100,2,50,0.5
243150,2,50,0.5
243200,2,50,0.5
243250,2,50,0.5
243270,2,50,0.5
243320,2,50,0.5
243370,2,50,0.5
243420,2,50,0.5
243470,2,50,0.5
243520,2,50,0.5
243540,2,50,0.5
243590,2,50,0.5
243640,2,50,0.5
243690,2,50,0.5
243740,2,50,0.5
243790,2,50,0.5
243810,2,50,0.5
243860,2,50,0.5
243910,2,50,0.5
243960,2,50,0.5
244010,2,50,0.5
244060,2,50,0.5
244080,2,50,0.5
244130,2,50,0.5
244180,2,50,0.5
244230,2,50,0.5
244280,2,50,0.5
244330,2,50,0.5
244350,2,50,0.5
244400,2,50,0.5
244450,2,50,0.5
244500,2,50,0.5
244550,2,50,0.5
244600,2,50,0.5
244620,2,50,0.5
244670,2,50,0.5
244720,2,50,0.5
244770,2,50,0.5
244820,2,50,0.5
244870,2,50,0.5
244890,2,50,0.5
244940,2,50,0.5
244990,2,50,0.5
245040,2,50,0.5
245090,2,50,0.5
245140,2,50,0.5
245160,2,50,0.5
245210,2,50,0.5
245260,2,50,0.5
245310,2,50,0.5
245360,2,50,0.5
245410,2,50,0.5
245430,2,50,0.5
245480,2,50,0.5
245530,2,50,0.5
245580,2,50,0.5
245630,2,50,0.5
245680,2,50,0.5
245700,2,50,0.5
245750,2,50,0.5
245800,2,50,0.5
245850,2,50,0.5
245900,2,50,0.5
245950,2,50,0.5
245970,2,50,0.5
246020,2,50,0.5
246070,2,50,0.5
246120,2,50,0.5
246170,2,50,0.5
246220,2,50,0.5
246240,2,50,0.5
246290,2,50,0.5
246340,2,50,0.5
246390,2,50,0.5
246440,2,50,0.5
246490,2,50,0.5
246510,2,50,0.5
246560,2,50,0.5
246610,2,50,0.5
246660,2,50,0.5
246710,2,50,0.5
246760,2,50,0.5
246780,2,50,0.5
246830,2,50,0.5
246880,2,50,0.5
246930,2,50,0.5
246980,2,50,0.5
247030,2,50,0.5
247050,2,50,0.5
247100,2,50,0.5
247150,2,50,0.5
247200,2,50,0.5
247250,2,50,0.5
247300,2,50,0.5
247320,2,50,0.5
247370,2,50,0.5
247420,2,50,0.5
247470,2,50,0.5
247520,2,50,0.5
247570,2,50,0.5
247590,2,50,0.5
247640,2,50,0.5
247690,2,50,0.5
247740,2,50,0.5
247790,2,50,0.5
247840,2,50,0.5
247860,2,50,0.5
247910,2,50,0.5
247960,2,50,0.5
248010,2,50,0.5
248060,2,50,0.5
248110,2,50,0.5
248130,2,50,0.5
248180,2,50,0.5
248230,2,50,0.5
248280,2,50,0.5
248330,2,50,0.5
248380,2,50,0.5
248400,2,50,0.5
248450,2,50,0.5
248500,2,50,0.5
248550,2,50,0.5
248600,2,50,0.5
248650,2,50,0.5
248670,2,50,0.5
248720,2,50,0.5
248770,2,50,0.5
248820,2,50,0.5
248870,2,50,0.5
248920,2,50,0.5
248940,2,50,0.5
248990,2,50,0.5
249040,2,50,0.5
249090,2,50,0.5
249140,2,50,0.5
249190,2,50,0.5
249210,2,50,0.5
249260,2,50,0.5
249310,2,50,0.5
249360,2,50,0.5
249410,2,50,0.5
249460,2,50,0.5
249480,2,50,0.5
249530,2,50,0.5
249580,2,50,0.5
249630,2,50,0.5
249680,2,50,0.5
249730,2,50,0.5
249750,2,50,0.5
249800,2,50,0.5
249850,2,50,0.5
249900,2,50,0.5
249950,2,50,0.5
250000,2,50,0.5
250020,2,50,0.5
250070,2,50,0.5
250120,2,50,0.5
250170,2,50,0.5
250220,2,50,0.5
250270,2,50,0.5
250290,2,50,0.5
250340,2,50,0.5
250390,2,50,0.5
250440,2,50,0.5
250490,2,50,0.5
250540,2,50,0.5
250560,2,50,0.5
250610,2,50,0.5
250660,2,50,0.5
250710,2,50,0.5
250760,2,50,0.5
250810,2,50,0.5
250830,2,50,0.5
250880,2,50,0.5
250930,2,50,0.5
250980,2,50,0.5
251030,2,50,0.5
251080,2,50,0.5
251100,2,50,0.5
251150,2,50,0.5
251200,2,50,0.5
251250,2,50,0.5
251300,2,50,0.5
251350,2,50,0.5
251370,2,50,0.5
251420,2,50,0.5
251470,2,50,0.5
251520,2,50,0.5
251570,2,50,0.5
251620,2,50,0.5
251640,2,50,0.5
251690,2,50,0.5
251740,2,50,0.5
251790,2,50,0.5
251840,2,50,0.5
251890,2,50,0.5
251910,2,50,0.5
251960,2,50,0.5
252010,2,50,0.5
252060,2,50,0.5
252110,2,50,0.5
252160,2,50,0.5
252180,2,50,0.5
252230,2,50,0.5
252280,2,50,0.5
252330,2,50,0.5
252380,2,50,0.5
252430,2,50,0.5
252450,2,50,0.5
252500,2,50,0.5
252550,2,50,0.5
252600,2,50,0.5
252650,2,50,0.5
252700,2,50,0.5
252720,2,50,0.5
252770,2,50,0.5
252820,2,50,0.5
252870,2,50,0.5
252920,2,50,0.5
252970,2,50,0.5
252990,2,50,0.5
253040,2,50,0.5
253090,2,50,0.5
253140,2,50,0.5
253190,2,50,0.5
253240,2,50,0.5
253260,2,50,0.5
253310,2,50,0.5
253360,2,50,0.5
253410,2,50,0.5
253460,2,50,0.5
253510,2,50,0.5
253530,2,50,0.5
253580,2,50,0.5
253630,2,50,0.5
253680,2,50,0.5
253730,2,50,0.5
253780,2,50,0.5
253800,2,50,0.5
253850,2,50,0.5
253900,2,50,0.5
253950,2,50,0.5
254000,2,50,0.5
254050,2,50,0.5
254070,2,50,0.5
254120,2,50,0.5
254170,2,50,0.5
254220,2,50,0.5
254270,2,50,0.5
254320,2,50,0.5
254340,2,50,0.5
254390,2,50,0.5
254440,2,50,0.5
254490,2,50,0.5
254540,2,50,0.5
254590,2,50,0.5
254610,2,50,0.5
254660,2,50,0.5
254710,2,50,0.5
254760,2,50,0.5
254810,2,50,0.5
254860,2,50,0.5
254880,2,50,0.5
254930,2,50,0.5
254980,2,50,0.5
255030,2,50,0.5
255080,2,50,0.5
255130,2,50,0.5
255150,2,50,0.5
255200,2,50,0.5
255250,2,50,0.5
255300,2,50,0.5
255350,2,50,0.5
255400,2,50,0.5
255420,2,50,0.5
255470,2,50,0.5
255520,2,50,0.5
255570,2,50,0.5
255620,2,50,0.5
255670,2,50,0.5
255690,2,50,0.5
255740,2,50,0.5
255790,2,50,0.5
255840,2,50,0.5
255890,2,50,0.5
255940,2,50,0.5
255960,2,50,0.5
256010,2,50,0.5
256060,2,50,0.5
256110,2,50,0.5
256160,2,50,0.5
256210,2,50,0.5
256230,2,50,0.5
256280,2,50,0.5
256330,2,50,0.5
256380,2,50,0.5
256430,2,50,0.5
256480,2,50,0.5
256500,2,50,0.5
256550,2,50,0.5
256600,2,50,0.5
256650,2,50,0.5
256700,2,50,0.5
256750,2,50,0.5
256770,2,50,0.5
256820,2,50,0.5
256870,2,50,0.5
256920,2,50,0.5
256970,2,50,0.5
257020,2,50,0.5
257040,2,50,0.5
257090,2,50,0.5
257140,2,50,0.5
257190,2,50,0.5
257240,2,50,0.5
257290,2,50,0.5
257310,2,50,0.5
257360,2,50,0.5
257410,2,50,0.5
257460,2,50,0.5
257510,2,50,0.5
257560,2,50,0.5
257580,2,50,0.5
257630,2,50,0.5
257680,2,50,0.5
257730,2,50,0.5
257780,2,50,0.5
257830,2,50,0.5
257850,2,50,0.5
257900,2,50,0.5
257950,2,50,0.5
258000,2,50,0.5
258050,2,50,0.5
258100,2,50,0.5
258120,2,50,0.5
258170,2,50,0.5
258220,2,50,0.5
258270,2,50,0.5
258320,2,50,0.5
258370,2,50,0.5
258390,2,50,0.5
258440,2,50,0.5
258490,2,50,0.5
258540,2,50,0.5
258590,2,50,0.5
258640,2,50,0.5
258660,2,50,0.5
258710,2,50,0.5
258760,2,50,0.5
258810,2,50,0.5
258860,2,50,0.5
258910,2,50,0.5
258930,2,50,0.5
258980,2,50,0.5
259030,2,50,0.5
259080,2,50,0.5
259130,2,50,0.5
259180,2,50,0.5
259200,2,50,0.5
259250,2,50,0.5
259300,2,50,0.5
259350,2,50,0.5
259400,2,50,0.5
259450,2,50,0.5
259470,2,50,0.5
259520,2,50,0.5
259570,2,50,0.5
259620,2,50,0.5
259670,2,50,0.5
259720,2,50,0.5
259740,2,50,0.5
259790,2,50,0.5
259840,2,50,0.5
259890,2,50,0.5
259940,2,50,0.5
259990,2,50,0.5
260010,2,50,0.5
260060,2,50,0.5
260110,2,50,0.5
260160,2,50,0.5
260210,2,50,0.5
260260,2,50,0.5
260280,2,50,0.5
260330,2,50,0.5
260380,2,50,0.5
260430,2,50,0.5
260480,2,50,0.5
260530,2,50,0.5
260550,2,50,0.5
260600,2,50,0.5
260650,2,50,0.5
260700,2,50,0.5
260750,2,50,0.5
260800,2,50,0.5
260820,2,50,0.5
260870,2,50,0.5
260920,2,50,0.5
260970,2,50,0.5
261020,2,50,0.5
261070,2,50,0.5
261090,2,50,0.5
261140,2,50,0.5
261190,2,50,0.5
261240,2,50,0.5
261290,2,50,0.5
261340,2,50,0.5
261360,2,50,0.5
261410,2,50,0.5
261460,2,50,0.5
261510,2,50,0.5
261560,2,50,0.5
261610,2,50,0.5
261630,2,50,0.5
261680,2,50,0.5
261730,2,50,0.5
261780,2,50,0.5
261830,2,50,0.5
261880,2,50,0.5
261900,2,50,0.5
261950,2,50,0.5
262000,2,50,0.5
262050,2,50,0.5
262100,2,50,0.5
262150,2,50,0.5
262170,2,50,0.5
262220,2,50,0.5
262270,2,50,0.5
262320,2,50,0.5
262370,2,50,0.5
262420,2,50,0.5
262440,2,50,0.5
262490,2,50,0.5
262540,2,50,0.5
262590,2,50,0.5
262640,2,50,0.5
262690,2,50,0.5
262710,2,50,0.5
262760,2,50,0.5
262810,2,50,0.5
262860,2,50,0.5
262910,2,50,0.5
262960,2,50,0.5
262980,2,50,0.5
263030,2,50,0.5
263080,2,50,0.5
263130,2,50,0.5
263180,2,50,0.5
263230,2,50,0.5
263250,2,50,0.5
263300,2,50,0.5
263350,2,50,0.5
263400,2,50,0.5
263450,2,50,0.5
263500,2,50,0.5
263520,2,50,0.5
263570,2,50,0.5
263620,2,50,0.5
263670,2,50,0.5
263720,2,50,0.5
263770,2,50,0.5
263790,2,50,0.5
263840,2,50,0.5
263890,2,50,0.5
263940,2,50,0.5
263990,2,50,0.5
264040,2,50,0.5
264060,2,50,0.5
264110,2,50,0.5
264160,2,50,0.5
264210,2,50,0.5
264260,2,50,0.5
264310,2,50,0.5
264330,2,50,0.5
264380,2,50,0.5
264430,2,50,0.5
264480,2,50,0.5
264530,2,50,0.5
264580,2,50,0.5
264600,2,50,0.5
264650,2,50,0.5
264700,2,50,0.5
264750,2,50,0.5
264800,2,50,0.5
264850,2,50,0.5
264870,2,50,0.5
264920,2,50,0.5
264970,2,50,0.5
265020,2,50,0.5
265070,2,50,0.5
265120,2,50,0.5
265140,2,50,0.5
265190,2,50,0.5
265240,2,50,0.5
265290,2,50,0.5
265340,2,50,0.5
265390,2,50,0.5
265410,2,50,0.5
265460,2,50,0.5
265510,2,50,0.5
265560,2,50,0.5
265610,2,50,0.5
265660,2,50,0.5
265680,2,50,0.5
265730,2,50,0.5
265780,2,50,0.5
265830,2,50,0.5
265880,2,50,0.5
265930,2,50,0.5
265950,2,50,0.5
266000,2,50,0.5
266050,2,50,0.5
266100,2,50,0.5
266150,2,50,0.5
266200,2,50,0.5
266220,2,50,0.5
266270,2,50,0.5
266320,2,50,0.5
266370,2,50,0.5
266420,2,50,0.5
266470,2,50,0.5
266490,2,50,0.5
266540,2,50,0.5
266590,2,50,0.5
266640,2,50,0.5
266690,2,50,0.5
266740,2,50,0.5
266760,2,50,0.5
266810,2,50,0.5
266860,2,50,0.5
266910,2,50,0.5
266960,2,50,0.5
267010,2,50,0.5
267030,2,50,0.5
267080,2,50,0.5
267130,2,50,0.5
267180,2,50,0.5
267230,2,50,0.5
267280,2,50,0.5
267300,2,50,0.5
267350,2,50,0.5
267400,2,50,0.5
267450,2,50,0.5
267500,2,50,0.5
267550,2,50,0.5
267570,2,50,0.5
267620,2,50,0.5
267670,2,50,0.5
267720,2,50,0.5
267770,2,50,0.5
267820,2,50,0.5
267840,2,50,0.5
267890,2,50,0.5
267940,2,50,0.5
267990,2,50,0.5
268040,2,50,0.5
268090,2,50,0.5
268110,2,50,0.5
268160,2,50,0.5
268210,2,50,0.5
268260,2,50,0.5
268310,2,50,0.5
268360,2,50,0.5
268380,2,50,0.5
268430,2,50,0.5
268480,2,50,0.5
268530,2,50,0.5
268580,2,50,0.5
268630,2,50,0.5
268650,2,50,0.5
268700,2,50,0.5
268750,2,50,0.5
268800,2,50,0.5
268850,2,50,0.5
268900,2,50,0.5
268920,2,50,0.5
268970,2,50,0.5
269020,2,50,0.5
269070,2,50,0.5
269120,2,50,0.5
269170,2,50,0.5
269190,2,50,0.5
269240,2,50,0.5
269290,2,50,0.5
269340,2,50,0.5
269390,2,50,0.5
269440,2,50,0.5
269460,2,50,0.5
269510,2,50,0.5
269560,2,50,0.5
269610,2,50,0.5
269660,2,50,0.5
269710,2,50,0.5
269730,2,50,0.5
269780,2,50,0.5
269830,2,50,0.5
269880,2,50,0.5
269930,2,50,0.5
269980,2,50,0.5
