~iteration~,p,power
0,2,1
50,2,1
100,2,1
150,2,1
200,2,1
250,2,1
270,2,1
320,2,1
370,2,1
420,2,1
470,2,1
520,2,1
540,2,1
590,2,1
640,2,1
690,2,1
740,2,1
790,2,1
810,2,1
860,2,1
910,2,1
960,2,1
1010,2,1
1060,2,1
1080,2,1
1130,2,1
1180,2,1
1230,2,1
1280,2,1
1330,2,1
1350,2,1
1400,2,1
1450,2,1
1500,2,1
1550,2,1
1600,2,1
1620,2,1
1670,2,1
1720,2,1
1770,2,1
1820,2,1
1870,2,1
1890,2,1
1940,2,1
1990,2,1
2040,2,1
2090,2,1
2140,2,1
2160,2,1
2210,2,1
2260,2,1
2310,2,1
2360,2,1
2410,2,1
2430,2,1
2480,2,1
2530,2,1
2580,2,1
2630,2,1
2680,2,1
2700,2,1
2750,2,1
2800,2,1
2850,2,1
2900,2,1
2950,2,1
2970,2,1
3020,2,1
3070,2,1
3120,2,1
3170,2,1
3220,2,1
3240,2,1
3290,2,1
3340,2,1
3390,2,1
3440,2,1
3490,2,1
3510,2,1
3560,2,1
3610,2,1
3660,2,1
3710,2,1
3760,2,1
3780,2,1
3830,2,1
3880,2,1
3930,2,1
3980,2,1
4030,2,1
4050,2,1
4100,2,1
4150,2,1
4200,2,1
4250,2,1
4300,2,1
4320,2,1
4370,2,1
4420,2,1
4470,2,1
4520,2,1
4570,2,1
4590,2,1
4640,2,1
4690,2,1
4740,2,1
4790,2,1
4840,2,1
4860,2,1
4910,2,1
4960,2,1
5010,2,1
5060,2,1
5110,2,1
5130,2,1
5180,2,1
5230,2,1
5280,2,1
5330,2,1
5380,2,1
5400,2,1
5450,2,1
5500,2,1
5550,2,1
5600,2,1
5650,2,1
5670,2,1
5720,2,1
5770,2,1
5820,2,1
5870,2,1
5920,2,1
5940,2,1
5990,2,1
6040,2,1
6090,2,1
6140,2,1
6190,2,1
6210,2,1
6260,2,1
6310,2,1
6360,2,1
6410,2,1
6460,2,1
6480,2,1
6530,2,1
6580,2,1
6630,2,1
6680,2,1
6730,2,1
6750,2,1
6800,2,1
6850,2,1
6900,2,1
6950,2,1
7000,2,1
7020,2,1
7070,2,1
7120,2,1
7170,2,1
7220,2,1
7270,2,1
7290,2,1
7340,2,1
7390,2,1
7440,2,1
7490,2,1
7540,2,1
7560,2,1
7610,2,1
7660,2,1
7710,2,1
7760,2,1
7810,2,1
7830,2,1
7880,2,1
7930,2,1
7980,2,1
8030,2,1
8080,2,1
8100,2,1
8150,2,1
8200,2,1
8250,2,1
8300,2,1
8350,2,1
8370,2,1
8420,2,1
8470,2,1
8520,2,1
8570,2,1
8620,2,1
8640,2,1
8690,2,1
8740,2,1
8790,2,1
8840,2,1
8890,2,1
8910,2,1
8960,2,1
9010,2,1
9060,2,1
9110,2,1
9160,2,1
9180,2,1
9230,2,1
9280,2,1
9330,2,1
9380,2,1
9430,2,1
9450,2,1
9500,2,1
9550,2,1
9600,2,1
9650,2,1
9700,2,1
9720,2,1
9770,2,1
9820,2,1
9870,2,1
9920,2,1
9970,2,1
9990,2,1
10040,2,1
10090,2,1
10140,2,1
10190,2,1
10240,2,1
10260,2,1
10310,2,1
10360,2,1
10410,2,1
10460,2,1
10510,2,1
10530,2,1
10580,2,1
10630,2,1
10680,2,1
10730,2,1
10780,2,1
10800,2,1
10850,2,1
10900,2,1
10950,2,1
11000,2,1
11050,2,1
11070,2,1
11120,2,1
11170,2,1
11220,2,1
11270,2,1
11320,2,1
11340,2,1
11390,2,1
11440,2,1
11490,2,1
11540,2,1
11590,2,1
11610,2,1
11660,2,1
11710,2,1
11760,2,1
11810,2,1
11860,2,1
11880,2,1
11930,2,1
11980,2,1
12030,2,1
12080,2,1
12130,2,1
12150,2,1
12200,2,1
12250,2,1
12300,2,1
12350,2,1
12400,2,1
12420,2,1
12470,2,1
12520,2,1
12570,2,1
12620,2,1
12670,2,1
12690,2,1
12740,2,1
12790,2,1
12840,2,1
12890,2,1
12940,2,1
12960,2,1
13010,2,1
13060,2,1
13110,2,1
13160,2,1
13210,2,1
13230,2,1
13280,2,1
13330,2,1
13380,2,1
13430,2,1
13480,2,1
13500,2,1
13550,2,1
13600,2,1
13650,2,1
13700,2,1
13750,2,1
13770,2,1
13820,2,1
13870,2,1
13920,2,1
13970,2,1
14020,2,1
14040,2,1
14090,2,1
14140,2,1
14190,2,1
14240,2,1
14290,2,1
14310,2,1
14360,2,1
14410,2,1
14460,2,1
14510,2,1
14560,2,1
14580,2,1
14630,2,1
14680,2,1
14730,2,1
14780,2,1
14830,2,1
14850,2,1
14900,2,1
14950,2,1
15000,2,1
15050,2,1
15100,2,1
15120,2,1
15170,2,1
15220,2,1
15270,2,1
15320,2,1
15370,2,1
15390,2,1
15440,2,1
15490,2,1
15540,2,1
15590,2,1
15640,2,1
15660,2,1
15710,2,1
15760,2,1
15810,2,1
15860,2,1
15910,2,1
15930,2,1
15980,2,1
16030,2,1
16080,2,1
16130,2,1
16180,2,1
16200,2,1
16250,2,1
16300,2,1
16350,2,1
16400,2,1
16450,2,1
16470,2,1
16520,2,1
16570,2,1
16620,2,1
16670,2,1
16720,2,1
16740,2,1
16790,2,1
16840,2,1
16890,2,1
16940,2,1
16990,2,1
17010,2,1
17060,2,1
17110,2,1
17160,2,1
17210,2,1
17260,2,1
17280,2,1
17330,2,1
17380,2,1
17430,2,1
17480,2,1
17530,2,1
17550,2,1
17600,2,1
17650,2,1
17700,2,1
17750,2,1
17800,2,1
17820,2,1
17870,2,1
17920,2,1
17970,2,1
18020,2,1
18070,2,1
18090,2,1
18140,2,1
18190,2,1
18240,2,1
18290,2,1
18340,2,1
18360,2,1
18410,2,1
18460,2,1
18510,2,1
18560,2,1
18610,2,1
18630,2,1
18680,2,1
18730,2,1
18780,2,1
18830,2,1
18880,2,1
18900,2,1
18950,2,1
19000,2,1
19050,2,1
19100,2,1
19150,2,1
19170,2,1
19220,2,1
19270,2,1
19320,2,1
19370,2,1
19420,2,1
19440,2,1
19490,2,1
19540,2,1
19590,2,1
19640,2,1
19690,2,1
19710,2,1
19760,2,1
19810,2,1
19860,2,1
19910,2,1
19960,2,1
19980,2,1
20030,2,1
20080,2,1
20130,2,1
20180,2,1
20230,2,1
20250,2,1
20300,2,1
20350,2,1
20400,2,1
20450,2,1
20500,2,1
20520,2,1
20570,2,1
20620,2,1
20670,2,1
20720,2,1
20770,2,1
20790,2,1
20840,2,1
20890,2,1
20940,2,1
20990,2,1
21040,2,1
21060,2,1
21110,2,1
21160,2,1
21210,2,1
21260,2,1
21310,2,1
21330,2,1
21380,2,1
21430,2,1
21480,2,1
21530,2,1
21580,2,1
21600,2,1
21650,2,1
21700,2,1
21750,2,1
21800,2,1
21850,2,1
21870,2,1
21920,2,1
21970,2,1
22020,2,1
22070,2,1
22120,2,1
22140,2,1
22190,2,1
22240,2,1
22290,2,1
22340,2,1
22390,2,1
22410,2,1
22460,2,1
22510,2,1
22560,2,1
22610,2,1
22660,2,1
22680,2,1
22730,2,1
22780,2,1
22830,2,1
22880,2,1
22930,2,1
22950,2,1
23000,2,1
23050,2,1
23100,2,1
23150,2,1
23200,2,1
23220,2,1
23270,2,1
23320,2,1
23370,2,1
23420,2,1
23470,2,1
23490,2,1
23540,2,1
23590,2,1
23640,2,1
23690,2,1
23740,2,1
23760,2,1
23810,2,1
23860,2,1
23910,2,1
23960,2,1
24010,2,1
24030,2,1
24080,2,1
24130,2,1
24180,2,1
24230,2,1
24280,2,1
24300,2,1
24350,2,1
24400,2,1
24450,2,1
24500,2,1
24550,2,1
24570,2,1
24620,2,1
24670,2,1
24720,2,1
24770,2,1
24820,2,1
24840,2,1
24890,2,1
24940,2,1
24990,2,1
25040,2,1
25090,2,1
25110,2,1
25160,2,1
25210,2,1
25260,2,1
25310,2,1
25360,2,1
25380,2,1
25430,2,1
25480,2,1
25530,2,1
25580,2,1
25630,2,1
25650,2,1
25700,2,1
25750,2,1
25800,2,1
25850,2,1
25900,2,1
25920,2,1
25970,2,1
26020,2,1
26070,2,1
26120,2,1
26170,2,1
26190,2,1
26240,2,1
26290,2,1
26340,2,1
26390,2,1
26440,2,1
26460,2,1
26510,2,1
26560,2,1
26610,2,1
26660,2,1
26710,2,1
26730,2,1
26780,2,1
26830,2,1
26880,2,1
26930,2,1
26980,2,1
27000,2,1
27050,2,1
27100,2,1
27150,2,1
27200,2,1
27250,2,1
27270,2,1
27320,2,1
27370,2,1
27420,2,1
27470,2,1
27520,2,1
27540,2,1
27590,2,1
27640,2,1
27690,2,1
27740,2,1
27790,2,1
27810,2,1
27860,2,1
27910,2,1
27960,2,1
28010,2,1
28060,2,1
28080,2,1
28130,2,1
28180,2,1
28230,2,1
28280,2,1
28330,2,1
28350,2,1
28400,2,1
28450,2,1
28500,2,1
28550,2,1
28600,2,1
28620,2,1
28670,2,1
28720,2,1
28770,2,1
28820,2,1
28870,2,1
28890,2,1
28940,2,1
28990,2,1
29040,2,1
29090,2,1
29140,2,1
29160,2,1
29210,2,1
29260,2,1
29310,2,1
29360,2,1
29410,2,1
29430,2,1
29480,2,1
29530,2,1
29580,2,1
29630,2,1
29680,2,1
29700,2,1
29750,2,1
29800,2,1
29850,2,1
29900,2,1
29950,2,1
29970,2,1
30020,2,1
30070,2,1
30120,2,1
30170,2,1
30220,2,1
30240,2,1
30290,2,1
30340,2,1
30390,2,1
30440,2,1
30490,2,1
30510,2,1
30560,2,1
30610,2,1
30660,2,1
30710,2,1
30760,2,1
30780,2,1
30830,2,1
30880,2,1
30930,2,1
30980,2,1
31030,2,1
31050,2,1
31100,2,1
31150,2,1
31200,2,1
31250,2,1
31300,2,1
31320,2,1
31370,2,1
31420,2,1
31470,2,1
31520,2,1
31570,2,1
31590,2,1
31640,2,1
31690,2,1
31740,2,1
31790,2,1
31840,2,1
31860,2,1
31910,2,1
31960,2,1
32010,2,1
32060,2,1
32110,2,1
32130,2,1
32180,2,1
32230,2,1
32280,2,1
32330,2,1
32380,2,1
32400,2,1
32450,2,1
32500,2,1
32550,2,1
32600,2,1
32650,2,1
32670,2,1
32720,2,1
32770,2,1
32820,2,1
32870,2,1
32920,2,1
32940,2,1
32990,2,1
33040,2,1
33090,2,1
33140,2,1
33190,2,1
33210,2,1
33260,2,1
33310,2,1
33360,2,1
33410,2,1
33460,2,1
33480,2,1
33530,2,1
33580,2,1
33630,2,1
33680,2,1
33730,2,1
33750,2,1
33800,2,1
33850,2,1
33900,2,1
33950,2,1
34000,2,1
34020,2,1
34070,2,1
34120,2,1
34170,2,1
34220,2,1
34270,2,1
34290,2,1
34340,2,1
34390,2,1
34440,2,1
34490,2,1
34540,2,1
34560,2,1
34610,2,1
34660,2,1
34710,2,1
34760,2,1
34810,2,1
34830,2,1
34880,2,1
34930,2,1
34980,2,1
35030,2,1
35080,2,1
35100,2,1
35150,2,1
35200,2,1
35250,2,1
35300,2,1
35350,2,1
35370,2,1
35420,2,1
35470,2,1
35520,2,1
35570,2,1
35620,2,1
35640,2,1
35690,2,1
35740,2,1
35790,2,1
35840,2,1
35890,2,1
35910,2,1
35960,2,1
36010,2,1
36060,2,1
36110,2,1
36160,2,1
36180,2,1
36230,2,1
36280,2,1
36330,2,1
36380,2,1
36430,2,1
36450,2,1
36500,2,1
36550,2,1
36600,2,1
36650,2,1
36700,2,1
36720,2,1
36770,2,1
36820,2,1
36870,2,1
36920,2,1
36970,2,1
36990,2,1
37040,2,1
37090,2,1
37140,2,1
37190,2,1
37240,2,1
37260,2,1
37310,2,1
37360,2,1
37410,2,1
37460,2,1
37510,2,1
37530,2,1
37580,2,1
37630,2,1
37680,2,1
37730,2,1
37780,2,1
37800,2,1
37850,2,1
37900,2,1
37950,2,1
38000,2,1
38050,2,1
38070,2,1
38120,2,1
38170,2,1
38220,2,1
38270,2,1
38320,2,1
38340,2,1
38390,2,1
38440,2,1
38490,2,1
38540,2,1
38590,2,1
38610,2,1
38660,2,1
38710,2,1
38760,2,1
38810,2,1
38860,2,1
38880,2,1
38930,2,1
38980,2,1
39030,2,1
39080,2,1
39130,2,1
39150,2,1
39200,2,1
39250,2,1
39300,2,1
39350,2,1
39400,2,1
39420,2,1
39470,2,1
39520,2,1
39570,2,1
39620,2,1
39670,2,1
39690,2,1
39740,2,1
39790,2,1
39840,2,1
39890,2,1
39940,2,1
39960,2,1
40010,2,1
40060,2,1
40110,2,1
40160,2,1
40210,2,1
40230,2,1
40280,2,1
40330,2,1
40380,2,1
40430,2,1
40480,2,1
40500,2,1
40550,2,1
40600,2,1
40650,2,1
40700,2,1
40750,2,1
40770,2,1
40820,2,1
40870,2,1
40920,2,1
40970,2,1
41020,2,1
41040,2,1
41090,2,1
41140,2,1
41190,2,1
41240,2,1
41290,2,1
41310,2,1
41360,2,1
41410,2,1
41460,2,1
41510,2,1
41560,2,1
41580,2,1
41630,2,1
41680,2,1
41730,2,1
41780,2,1
41830,2,1
41850,2,1
41900,2,1
41950,2,1
42000,2,1
42050,2,1
42100,2,1
42120,2,1
42170,2,1
42220,2,1
42270,2,1
42320,2,1
42370,2,1
42390,2,1
42440,2,1
42490,2,1
42540,2,1
42590,2,1
42640,2,1
42660,2,1
42710,2,1
42760,2,1
42810,2,1
42860,2,1
42910,2,1
42930,2,1
42980,2,1
43030,2,1
43080,2,1
43130,2,1
43180,2,1
43200,2,1
43250,2,1
43300,2,1
43350,2,1
43400,2,1
43450,2,1
43470,2,1
43520,2,1
43570,2,1
43620,2,1
43670,2,1
43720,2,1
43740,2,1
43790,2,1
43840,2,1
43890,2,1
43940,2,1
43990,2,1
44010,2,1
44060,2,1
44110,2,1
44160,2,1
44210,2,1
44260,2,1
44280,2,1
44330,2,1
44380,2,1
44430,2,1
44480,2,1
44530,2,1
44550,2,1
44600,2,1
44650,2,1
44700,2,1
44750,2,1
44800,2,1
44820,2,1
44870,2,1
44920,2,1
44970,2,1
45020,2,1
45070,2,1
45090,2,1
45140,2,1
45190,2,1
45240,2,1
45290,2,1
45340,2,1
45360,2,1
45410,2,1
45460,2,1
45510,2,1
45560,2,1
45610,2,1
45630,2,1
45680,2,1
45730,2,1
45780,2,1
45830,2,1
45880,2,1
45900,2,1
45950,2,1
46000,2,1
46050,2,1
46100,2,1
46150,2,1
46170,2,1
46220,2,1
46270,2,1
46320,2,1
46370,2,1
46420,2,1
46440,2,1
46490,2,1
46540,2,1
46590,2,1
46640,2,1
46690,2,1
46710,2,1
46760,2,1
46810,2,1
46860,2,1
46910,2,1
46960,2,1
46980,2,1
47030,2,1
47080,2,1
47130,2,1
47180,2,1
47230,2,1
47250,2,1
47300,2,1
47350,2,1
47400,2,1
47450,2,1
47500,2,1
47520,2,1
47570,2,1
47620,2,1
47670,2,1
47720,2,1
47770,2,1
47790,2,1
47840,2,1
47890,2,1
47940,2,1
47990,2,1
48040,2,1
48060,2,1
48110,2,1
48160,2,1
48210,2,1
48260,2,1
48310,2,1
48330,2,1
48380,2,1
48430,2,1
48480,2,1
48530,2,1
48580,2,1
48600,2,1
48650,2,1
48700,2,1
48750,2,1
48800,2,1
48850,2,1
48870,2,1
48920,2,1
48970,2,1
49020,2,1
49070,2,1
49120,2,1
49140,2,1
49190,2,1
49240,2,1
49290,2,1
49340,2,1
49390,2,1
49410,2,1
49460,2,1
49510,2,1
49560,2,1
49610,2,1
49660,2,1
49680,2,1
49730,2,1
49780,2,1
49830,2,1
49880,2,1
49930,2,1
49950,2,1
50000,2,1
50050,2,1
50100,2,1
50150,2,1
50200,2,1
50220,2,1
50270,2,1
50320,2,1
50370,2,1
50420,2,1
50470,2,1
50490,2,1
50540,2,1
50590,2,1
50640,2,1
50690,2,1
50740,2,1
50760,2,1
50810,2,1
50860,2,1
50910,2,1
50960,2,1
51010,2,1
51030,2,1
51080,2,1
51130,2,1
51180,2,1
51230,2,1
51280,2,1
51300,2,1
51350,2,1
51400,2,1
51450,2,1
51500,2,1
51550,2,1
51570,2,1
51620,2,1
51670,2,1
51720,2,1
51770,2,1
51820,2,1
51840,2,1
51890,2,1
51940,2,1
51990,2,1
52040,2,1
52090,2,1
52110,2,1
52160,2,1
52210,2,1
52260,2,1
52310,2,1
52360,2,1
52380,2,1
52430,2,1
52480,2,1
52530,2,1
52580,2,1
52630,2,1
52650,2,1
52700,2,1
52750,2,1
52800,2,1
52850,2,1
52900,2,1
52920,2,1
52970,2,1
53020,2,1
53070,2,1
53120,2,1
53170,2,1
53190,2,1
53240,2,1
53290,2,1
53340,2,1
53390,2,1
53440,2,1
53460,2,1
53510,2,1
53560,2,1
53610,2,1
53660,2,1
53710,2,1
53730,2,1
53780,2,1
53830,2,1
53880,2,1
53930,2,1
53980,2,1
54000,2,1
54050,2,1
54100,2,1
54150,2,1
54200,2,1
54250,2,1
54270,2,1
54320,2,1
54370,2,1
54420,2,1
54470,2,1
54520,2,1
54540,2,1
54590,2,1
54640,2,1
54690,2,1
54740,2,1
54790,2,1
54810,2,1
54860,2,1
54910,2,1
54960,2,1
55010,2,1
55060,2,1
55080,2,1
55130,2,1
55180,2,1
55230,2,1
55280,2,1
55330,2,1
55350,2,1
55400,2,1
55450,2,1
55500,2,1
55550,2,1
55600,2,1
55620,2,1
55670,2,1
55720,2,1
55770,2,1
55820,2,1
55870,2,1
55890,2,1
55940,2,1
55990,2,1
56040,2,1
56090,2,1
56140,2,1
56160,2,1
56210,2,1
56260,2,1
56310,2,1
56360,2,1
56410,2,1
56430,2,1
56480,2,1
56530,2,1
56580,2,1
56630,2,1
56680,2,1
56700,2,1
56750,2,1
56800,2,1
56850,2,1
56900,2,1
56950,2,1
56970,2,1
57020,2,1
57070,2,1
57120,2,1
57170,2,1
57220,2,1
57240,2,1
57290,2,1
57340,2,1
57390,2,1
57440,2,1
57490,2,1
57510,2,1
57560,2,1
57610,2,1
57660,2,1
57710,2,1
57760,2,1
57780,2,1
57830,2,1
57880,2,1
57930,2,1
57980,2,1
58030,2,1
58050,2,1
58100,2,1
58150,2,1
58200,2,1
58250,2,1
58300,2,1
58320,2,1
58370,2,1
58420,2,1
58470,2,1
58520,2,1
58570,2,1
58590,2,1
58640,2,1
58690,2,1
58740,2,1
58790,2,1
58840,2,1
58860,2,1
58910,2,1
58960,2,1
59010,2,1
59060,2,1
59110,2,1
59130,2,1
59180,2,1
59230,2,1
59280,2,1
59330,2,1
59380,2,1
59400,2,1
59450,2,1
59500,2,1
59550,2,1
59600,2,1
59650,2,1
59670,2,1
59720,2,1
59770,2,1
59820,2,1
59870,2,1
59920,2,1
59940,2,1
59990,2,1
60040,2,1
60090,2,1
60140,2,1
60190,2,1
60210,2,1
60260,2,1
60310,2,1
60360,2,1
60410,2,1
60460,2,1
60480,2,1
60530,2,1
60580,2,1
60630,2,1
60680,2,1
60730,2,1
60750,2,1
60800,2,1
60850,2,1
60900,2,1
60950,2,1
61000,2,1
61020,2,1
61070,2,1
61120,2,1
61170,2,1
61220,2,1
61270,2,1
61290,2,1
61340,2,1
61390,2,1
61440,2,1
61490,2,1
61540,2,1
61560,2,1
61610,2,1
61660,2,1
61710,2,1
61760,2,1
61810,2,1
61830,2,1
61880,2,1
61930,2,1
61980,2,1
62030,2,1
62080,2,1
62100,2,1
62150,2,1
62200,2,1
62250,2,1
62300,2,1
62350,2,1
62370,2,1
62420,2,1
62470,2,1
62520,2,1
62570,2,1
62620,2,1
62640,2,1
62690,2,1
62740,2,1
62790,2,1
62840,2,1
62890,2,1
62910,2,1
62960,2,1
63010,2,1
63060,2,1
63110,2,1
63160,2,1
63180,2,1
63230,2,1
63280,2,1
63330,2,1
63380,2,1
63430,2,1
63450,2,1
63500,2,1
63550,2,1
63600,2,1
63650,2,1
63700,2,1
63720,2,1
63770,2,1
63820,2,1
63870,2,1
63920,2,1
63970,2,1
63990,2,1
64040,2,1
64090,2,1
64140,2,1
64190,2,1
64240,2,1
64260,2,1
64310,2,1
64360,2,1
64410,2,1
64460,2,1
64510,2,1
64530,2,1
64580,2,1
64630,2,1
64680,2,1
64730,2,1
64780,2,1
64800,2,1
64850,2,1
64900,2,1
64950,2,1
65000,2,1
65050,2,1
65070,2,1
65120,2,1
65170,2,1
65220,2,1
65270,2,1
65320,2,1
65340,2,1
65390,2,1
65440,2,1
65490,2,1
65540,2,1
65590,2,1
65610,2,1
65660,2,1
65710,2,1
65760,2,1
65810,2,1
65860,2,1
65880,2,1
65930,2,1
65980,2,1
66030,2,1
66080,2,1
66130,2,1
66150,2,1
66200,2,1
66250,2,1
66300,2,1
66350,2,1
66400,2,1
66420,2,1
66470,2,1
66520,2,1
66570,2,1
66620,2,1
66670,2,1
66690,2,1
66740,2,1
66790,2,1
66840,2,1
66890,2,1
66940,2,1
66960,2,1
67010,2,1
67060,2,1
67110,2,1
67160,2,1
67210,2,1
67230,2,1
67280,2,1
67330,2,1
67380,2,1
67430,2,1
67480,2,1
67500,2,1
67550,2,1
67600,2,1
67650,2,1
67700,2,1
67750,2,1
67770,2,1
67820,2,1
67870,2,1
67920,2,1
67970,2,1
68020,2,1
68040,2,1
68090,2,1
68140,2,1
68190,2,1
68240,2,1
68290,2,1
68310,2,1
68360,2,1
68410,2,1
68460,2,1
68510,2,1
68560,2,1
68580,2,1
68630,2,1
68680,2,1
68730,2,1
68780,2,1
68830,2,1
68850,2,1
68900,2,1
68950,2,1
69000,2,1
69050,2,1
69100,2,1
69120,2,1
69170,2,1
69220,2,1
69270,2,1
69320,2,1
69370,2,1
69390,2,1
69440,2,1
69490,2,1
69540,2,1
69590,2,1
69640,2,1
69660,2,1
69710,2,1
69760,2,1
69810,2,1
69860,2,1
69910,2,1
69930,2,1
69980,2,1
70030,2,1
70080,2,1
70130,2,1
70180,2,1
70200,2,1
70250,2,1
70300,2,1
70350,2,1
70400,2,1
70450,2,1
70470,2,1
70520,2,1
70570,2,1
70620,2,1
70670,2,1
70720,2,1
70740,2,1
70790,2,1
70840,2,1
70890,2,1
70940,2,1
70990,2,1
71010,2,1
71060,2,1
71110,2,1
71160,2,1
71210,2,1
71260,2,1
71280,2,1
71330,2,1
71380,2,1
71430,2,1
71480,2,1
71530,2,1
71550,2,1
71600,2,1
71650,2,1
71700,2,1
71750,2,1
71800,2,1
71820,2,1
71870,2,1
71920,2,1
71970,2,1
72020,2,1
72070,2,1
72090,2,1
72140,2,1
72190,2,1
72240,2,1
72290,2,1
72340,2,1
72360,2,1
72410,2,1
72460,2,1
72510,2,1
72560,2,1
72610,2,1
72630,2,1
72680,2,1
72730,2,1
72780,2,1
72830,2,1
72880,2,1
72900,2,1
72950,2,1
73000,2,1
73050,2,1
73100,2,1
73150,2,1
73170,2,1
73220,2,1
73270,2,1
73320,2,1
73370,2,1
73420,2,1
73440,2,1
73490,2,1
73540,2,1
73590,2,1
73640,2,1
73690,2,1
73710,2,1
73760,2,1
73810,2,1
73860,2,1
73910,2,1
73960,2,1
73980,2,1
74030,2,1
74080,2,1
74130,2,1
74180,2,1
74230,2,1
74250,2,1
74300,2,1
74350,2,1
74400,2,1
74450,2,1
74500,2,1
74520,2,1
74570,2,1
74620,2,1
74670,2,1
74720,2,1
74770,2,1
74790,2,1
74840,2,1
74890,2,1
74940,2,1
74990,2,1
75040,2,1
75060,2,1
75110,2,1
75160,2,1
75210,2,1
75260,2,1
75310,2,1
75330,2,1
75380,2,1
75430,2,1
75480,2,1
75530,2,1
75580,2,1
75600,2,1
75650,2,1
75700,2,1
75750,2,1
75800,2,1
75850,2,1
75870,2,1
75920,2,1
75970,2,1
76020,2,1
76070,2,1
76120,2,1
76140,2,1
76190,2,1
76240,2,1
76290,2,1
76340,2,1
76390,2,1
76410,2,1
76460,2,1
76510,2,1
76560,2,1
76610,2,1
76660,2,1
76680,2,1
76730,2,1
76780,2,1
76830,2,1
76880,2,1
76930,2,1
76950,2,1
77000,2,1
77050,2,1
77100,2,1
77150,2,1
77200,2,1
77220,2,1
77270,2,1
77320,2,1
77370,2,1
77420,2,1
77470,2,1
77490,2,1
77540,2,1
77590,2,1
77640,2,1
77690,2,1
77740,2,1
77760,2,1
77810,2,1
77860,2,1
77910,2,1
77960,2,1
78010,2,1
78030,2,1
78080,2,1
78130,2,1
78180,2,1
78230,2,1
78280,2,1
78300,2,1
78350,2,1
78400,2,1
78450,2,1
78500,2,1
78550,2,1
78570,2,1
78620,2,1
78670,2,1
78720,2,1
78770,2,1
78820,2,1
78840,2,1
78890,2,1
78940,2,1
78990,2,1
79040,2,1
79090,2,1
79110,2,1
79160,2,1
79210,2,1
79260,2,1
79310,2,1
79360,2,1
79380,2,1
79430,2,1
79480,2,1
79530,2,1
79580,2,1
79630,2,1
79650,2,1
79700,2,1
79750,2,1
79800,2,1
79850,2,1
79900,2,1
79920,2,1
79970,2,1
80020,2,1
80070,2,1
80120,2,1
80170,2,1
80190,2,1
80240,2,1
80290,2,1
80340,2,1
80390,2,1
80440,2,1
80460,2,1
80510,2,1
80560,2,1
80610,2,1
80660,2,1
80710,2,1
80730,2,1
80780,2,1
80830,2,1
80880,2,1
80930,2,1
80980,2,1
81000,2,1
81050,2,1
81100,2,1
81150,2,1
81200,2,1
81250,2,1
81270,2,1
81320,2,1
81370,2,1
81420,2,1
81470,2,1
81520,2,1
81540,2,1
81590,2,1
81640,2,1
81690,2,1
81740,2,1
81790,2,1
81810,2,1
81860,2,1
81910,2,1
81960,2,1
82010,2,1
82060,2,1
82080,2,1
82130,2,1
82180,2,1
82230,2,1
82280,2,1
82330,2,1
82350,2,1
82400,2,1
82450,2,1
82500,2,1
82550,2,1
82600,2,1
82620,2,1
82670,2,1
82720,2,1
82770,2,1
82820,2,1
82870,2,1
82890,2,1
82940,2,1
82990,2,1
83040,2,1
83090,2,1
83140,2,1
83160,2,1
83210,2,1
83260,2,1
83310,2,1
83360,2,1
83410,2,1
83430,2,1
83480,2,1
83530,2,1
83580,2,1
83630,2,1
83680,2,1
83700,2,1
83750,2,1
83800,2,1
83850,2,1
83900,2,1
83950,2,1
83970,2,1
84020,2,1
84070,2,1
84120,2,1
84170,2,1
84220,2,1
84240,2,1
84290,2,1
84340,2,1
84390,2,1
84440,2,1
84490,2,1
84510,2,1
84560,2,1
84610,2,1
84660,2,1
84710,2,1
84760,2,1
84780,2,1
84830,2,1
84880,2,1
84930,2,1
84980,2,1
85030,2,1
85050,2,1
85100,2,1
85150,2,1
85200,2,1
85250,2,1
85300,2,1
85320,2,1
85370,2,1
85420,2,1
85470,2,1
85520,2,1
85570,2,1
85590,2,1
85640,2,1
85690,2,1
85740,2,1
85790,2,1
85840,2,1
85860,2,1
85910,2,1
85960,2,1
86010,2,1
86060,2,1
86110,2,1
86130,2,1
86180,2,1
86230,2,1
86280,2,1
86330,2,1
86380,2,1
86400,2,1
86450,2,1
86500,2,1
86550,2,1
86600,2,1
86650,2,1
86670,2,1
86720,2,1
86770,2,1
86820,2,1
86870,2,1
86920,2,1
86940,2,1
86990,2,1
87040,2,1
87090,2,1
87140,2,1
87190,2,1
87210,2,1
87260,2,1
87310,2,1
87360,2,1
87410,2,1
87460,2,1
87480,2,1
87530,2,1
87580,2,1
87630,2,1
87680,2,1
87730,2,1
87750,2,1
87800,2,1
87850,2,1
87900,2,1
87950,2,1
88000,2,1
88020,2,1
88070,2,1
88120,2,1
88170,2,1
88220,2,1
88270,2,1
88290,2,1
88340,2,1
88390,2,1
88440,2,1
88490,2,1
88540,2,1
88560,2,1
88610,2,1
88660,2,1
88710,2,1
88760,2,1
88810,2,1
88830,2,1
88880,2,1
88930,2,1
88980,2,1
89030,2,1
89080,2,1
89100,2,1
89150,2,1
89200,2,1
89250,2,1
89300,2,1
89350,2,1
89370,2,1
89420,2,1
89470,2,1
89520,2,1
89570,2,1
89620,2,1
89640,2,1
89690,2,1
89740,2,1
89790,2,1
89840,2,1
89890,2,1
89910,2,1
89960,2,1
90010,2,1
90060,2,1
90110,2,1
90160,2,1
90180,2,1
90230,2,1
90280,2,1
90330,2,1
90380,2,1
90430,2,1
90450,2,1
90500,2,1
90550,2,1
90600,2,1
90650,2,1
90700,2,1
90720,2,1
90770,2,1
90820,2,1
90870,2,1
90920,2,1
90970,2,1
90990,2,1
91040,2,1
91090,2,1
91140,2,1
91190,2,1
91240,2,1
91260,2,1
91310,2,1
91360,2,1
91410,2,1
91460,2,1
91510,2,1
91530,2,1
91580,2,1
91630,2,1
91680,2,1
91730,2,1
91780,2,1
91800,2,1
91850,2,1
91900,2,1
91950,2,1
92000,2,1
92050,2,1
92070,2,1
92120,2,1
92170,2,1
92220,2,1
92270,2,1
92320,2,1
92340,2,1
92390,2,1
92440,2,1
92490,2,1
92540,2,1
92590,2,1
92610,2,1
92660,2,1
92710,2,1
92760,2,1
92810,2,1
92860,2,1
92880,2,1
92930,2,1
92980,2,1
93030,2,1
93080,2,1
93130,2,1
93150,2,1
93200,2,1
93250,2,1
93300,2,1
93350,2,1
93400,2,1
93420,2,1
93470,2,1
93520,2,1
93570,2,1
93620,2,1
93670,2,1
93690,2,1
93740,2,1
93790,2,1
93840,2,1
93890,2,1
93940,2,1
93960,2,1
94010,2,1
94060,2,1
94110,2,1
94160,2,1
94210,2,1
94230,2,1
94280,2,1
94330,2,1
94380,2,1
94430,2,1
94480,2,1
94500,2,1
94550,2,1
94600,2,1
94650,2,1
94700,2,1
94750,2,1
94770,2,1
94820,2,1
94870,2,1
94920,2,1
94970,2,1
95020,2,1
95040,2,1
95090,2,1
95140,2,1
95190,2,1
95240,2,1
95290,2,1
95310,2,1
95360,2,1
95410,2,1
95460,2,1
95510,2,1
95560,2,1
95580,2,1
95630,2,1
95680,2,1
95730,2,1
95780,2,1
95830,2,1
95850,2,1
95900,2,1
95950,2,1
96000,2,1
96050,2,1
96100,2,1
96120,2,1
96170,2,1
96220,2,1
96270,2,1
96320,2,1
96370,2,1
96390,2,1
96440,2,1
96490,2,1
96540,2,1
96590,2,1
96640,2,1
96660,2,1
96710,2,1
96760,2,1
96810,2,1
96860,2,1
96910,2,1
96930,2,1
96980,2,1
97030,2,1
97080,2,1
97130,2,1
97180,2,1
97200,2,1
97250,2,1
97300,2,1
97350,2,1
97400,2,1
97450,2,1
97470,2,1
97520,2,1
97570,2,1
97620,2,1
97670,2,1
97720,2,1
97740,2,1
97790,2,1
97840,2,1
97890,2,1
97940,2,1
97990,2,1
98010,2,1
98060,2,1
98110,2,1
98160,2,1
98210,2,1
98260,2,1
98280,2,1
98330,2,1
98380,2,1
98430,2,1
98480,2,1
98530,2,1
98550,2,1
98600,2,1
98650,2,1
98700,2,1
98750,2,1
98800,2,1
98820,2,1
98870,2,1
98920,2,1
98970,2,1
99020,2,1
99070,2,1
99090,2,1
99140,2,1
99190,2,1
99240,2,1
99290,2,1
99340,2,1
99360,2,1
99410,2,1
99460,2,1
99510,2,1
99560,2,1
99610,2,1
99630,2,1
99680,2,1
99730,2,1
99780,2,1
99830,2,1
99880,2,1
99900,2,1
99950,2,1
100000,2,1
100050,2,1
100100,2,1
100150,2,1
100170,2,1
100220,2,1
100270,2,1
100320,2,1
100370,2,1
100420,2,1
100440,2,1
100490,2,1
100540,2,1
100590,2,1
100640,2,1
100690,2,1
100710,2,1
100760,2,1
100810,2,1
100860,2,1
100910,2,1
100960,2,1
100980,2,1
101030,2,1
101080,2,1
101130,2,1
101180,2,1
101230,2,1
101250,2,1
101300,2,1
101350,2,1
101400,2,1
101450,2,1
101500,2,1
101520,2,1
101570,2,1
101620,2,1
101670,2,1
101720,2,1
101770,2,1
101790,2,1
101840,2,1
101890,2,1
101940,2,1
101990,2,1
102040,2,1
102060,2,1
102110,2,1
102160,2,1
102210,2,1
102260,2,1
102310,2,1
102330,2,1
102380,2,1
102430,2,1
102480,2,1
102530,2,1
102580,2,1
102600,2,1
102650,2,1
102700,2,1
102750,2,1
102800,2,1
102850,2,1
102870,2,1
102920,2,1
102970,2,1
103020,2,1
103070,2,1
103120,2,1
103140,2,1
103190,2,1
103240,2,1
103290,2,1
103340,2,1
103390,2,1
103410,2,1
103460,2,1
103510,2,1
103560,2,1
103610,2,1
103660,2,1
103680,2,1
103730,2,1
103780,2,1
103830,2,1
103880,2,1
103930,2,1
103950,2,1
104000,2,1
104050,2,1
104100,2,1
104150,2,1
104200,2,1
104220,2,1
104270,2,1
104320,2,1
104370,2,1
104420,2,1
104470,2,1
104490,2,1
104540,2,1
104590,2,1
104640,2,1
104690,2,1
104740,2,1
104760,2,1
104810,2,1
104860,2,1
104910,2,1
104960,2,1
105010,2,1
105030,2,1
105080,2,1
105130,2,1
105180,2,1
105230,2,1
105280,2,1
105300,2,1
105350,2,1
105400,2,1
105450,2,1
105500,2,1
105550,2,1
105570,2,1
105620,2,1
105670,2,1
105720,2,1
105770,2,1
105820,2,1
105840,2,1
105890,2,1
105940,2,1
105990,2,1
106040,2,1
106090,2,1
106110,2,1
106160,2,1
106210,2,1
106260,2,1
106310,2,1
106360,2,1
106380,2,1
106430,2,1
106480,2,1
106530,2,1
106580,2,1
106630,2,1
106650,2,1
106700,2,1
106750,2,1
106800,2,1
106850,2,1
106900,2,1
106920,2,1
106970,2,1
107020,2,1
107070,2,1
107120,2,1
107170,2,1
107190,2,1
107240,2,1
107290,2,1
107340,2,1
107390,2,1
107440,2,1
107460,2,1
107510,2,1
107560,2,1
107610,2,1
107660,2,1
107710,2,1
107730,2,1
107780,2,1
107830,2,1
107880,2,1
107930,2,1
107980,2,1
108000,2,1
108050,2,1
108100,2,1
108150,2,1
108200,2,1
108250,2,1
108270,2,1
108320,2,1
108370,2,1
108420,2,1
108470,2,1
108520,2,1
108540,2,1
108590,2,1
108640,2,1
108690,2,1
108740,2,1
108790,2,1
108810,2,1
108860,2,1
108910,2,1
108960,2,1
109010,2,1
109060,2,1
109080,2,1
109130,2,1
109180,2,1
109230,2,1
109280,2,1
109330,2,1
109350,2,1
109400,2,1
109450,2,1
109500,2,1
109550,2,1
109600,2,1
109620,2,1
109670,2,1
109720,2,1
109770,2,1
109820,2,1
109870,2,1
109890,2,1
109940,2,1
109990,2,1
110040,2,1
110090,2,1
110140,2,1
110160,2,1
110210,2,1
110260,2,1
110310,2,1
110360,2,1
110410,2,1
110430,2,1
110480,2,1
110530,2,1
110580,2,1
110630,2,1
110680,2,1
110700,2,1
110750,2,1
110800,2,1
110850,2,1
110900,2,1
110950,2,1
110970,2,1
111020,2,1
111070,2,1
111120,2,1
111170,2,1
111220,2,1
111240,2,1
111290,2,1
111340,2,1
111390,2,1
111440,2,1
111490,2,1
111510,2,1
111560,2,1
111610,2,1
111660,2,1
111710,2,1
111760,2,1
111780,2,1
111830,2,1
111880,2,1
111930,2,1
111980,2,1
112030,2,1
112050,2,1
112100,2,1
112150,2,1
112200,2,1
112250,2,1
112300,2,1
112320,2,1
112370,2,1
112420,2,1
112470,2,1
112520,2,1
112570,2,1
112590,2,1
112640,2,1
112690,2,1
112740,2,1
112790,2,1
112840,2,1
112860,2,1
112910,2,1
112960,2,1
113010,2,1
113060,2,1
113110,2,1
113130,2,1
113180,2,1
113230,2,1
113280,2,1
113330,2,1
113380,2,1
113400,2,1
113450,2,1
113500,2,1
113550,2,1
113600,2,1
113650,2,1
113670,2,1
113720,2,1
113770,2,1
113820,2,1
113870,2,1
113920,2,1
113940,2,1
113990,2,1
114040,2,1
114090,2,1
114140,2,1
114190,2,1
114210,2,1
114260,2,1
114310,2,1
114360,2,1
114410,2,1
114460,2,1
114480,2,1
114530,2,1
114580,2,1
114630,2,1
114680,2,1
114730,2,1
114750,2,1
114800,2,1
114850,2,1
114900,2,1
114950,2,1
115000,2,1
115020,2,1
115070,2,1
115120,2,1
115170,2,1
115220,2,1
115270,2,1
115290,2,1
115340,2,1
115390,2,1
115440,2,1
115490,2,1
115540,2,1
115560,2,1
115610,2,1
115660,2,1
115710,2,1
115760,2,1
115810,2,1
115830,2,1
115880,2,1
115930,2,1
115980,2,1
116030,2,1
116080,2,1
116100,2,1
116150,2,1
116200,2,1
116250,2,1
116300,2,1
116350,2,1
116370,2,1
116420,2,1
116470,2,1
116520,2,1
116570,2,1
116620,2,1
116640,2,1
116690,2,1
116740,2,1
116790,2,1
116840,2,1
116890,2,1
116910,2,1
116960,2,1
117010,2,1
117060,2,1
117110,2,1
117160,2,1
117180,2,1
117230,2,1
117280,2,1
117330,2,1
117380,2,1
117430,2,1
117450,2,1
117500,2,1
117550,2,1
117600,2,1
117650,2,1
117700,2,1
117720,2,1
117770,2,1
117820,2,1
117870,2,1
117920,2,1
117970,2,1
117990,2,1
118040,2,1
118090,2,1
118140,2,1
118190,2,1
118240,2,1
118260,2,1
118310,2,1
118360,2,1
118410,2,1
118460,2,1
118510,2,1
118530,2,1
118580,2,1
118630,2,1
118680,2,1
118730,2,1
118780,2,1
118800,2,1
118850,2,1
118900,2,1
118950,2,1
119000,2,1
119050,2,1
119070,2,1
119120,2,1
119170,2,1
119220,2,1
119270,2,1
119320,2,1
119340,2,1
119390,2,1
119440,2,1
119490,2,1
119540,2,1
119590,2,1
119610,2,1
119660,2,1
119710,2,1
119760,2,1
119810,2,1
119860,2,1
119880,2,1
119930,2,1
119980,2,1
120030,2,1
120080,2,1
120130,2,1
120150,2,1
120200,2,1
120250,2,1
120300,2,1
120350,2,1
120400,2,1
120420,2,1
120470,2,1
120520,2,1
120570,2,1
120620,2,1
120670,2,1
120690,2,1
120740,2,1
120790,2,1
120840,2,1
120890,2,1
120940,2,1
120960,2,1
121010,2,1
121060,2,1
121110,2,1
121160,2,1
121210,2,1
121230,2,1
121280,2,1
121330,2,1
121380,2,1
121430,2,1
121480,2,1
121500,2,1
121550,2,1
121600,2,1
121650,2,1
121700,2,1
121750,2,1
121770,2,1
121820,2,1
121870,2,1
121920,2,1
121970,2,1
122020,2,1
122040,2,1
122090,2,1
122140,2,1
122190,2,1
122240,2,1
122290,2,1
122310,2,1
122360,2,1
122410,2,1
122460,2,1
122510,2,1
122560,2,1
122580,2,1
122630,2,1
122680,2,1
122730,2,1
122780,2,1
122830,2,1
122850,2,1
122900,2,1
122950,2,1
123000,2,1
123050,2,1
123100,2,1
123120,2,1
123170,2,1
123220,2,1
123270,2,1
123320,2,1
123370,2,1
123390,2,1
123440,2,1
123490,2,1
123540,2,1
123590,2,1
123640,2,1
123660,2,1
123710,2,1
123760,2,1
123810,2,1
123860,2,1
123910,2,1
123930,2,1
123980,2,1
124030,2,1
124080,2,1
124130,2,1
124180,2,1
124200,2,1
124250,2,1
124300,2,1
124350,2,1
124400,2,1
124450,2,1
124470,2,1
124520,2,1
124570,2,1
124620,2,1
124670,2,1
124720,2,1
124740,2,1
124790,2,1
124840,2,1
124890,2,1
124940,2,1
124990,2,1
125010,2,1
125060,2,1
125110,2,1
125160,2,1
125210,2,1
125260,2,1
125280,2,1
125330,2,1
125380,2,1
125430,2,1
125480,2,1
125530,2,1
125550,2,1
125600,2,1
125650,2,1
125700,2,1
125750,2,1
125800,2,1
125820,2,1
125870,2,1
125920,2,1
125970,2,1
126020,2,1
126070,2,1
126090,2,1
126140,2,1
126190,2,1
126240,2,1
126290,2,1
126340,2,1
126360,2,1
126410,2,1
126460,2,1
126510,2,1
126560,2,1
126610,2,1
126630,2,1
126680,2,1
126730,2,1
126780,2,1
126830,2,1
126880,2,1
126900,2,1
126950,2,1
127000,2,1
127050,2,1
127100,2,1
127150,2,1
127170,2,1
127220,2,1
127270,2,1
127320,2,1
127370,2,1
127420,2,1
127440,2,1
127490,2,1
127540,2,1
127590,2,1
127640,2,1
127690,2,1
127710,2,1
127760,2,1
127810,2,1
127860,2,1
127910,2,1
127960,2,1
127980,2,1
128030,2,1
128080,2,1
128130,2,1
128180,2,1
128230,2,1
128250,2,1
128300,2,1
128350,2,1
128400,2,1
128450,2,1
128500,2,1
128520,2,1
128570,2,1
128620,2,1
128670,2,1
128720,2,1
128770,2,1
128790,2,1
128840,2,1
128890,2,1
128940,2,1
128990,2,1
129040,2,1
129060,2,1
129110,2,1
129160,2,1
129210,2,1
129260,2,1
129310,2,1
129330,2,1
129380,2,1
129430,2,1
129480,2,1
129530,2,1
129580,2,1
129600,2,1
129650,2,1
129700,2,1
129750,2,1
129800,2,1
129850,2,1
129870,2,1
129920,2,1
129970,2,1
130020,2,1
130070,2,1
130120,2,1
130140,2,1
130190,2,1
130240,2,1
130290,2,1
130340,2,1
130390,2,1
130410,2,1
130460,2,1
130510,2,1
130560,2,1
130610,2,1
130660,2,1
130680,2,1
130730,2,1
130780,2,1
130830,2,1
130880,2,1
130930,2,1
130950,2,1
131000,2,1
131050,2,1
131100,2,1
131150,2,1
131200,2,1
131220,2,1
131270,2,1
131320,2,1
131370,2,1
131420,2,1
131470,2,1
131490,2,1
131540,2,1
131590,2,1
131640,2,1
131690,2,1
131740,2,1
131760,2,1
131810,2,1
131860,2,1
131910,2,1
131960,2,1
132010,2,1
132030,2,1
132080,2,1
132130,2,1
132180,2,1
132230,2,1
132280,2,1
132300,2,1
132350,2,1
132400,2,1
132450,2,1
132500,2,1
132550,2,1
132570,2,1
132620,2,1
132670,2,1
132720,2,1
132770,2,1
132820,2,1
132840,2,1
132890,2,1
132940,2,1
132990,2,1
133040,2,1
133090,2,1
133110,2,1
133160,2,1
133210,2,1
133260,2,1
133310,2,1
133360,2,1
133380,2,1
133430,2,1
133480,2,1
133530,2,1
133580,2,1
133630,2,1
133650,2,1
133700,2,1
133750,2,1
133800,2,1
133850,2,1
133900,2,1
133920,2,1
133970,2,1
134020,2,1
134070,2,1
134120,2,1
134170,2,1
134190,2,1
134240,2,1
134290,2,1
134340,2,1
134390,2,1
134440,2,1
134460,2,1
134510,2,1
134560,2,1
134610,2,1
134660,2,1
134710,2,1
134730,2,1
134780,2,1
134830,2,1
134880,2,1
134930,2,1
134980,2,1
135000,2,1
135050,2,1
135100,2,1
135150,2,1
135200,2,1
135250,2,1
135270,2,1
135320,2,1
135370,2,1
135420,2,1
135470,2,1
135520,2,1
135540,2,1
135590,2,1
135640,2,1
135690,2,1
135740,2,1
135790,2,1
135810,2,1
135860,2,1
135910,2,1
135960,2,1
136010,2,1
136060,2,1
136080,2,1
136130,2,1
136180,2,1
136230,2,1
136280,2,1
136330,2,1
136350,2,1
136400,2,1
136450,2,1
136500,2,1
136550,2,1
136600,2,1
136620,2,1
136670,2,1
136720,2,1
136770,2,1
136820,2,1
136870,2,1
136890,2,1
136940,2,1
136990,2,1
137040,2,1
137090,2,1
137140,2,1
137160,2,1
137210,2,1
137260,2,1
137310,2,1
137360,2,1
137410,2,1
137430,2,1
137480,2,1
137530,2,1
137580,2,1
137630,2,1
137680,2,1
137700,2,1
137750,2,1
137800,2,1
137850,2,1
137900,2,1
137950,2,1
137970,2,1
138020,2,1
138070,2,1
138120,2,1
138170,2,1
138220,2,1
138240,2,1
138290,2,1
138340,2,1
138390,2,1
138440,2,1
138490,2,1
138510,2,1
138560,2,1
138610,2,1
138660,2,1
138710,2,1
138760,2,1
138780,2,1
138830,2,1
138880,2,1
138930,2,1
138980,2,1
139030,2,1
139050,2,1
139100,2,1
139150,2,1
139200,2,1
139250,2,1
139300,2,1
139320,2,1
139370,2,1
139420,2,1
139470,2,1
139520,2,1
139570,2,1
139590,2,1
139640,2,1
139690,2,1
139740,2,1
139790,2,1
139840,2,1
139860,2,1
139910,2,1
139960,2,1
140010,2,1
140060,2,1
140110,2,1
140130,2,1
140180,2,1
140230,2,1
140280,2,1
140330,2,1
140380,2,1
140400,2,1
140450,2,1
140500,2,1
140550,2,1
140600,2,1
140650,2,1
140670,2,1
140720,2,1
140770,2,1
140820,2,1
140870,2,1
140920,2,1
140940,2,1
140990,2,1
141040,2,1
141090,2,1
141140,2,1
141190,2,1
141210,2,1
141260,2,1
141310,2,1
141360,2,1
141410,2,1
141460,2,1
141480,2,1
141530,2,1
141580,2,1
141630,2,1
141680,2,1
141730,2,1
141750,2,1
141800,2,1
141850,2,1
141900,2,1
141950,2,1
142000,2,1
142020,2,1
142070,2,1
142120,2,1
142170,2,1
142220,2,1
142270,2,1
142290,2,1
142340,2,1
142390,2,1
142440,2,1
142490,2,1
142540,2,1
142560,2,1
142610,2,1
142660,2,1
142710,2,1
142760,2,1
142810,2,1
142830,2,1
142880,2,1
142930,2,1
142980,2,1
143030,2,1
143080,2,1
143100,2,1
143150,2,1
143200,2,1
143250,2,1
143300,2,1
143350,2,1
143370,2,1
143420,2,1
143470,2,1
143520,2,1
143570,2,1
143620,2,1
143640,2,1
143690,2,1
143740,2,1
143790,2,1
143840,2,1
143890,2,1
143910,2,1
143960,2,1
144010,2,1
144060,2,1
144110,2,1
144160,2,1
144180,2,1
144230,2,1
144280,2,1
144330,2,1
144380,2,1
144430,2,1
144450,2,1
144500,2,1
144550,2,1
144600,2,1
144650,2,1
144700,2,1
144720,2,1
144770,2,1
144820,2,1
144870,2,1
144920,2,1
144970,2,1
144990,2,1
145040,2,1
145090,2,1
145140,2,1
145190,2,1
145240,2,1
145260,2,1
145310,2,1
145360,2,1
145410,2,1
145460,2,1
145510,2,1
145530,2,1
145580,2,1
145630,2,1
145680,2,1
145730,2,1
145780,2,1
145800,2,1
145850,2,1
145900,2,1
145950,2,1
146000,2,1
146050,2,1
146070,2,1
146120,2,1
146170,2,1
146220,2,1
146270,2,1
146320,2,1
146340,2,1
146390,2,1
146440,2,1
146490,2,1
146540,2,1
146590,2,1
146610,2,1
146660,2,1
146710,2,1
146760,2,1
146810,2,1
146860,2,1
146880,2,1
146930,2,1
146980,2,1
147030,2,1
147080,2,1
147130,2,1
147150,2,1
147200,2,1
147250,2,1
147300,2,1
147350,2,1
147400,2,1
147420,2,1
147470,2,1
147520,2,1
147570,2,1
147620,2,1
147670,2,1
147690,2,1
147740,2,1
147790,2,1
147840,2,1
147890,2,1
147940,2,1
147960,2,1
148010,2,1
148060,2,1
148110,2,1
148160,2,1
148210,2,1
148230,2,1
148280,2,1
148330,2,1
148380,2,1
148430,2,1
148480,2,1
148500,2,1
148550,2,1
148600,2,1
148650,2,1
148700,2,1
148750,2,1
148770,2,1
148820,2,1
148870,2,1
148920,2,1
148970,2,1
149020,2,1
149040,2,1
149090,2,1
149140,2,1
149190,2,1
149240,2,1
149290,2,1
149310,2,1
149360,2,1
149410,2,1
149460,2,1
149510,2,1
149560,2,1
149580,2,1
149630,2,1
149680,2,1
149730,2,1
149780,2,1
149830,2,1
149850,2,1
149900,2,1
149950,2,1
150000,2,1
150050,2,1
150100,2,1
150120,2,1
150170,2,1
150220,2,1
150270,2,1
150320,2,1
150370,2,1
150390,2,1
150440,2,1
150490,2,1
150540,2,1
150590,2,1
150640,2,1
150660,2,1
150710,2,1
150760,2,1
150810,2,1
150860,2,1
150910,2,1
150930,2,1
150980,2,1
151030,2,1
151080,2,1
151130,2,1
151180,2,1
151200,2,1
151250,2,1
151300,2,1
151350,2,1
151400,2,1
151450,2,1
151470,2,1
151520,2,1
151570,2,1
151620,2,1
151670,2,1
151720,2,1
151740,2,1
151790,2,1
151840,2,1
151890,2,1
151940,2,1
151990,2,1
152010,2,1
152060,2,1
152110,2,1
152160,2,1
152210,2,1
152260,2,1
152280,2,1
152330,2,1
152380,2,1
152430,2,1
152480,2,1
152530,2,1
152550,2,1
152600,2,1
152650,2,1
152700,2,1
152750,2,1
152800,2,1
152820,2,1
152870,2,1
152920,2,1
152970,2,1
153020,2,1
153070,2,1
153090,2,1
153140,2,1
153190,2,1
153240,2,1
153290,2,1
153340,2,1
153360,2,1
153410,2,1
153460,2,1
153510,2,1
153560,2,1
153610,2,1
153630,2,1
153680,2,1
153730,2,1
153780,2,1
153830,2,1
153880,2,1
153900,2,1
153950,2,1
154000,2,1
154050,2,1
154100,2,1
154150,2,1
154170,2,1
154220,2,1
154270,2,1
154320,2,1
154370,2,1
154420,2,1
154440,2,1
154490,2,1
154540,2,1
154590,2,1
154640,2,1
154690,2,1
154710,2,1
154760,2,1
154810,2,1
154860,2,1
154910,2,1
154960,2,1
154980,2,1
155030,2,1
155080,2,1
155130,2,1
155180,2,1
155230,2,1
155250,2,1
155300,2,1
155350,2,1
155400,2,1
155450,2,1
155500,2,1
155520,2,1
155570,2,1
155620,2,1
155670,2,1
155720,2,1
155770,2,1
155790,2,1
155840,2,1
155890,2,1
155940,2,1
155990,2,1
156040,2,1
156060,2,1
156110,2,1
156160,2,1
156210,2,1
156260,2,1
156310,2,1
156330,2,1
156380,2,1
156430,2,1
156480,2,1
156530,2,1
156580,2,1
156600,2,1
156650,2,1
156700,2,1
156750,2,1
156800,2,1
156850,2,1
156870,2,1
156920,2,1
156970,2,1
157020,2,1
157070,2,1
157120,2,1
157140,2,1
157190,2,1
157240,2,1
157290,2,1
157340,2,1
157390,2,1
157410,2,1
157460,2,1
157510,2,1
157560,2,1
157610,2,1
157660,2,1
157680,2,1
157730,2,1
157780,2,1
157830,2,1
157880,2,1
157930,2,1
157950,2,1
158000,2,1
158050,2,1
158100,2,1
158150,2,1
158200,2,1
158220,2,1
158270,2,1
158320,2,1
158370,2,1
158420,2,1
158470,2,1
158490,2,1
158540,2,1
158590,2,1
158640,2,1
158690,2,1
158740,2,1
158760,2,1
158810,2,1
158860,2,1
158910,2,1
158960,2,1
159010,2,1
159030,2,1
159080,2,1
159130,2,1
159180,2,1
159230,2,1
159280,2,1
159300,2,1
159350,2,1
159400,2,1
159450,2,1
159500,2,1
159550,2,1
159570,2,1
159620,2,1
159670,2,1
159720,2,1
159770,2,1
159820,2,1
159840,2,1
159890,2,1
159940,2,1
159990,2,1
160040,2,1
160090,2,1
160110,2,1
160160,2,1
160210,2,1
160260,2,1
160310,2,1
160360,2,1
160380,2,1
160430,2,1
160480,2,1
160530,2,1
160580,2,1
160630,2,1
160650,2,1
160700,2,1
160750,2,1
160800,2,1
160850,2,1
160900,2,1
160920,2,1
160970,2,1
161020,2,1
161070,2,1
161120,2,1
161170,2,1
161190,2,1
161240,2,1
161290,2,1
161340,2,1
161390,2,1
161440,2,1
161460,2,1
161510,2,1
161560,2,1
161610,2,1
161660,2,1
161710,2,1
161730,2,1
161780,2,1
161830,2,1
161880,2,1
161930,2,1
161980,2,1
162000,2,1
162050,2,1
162100,2,1
162150,2,1
162200,2,1
162250,2,1
162270,2,1
162320,2,1
162370,2,1
162420,2,1
162470,2,1
162520,2,1
162540,2,1
162590,2,1
162640,2,1
162690,2,1
162740,2,1
162790,2,1
162810,2,1
162860,2,1
162910,2,1
162960,2,1
163010,2,1
163060,2,1
163080,2,1
163130,2,1
163180,2,1
163230,2,1
163280,2,1
163330,2,1
163350,2,1
163400,2,1
163450,2,1
163500,2,1
163550,2,1
163600,2,1
163620,2,1
163670,2,1
163720,2,1
163770,2,1
163820,2,1
163870,2,1
163890,2,1
163940,2,1
163990,2,1
164040,2,1
164090,2,1
164140,2,1
164160,2,1
164210,2,1
164260,2,1
164310,2,1
164360,2,1
164410,2,1
164430,2,1
164480,2,1
164530,2,1
164580,2,1
164630,2,1
164680,2,1
164700,2,1
164750,2,1
164800,2,1
164850,2,1
164900,2,1
164950,2,1
164970,2,1
165020,2,1
165070,2,1
165120,2,1
165170,2,1
165220,2,1
165240,2,1
165290,2,1
165340,2,1
165390,2,1
165440,2,1
165490,2,1
165510,2,1
165560,2,1
165610,2,1
165660,2,1
165710,2,1
165760,2,1
165780,2,1
165830,2,1
165880,2,1
165930,2,1
165980,2,1
166030,2,1
166050,2,1
166100,2,1
166150,2,1
166200,2,1
166250,2,1
166300,2,1
166320,2,1
166370,2,1
166420,2,1
166470,2,1
166520,2,1
166570,2,1
166590,2,1
166640,2,1
166690,2,1
166740,2,1
166790,2,1
166840,2,1
166860,2,1
166910,2,1
166960,2,1
167010,2,1
167060,2,1
167110,2,1
167130,2,1
167180,2,1
167230,2,1
167280,2,1
167330,2,1
167380,2,1
167400,2,1
167450,2,1
167500,2,1
167550,2,1
167600,2,1
167650,2,1
167670,2,1
167720,2,1
167770,2,1
167820,2,1
167870,2,1
167920,2,1
167940,2,1
167990,2,1
168040,2,1
168090,2,1
168140,2,1
168190,2,1
168210,2,1
168260,2,1
168310,2,1
168360,2,1
168410,2,1
168460,2,1
168480,2,1
168530,2,1
168580,2,1
168630,2,1
168680,2,1
168730,2,1
168750,2,1
168800,2,1
168850,2,1
168900,2,1
168950,2,1
169000,2,1
169020,2,1
169070,2,1
169120,2,1
169170,2,1
169220,2,1
169270,2,1
169290,2,1
169340,2,1
169390,2,1
169440,2,1
169490,2,1
169540,2,1
169560,2,1
169610,2,1
169660,2,1
169710,2,1
169760,2,1
169810,2,1
169830,2,1
169880,2,1
169930,2,1
169980,2,1
170030,2,1
170080,2,1
170100,2,1
170150,2,1
170200,2,1
170250,2,1
170300,2,1
170350,2,1
170370,2,1
170420,2,1
170470,2,1
170520,2,1
170570,2,1
170620,2,1
170640,2,1
170690,2,1
170740,2,1
170790,2,1
170840,2,1
170890,2,1
170910,2,1
170960,2,1
171010,2,1
171060,2,1
171110,2,1
171160,2,1
171180,2,1
171230,2,1
171280,2,1
171330,2,1
171380,2,1
171430,2,1
171450,2,1
171500,2,1
171550,2,1
171600,2,1
171650,2,1
171700,2,1
171720,2,1
171770,2,1
171820,2,1
171870,2,1
171920,2,1
171970,2,1
171990,2,1
172040,2,1
172090,2,1
172140,2,1
172190,2,1
172240,2,1
172260,2,1
172310,2,1
172360,2,1
172410,2,1
172460,2,1
172510,2,1
172530,2,1
172580,2,1
172630,2,1
172680,2,1
172730,2,1
172780,2,1
172800,2,1
172850,2,1
172900,2,1
172950,2,1
173000,2,1
173050,2,1
173070,2,1
173120,2,1
173170,2,1
173220,2,1
173270,2,1
173320,2,1
173340,2,1
173390,2,1
173440,2,1
173490,2,1
173540,2,1
173590,2,1
173610,2,1
173660,2,1
173710,2,1
173760,2,1
173810,2,1
173860,2,1
173880,2,1
173930,2,1
173980,2,1
174030,2,1
174080,2,1
174130,2,1
174150,2,1
174200,2,1
174250,2,1
174300,2,1
174350,2,1
174400,2,1
174420,2,1
174470,2,1
174520,2,1
174570,2,1
174620,2,1
174670,2,1
174690,2,1
174740,2,1
174790,2,1
174840,2,1
174890,2,1
174940,2,1
174960,2,1
175010,2,1
175060,2,1
175110,2,1
175160,2,1
175210,2,1
175230,2,1
175280,2,1
175330,2,1
175380,2,1
175430,2,1
175480,2,1
175500,2,1
175550,2,1
175600,2,1
175650,2,1
175700,2,1
175750,2,1
175770,2,1
175820,2,1
175870,2,1
175920,2,1
175970,2,1
176020,2,1
176040,2,1
176090,2,1
176140,2,1
176190,2,1
176240,2,1
176290,2,1
176310,2,1
176360,2,1
176410,2,1
176460,2,1
176510,2,1
176560,2,1
176580,2,1
176630,2,1
176680,2,1
176730,2,1
176780,2,1
176830,2,1
176850,2,1
176900,2,1
176950,2,1
177000,2,1
177050,2,1
177100,2,1
177120,2,1
177170,2,1
177220,2,1
177270,2,1
177320,2,1
177370,2,1
177390,2,1
177440,2,1
177490,2,1
177540,2,1
177590,2,1
177640,2,1
177660,2,1
177710,2,1
177760,2,1
177810,2,1
177860,2,1
177910,2,1
177930,2,1
177980,2,1
178030,2,1
178080,2,1
178130,2,1
178180,2,1
178200,2,1
178250,2,1
178300,2,1
178350,2,1
178400,2,1
178450,2,1
178470,2,1
178520,2,1
178570,2,1
178620,2,1
178670,2,1
178720,2,1
178740,2,1
178790,2,1
178840,2,1
178890,2,1
178940,2,1
178990,2,1
179010,2,1
179060,2,1
179110,2,1
179160,2,1
179210,2,1
179260,2,1
179280,2,1
179330,2,1
179380,2,1
179430,2,1
179480,2,1
179530,2,1
179550,2,1
179600,2,1
179650,2,1
179700,2,1
179750,2,1
179800,2,1
179820,2,1
179870,2,1
179920,2,1
179970,2,1
180020,2,1
180070,2,1
180090,2,1
180140,2,1
180190,2,1
180240,2,1
180290,2,1
180340,2,1
180360,2,1
180410,2,1
180460,2,1
180510,2,1
180560,2,1
180610,2,1
180630,2,1
180680,2,1
180730,2,1
180780,2,1
180830,2,1
180880,2,1
180900,2,1
180950,2,1
181000,2,1
181050,2,1
181100,2,1
181150,2,1
181170,2,1
181220,2,1
181270,2,1
181320,2,1
181370,2,1
181420,2,1
181440,2,1
181490,2,1
181540,2,1
181590,2,1
181640,2,1
181690,2,1
181710,2,1
181760,2,1
181810,2,1
181860,2,1
181910,2,1
181960,2,1
181980,2,1
182030,2,1
182080,2,1
182130,2,1
182180,2,1
182230,2,1
182250,2,1
182300,2,1
182350,2,1
182400,2,1
182450,2,1
182500,2,1
182520,2,1
182570,2,1
182620,2,1
182670,2,1
182720,2,1
182770,2,1
182790,2,1
182840,2,1
182890,2,1
182940,2,1
182990,2,1
183040,2,1
183060,2,1
183110,2,1
183160,2,1
183210,2,1
183260,2,1
183310,2,1
183330,2,1
183380,2,1
183430,2,1
183480,2,1
183530,2,1
183580,2,1
183600,2,1
183650,2,1
183700,2,1
183750,2,1
183800,2,1
183850,2,1
183870,2,1
183920,2,1
183970,2,1
184020,2,1
184070,2,1
184120,2,1
184140,2,1
184190,2,1
184240,2,1
184290,2,1
184340,2,1
184390,2,1
184410,2,1
184460,2,1
184510,2,1
184560,2,1
184610,2,1
184660,2,1
184680,2,1
184730,2,1
184780,2,1
184830,2,1
184880,2,1
184930,2,1
184950,2,1
185000,2,1
185050,2,1
185100,2,1
185150,2,1
185200,2,1
185220,2,1
185270,2,1
185320,2,1
185370,2,1
185420,2,1
185470,2,1
185490,2,1
185540,2,1
185590,2,1
185640,2,1
185690,2,1
185740,2,1
185760,2,1
185810,2,1
185860,2,1
185910,2,1
185960,2,1
186010,2,1
186030,2,1
186080,2,1
186130,2,1
186180,2,1
186230,2,1
186280,2,1
186300,2,1
186350,2,1
186400,2,1
186450,2,1
186500,2,1
186550,2,1
186570,2,1
186620,2,1
186670,2,1
186720,2,1
186770,2,1
186820,2,1
186840,2,1
186890,2,1
186940,2,1
186990,2,1
187040,2,1
187090,2,1
187110,2,1
187160,2,1
187210,2,1
187260,2,1
187310,2,1
187360,2,1
187380,2,1
187430,2,1
187480,2,1
187530,2,1
187580,2,1
187630,2,1
187650,2,1
187700,2,1
187750,2,1
187800,2,1
187850,2,1
187900,2,1
187920,2,1
187970,2,1
188020,2,1
188070,2,1
188120,2,1
188170,2,1
188190,2,1
188240,2,1
188290,2,1
188340,2,1
188390,2,1
188440,2,1
188460,2,1
188510,2,1
188560,2,1
188610,2,1
188660,2,1
188710,2,1
188730,2,1
188780,2,1
188830,2,1
188880,2,1
188930,2,1
188980,2,1
189000,2,1
189050,2,1
189100,2,1
189150,2,1
189200,2,1
189250,2,1
189270,2,1
189320,2,1
189370,2,1
189420,2,1
189470,2,1
189520,2,1
189540,2,1
189590,2,1
189640,2,1
189690,2,1
189740,2,1
189790,2,1
189810,2,1
189860,2,1
189910,2,1
189960,2,1
190010,2,1
190060,2,1
190080,2,1
190130,2,1
190180,2,1
190230,2,1
190280,2,1
190330,2,1
190350,2,1
190400,2,1
190450,2,1
190500,2,1
190550,2,1
190600,2,1
190620,2,1
190670,2,1
190720,2,1
190770,2,1
190820,2,1
190870,2,1
190890,2,1
190940,2,1
190990,2,1
191040,2,1
191090,2,1
191140,2,1
191160,2,1
191210,2,1
191260,2,1
191310,2,1
191360,2,1
191410,2,1
191430,2,1
191480,2,1
191530,2,1
191580,2,1
191630,2,1
191680,2,1
191700,2,1
191750,2,1
191800,2,1
191850,2,1
191900,2,1
191950,2,1
191970,2,1
192020,2,1
192070,2,1
192120,2,1
192170,2,1
192220,2,1
192240,2,1
192290,2,1
192340,2,1
192390,2,1
192440,2,1
192490,2,1
192510,2,1
192560,2,1
192610,2,1
192660,2,1
192710,2,1
192760,2,1
192780,2,1
192830,2,1
192880,2,1
192930,2,1
192980,2,1
193030,2,1
193050,2,1
193100,2,1
193150,2,1
193200,2,1
193250,2,1
193300,2,1
193320,2,1
193370,2,1
193420,2,1
193470,2,1
193520,2,1
193570,2,1
193590,2,1
193640,2,1
193690,2,1
193740,2,1
193790,2,1
193840,2,1
193860,2,1
193910,2,1
193960,2,1
194010,2,1
194060,2,1
194110,2,1
194130,2,1
194180,2,1
194230,2,1
194280,2,1
194330,2,1
194380,2,1
194400,2,1
194450,2,1
194500,2,1
194550,2,1
194600,2,1
194650,2,1
194670,2,1
194720,2,1
194770,2,1
194820,2,1
194870,2,1
194920,2,1
194940,2,1
194990,2,1
195040,2,1
195090,2,1
195140,2,1
195190,2,1
195210,2,1
195260,2,1
195310,2,1
195360,2,1
195410,2,1
195460,2,1
195480,2,1
195530,2,1
195580,2,1
195630,2,1
195680,2,1
195730,2,1
195750,2,1
195800,2,1
195850,2,1
195900,2,1
195950,2,1
196000,2,1
196020,2,1
196070,2,1
196120,2,1
196170,2,1
196220,2,1
196270,2,1
196290,2,1
196340,2,1
196390,2,1
196440,2,1
196490,2,1
196540,2,1
196560,2,1
196610,2,1
196660,2,1
196710,2,1
196760,2,1
196810,2,1
196830,2,1
196880,2,1
196930,2,1
196980,2,1
197030,2,1
197080,2,1
197100,2,1
197150,2,1
197200,2,1
197250,2,1
197300,2,1
197350,2,1
197370,2,1
197420,2,1
197470,2,1
197520,2,1
197570,2,1
197620,2,1
197640,2,1
197690,2,1
197740,2,1
197790,2,1
197840,2,1
197890,2,1
197910,2,1
197960,2,1
198010,2,1
198060,2,1
198110,2,1
198160,2,1
198180,2,1
198230,2,1
198280,2,1
198330,2,1
198380,2,1
198430,2,1
198450,2,1
198500,2,1
198550,2,1
198600,2,1
198650,2,1
198700,2,1
198720,2,1
198770,2,1
198820,2,1
198870,2,1
198920,2,1
198970,2,1
198990,2,1
199040,2,1
199090,2,1
199140,2,1
199190,2,1
199240,2,1
199260,2,1
199310,2,1
199360,2,1
199410,2,1
199460,2,1
199510,2,1
199530,2,1
199580,2,1
199630,2,1
199680,2,1
199730,2,1
199780,2,1
199800,2,1
199850,2,1
199900,2,1
199950,2,1
200000,2,1
200050,2,1
200070,2,1
200120,2,1
200170,2,1
200220,2,1
200270,2,1
200320,2,1
200340,2,1
200390,2,1
200440,2,1
200490,2,1
200540,2,1
200590,2,1
200610,2,1
200660,2,1
200710,2,1
200760,2,1
200810,2,1
200860,2,1
200880,2,1
200930,2,1
200980,2,1
201030,2,1
201080,2,1
201130,2,1
201150,2,1
201200,2,1
201250,2,1
201300,2,1
201350,2,1
201400,2,1
201420,2,1
201470,2,1
201520,2,1
201570,2,1
201620,2,1
201670,2,1
201690,2,1
201740,2,1
201790,2,1
201840,2,1
201890,2,1
201940,2,1
201960,2,1
202010,2,1
202060,2,1
202110,2,1
202160,2,1
202210,2,1
202230,2,1
202280,2,1
202330,2,1
202380,2,1
202430,2,1
202480,2,1
202500,2,1
202550,2,1
202600,2,1
202650,2,1
202700,2,1
202750,2,1
202770,2,1
202820,2,1
202870,2,1
202920,2,1
202970,2,1
203020,2,1
203040,2,1
203090,2,1
203140,2,1
203190,2,1
203240,2,1
203290,2,1
203310,2,1
203360,2,1
203410,2,1
203460,2,1
203510,2,1
203560,2,1
203580,2,1
203630,2,1
203680,2,1
203730,2,1
203780,2,1
203830,2,1
203850,2,1
203900,2,1
203950,2,1
204000,2,1
204050,2,1
204100,2,1
204120,2,1
204170,2,1
204220,2,1
204270,2,1
204320,2,1
204370,2,1
204390,2,1
204440,2,1
204490,2,1
204540,2,1
204590,2,1
204640,2,1
204660,2,1
204710,2,1
204760,2,1
204810,2,1
204860,2,1
204910,2,1
204930,2,1
204980,2,1
205030,2,1
205080,2,1
205130,2,1
205180,2,1
205200,2,1
205250,2,1
205300,2,1
205350,2,1
205400,2,1
205450,2,1
205470,2,1
205520,2,1
205570,2,1
205620,2,1
205670,2,1
205720,2,1
205740,2,1
205790,2,1
205840,2,1
205890,2,1
205940,2,1
205990,2,1
206010,2,1
206060,2,1
206110,2,1
206160,2,1
206210,2,1
206260,2,1
206280,2,1
206330,2,1
206380,2,1
206430,2,1
206480,2,1
206530,2,1
206550,2,1
206600,2,1
206650,2,1
206700,2,1
206750,2,1
206800,2,1
206820,2,1
206870,2,1
206920,2,1
206970,2,1
207020,2,1
207070,2,1
207090,2,1
207140,2,1
207190,2,1
207240,2,1
207290,2,1
207340,2,1
207360,2,1
207410,2,1
207460,2,1
207510,2,1
207560,2,1
207610,2,1
207630,2,1
207680,2,1
207730,2,1
207780,2,1
207830,2,1
207880,2,1
207900,2,1
207950,2,1
208000,2,1
208050,2,1
208100,2,1
208150,2,1
208170,2,1
208220,2,1
208270,2,1
208320,2,1
208370,2,1
208420,2,1
208440,2,1
208490,2,1
208540,2,1
208590,2,1
208640,2,1
208690,2,1
208710,2,1
208760,2,1
208810,2,1
208860,2,1
208910,2,1
208960,2,1
208980,2,1
209030,2,1
209080,2,1
209130,2,1
209180,2,1
209230,2,1
209250,2,1
209300,2,1
209350,2,1
209400,2,1
209450,2,1
209500,2,1
209520,2,1
209570,2,1
209620,2,1
209670,2,1
209720,2,1
209770,2,1
209790,2,1
209840,2,1
209890,2,1
209940,2,1
209990,2,1
210040,2,1
210060,2,1
210110,2,1
210160,2,1
210210,2,1
210260,2,1
210310,2,1
210330,2,1
210380,2,1
210430,2,1
210480,2,1
210530,2,1
210580,2,1
210600,2,1
210650,2,1
210700,2,1
210750,2,1
210800,2,1
210850,2,1
210870,2,1
210920,2,1
210970,2,1
211020,2,1
211070,2,1
211120,2,1
211140,2,1
211190,2,1
211240,2,1
211290,2,1
211340,2,1
211390,2,1
211410,2,1
211460,2,1
211510,2,1
211560,2,1
211610,2,1
211660,2,1
211680,2,1
211730,2,1
211780,2,1
211830,2,1
211880,2,1
211930,2,1
211950,2,1
212000,2,1
212050,2,1
212100,2,1
212150,2,1
212200,2,1
212220,2,1
212270,2,1
212320,2,1
212370,2,1
212420,2,1
212470,2,1
212490,2,1
212540,2,1
212590,2,1
212640,2,1
212690,2,1
212740,2,1
212760,2,1
212810,2,1
212860,2,1
212910,2,1
212960,2,1
213010,2,1
213030,2,1
213080,2,1
213130,2,1
213180,2,1
213230,2,1
213280,2,1
213300,2,1
213350,2,1
213400,2,1
213450,2,1
213500,2,1
213550,2,1
213570,2,1
213620,2,1
213670,2,1
213720,2,1
213770,2,1
213820,2,1
213840,2,1
213890,2,1
213940,2,1
213990,2,1
214040,2,1
214090,2,1
214110,2,1
214160,2,1
214210,2,1
214260,2,1
214310,2,1
214360,2,1
214380,2,1
214430,2,1
214480,2,1
214530,2,1
214580,2,1
214630,2,1
214650,2,1
214700,2,1
214750,2,1
214800,2,1
214850,2,1
214900,2,1
214920,2,1
214970,2,1
215020,2,1
215070,2,1
215120,2,1
215170,2,1
215190,2,1
215240,2,1
215290,2,1
215340,2,1
215390,2,1
215440,2,1
215460,2,1
215510,2,1
215560,2,1
215610,2,1
215660,2,1
215710,2,1
215730,2,1
215780,2,1
215830,2,1
215880,2,1
215930,2,1
215980,2,1
216000,2,1
216050,2,1
216100,2,1
216150,2,1
216200,2,1
216250,2,1
216270,2,1
216320,2,1
216370,2,1
216420,2,1
216470,2,1
216520,2,1
216540,2,1
216590,2,1
216640,2,1
216690,2,1
216740,2,1
216790,2,1
216810,2,1
216860,2,1
216910,2,1
216960,2,1
217010,2,1
217060,2,1
217080,2,1
217130,2,1
217180,2,1
217230,2,1
217280,2,1
217330,2,1
217350,2,1
217400,2,1
217450,2,1
217500,2,1
217550,2,1
217600,2,1
217620,2,1
217670,2,1
217720,2,1
217770,2,1
217820,2,1
217870,2,1
217890,2,1
217940,2,1
217990,2,1
218040,2,1
218090,2,1
218140,2,1
218160,2,1
218210,2,1
218260,2,1
218310,2,1
218360,2,1
218410,2,1
218430,2,1
218480,2,1
218530,2,1
218580,2,1
218630,2,1
218680,2,1
218700,2,1
218750,2,1
218800,2,1
218850,2,1
218900,2,1
218950,2,1
218970,2,1
219020,2,1
219070,2,1
219120,2,1
219170,2,1
219220,2,1
219240,2,1
219290,2,1
219340,2,1
219390,2,1
219440,2,1
219490,2,1
219510,2,1
219560,2,1
219610,2,1
219660,2,1
219710,2,1
219760,2,1
219780,2,1
219830,2,1
219880,2,1
219930,2,1
219980,2,1
220030,2,1
220050,2,1
220100,2,1
220150,2,1
220200,2,1
220250,2,1
220300,2,1
220320,2,1
220370,2,1
220420,2,1
220470,2,1
220520,2,1
220570,2,1
220590,2,1
220640,2,1
220690,2,1
220740,2,1
220790,2,1
220840,2,1
220860,2,1
220910,2,1
220960,2,1
221010,2,1
221060,2,1
221110,2,1
221130,2,1
221180,2,1
221230,2,1
221280,2,1
221330,2,1
221380,2,1
221400,2,1
221450,2,1
221500,2,1
221550,2,1
221600,2,1
221650,2,1
221670,2,1
221720,2,1
221770,2,1
221820,2,1
221870,2,1
221920,2,1
221940,2,1
221990,2,1
222040,2,1
222090,2,1
222140,2,1
222190,2,1
222210,2,1
222260,2,1
222310,2,1
222360,2,1
222410,2,1
222460,2,1
222480,2,1
222530,2,1
222580,2,1
222630,2,1
222680,2,1
222730,2,1
222750,2,1
222800,2,1
222850,2,1
222900,2,1
222950,2,1
223000,2,1
223020,2,1
223070,2,1
223120,2,1
223170,2,1
223220,2,1
223270,2,1
223290,2,1
223340,2,1
223390,2,1
223440,2,1
223490,2,1
223540,2,1
223560,2,1
223610,2,1
223660,2,1
223710,2,1
223760,2,1
223810,2,1
223830,2,1
223880,2,1
223930,2,1
223980,2,1
224030,2,1
224080,2,1
224100,2,1
224150,2,1
224200,2,1
224250,2,1
224300,2,1
224350,2,1
224370,2,1
224420,2,1
224470,2,1
224520,2,1
224570,2,1
224620,2,1
224640,2,1
224690,2,1
224740,2,1
224790,2,1
224840,2,1
224890,2,1
224910,2,1
224960,2,1
225010,2,1
225060,2,1
225110,2,1
225160,2,1
225180,2,1
225230,2,1
225280,2,1
225330,2,1
225380,2,1
225430,2,1
225450,2,1
225500,2,1
225550,2,1
225600,2,1
225650,2,1
225700,2,1
225720,2,1
225770,2,1
225820,2,1
225870,2,1
225920,2,1
225970,2,1
225990,2,1
226040,2,1
226090,2,1
226140,2,1
226190,2,1
226240,2,1
226260,2,1
226310,2,1
226360,2,1
226410,2,1
226460,2,1
226510,2,1
226530,2,1
226580,2,1
226630,2,1
226680,2,1
226730,2,1
226780,2,1
226800,2,1
226850,2,1
226900,2,1
226950,2,1
227000,2,1
227050,2,1
227070,2,1
227120,2,1
227170,2,1
227220,2,1
227270,2,1
227320,2,1
227340,2,1
227390,2,1
227440,2,1
227490,2,1
227540,2,1
227590,2,1
227610,2,1
227660,2,1
227710,2,1
227760,2,1
227810,2,1
227860,2,1
227880,2,1
227930,2,1
227980,2,1
228030,2,1
228080,2,1
228130,2,1
228150,2,1
228200,2,1
228250,2,1
228300,2,1
228350,2,1
228400,2,1
228420,2,1
228470,2,1
228520,2,1
228570,2,1
228620,2,1
228670,2,1
228690,2,1
228740,2,1
228790,2,1
228840,2,1
228890,2,1
228940,2,1
228960,2,1
229010,2,1
229060,2,1
229110,2,1
229160,2,1
229210,2,1
229230,2,1
229280,2,1
229330,2,1
229380,2,1
229430,2,1
229480,2,1
229500,2,1
229550,2,1
229600,2,1
229650,2,1
229700,2,1
229750,2,1
229770,2,1
229820,2,1
229870,2,1
229920,2,1
229970,2,1
230020,2,1
230040,2,1
230090,2,1
230140,2,1
230190,2,1
230240,2,1
230290,2,1
230310,2,1
230360,2,1
230410,2,1
230460,2,1
230510,2,1
230560,2,1
230580,2,1
230630,2,1
230680,2,1
230730,2,1
230780,2,1
230830,2,1
230850,2,1
230900,2,1
230950,2,1
231000,2,1
231050,2,1
231100,2,1
231120,2,1
231170,2,1
231220,2,1
231270,2,1
231320,2,1
231370,2,1
231390,2,1
231440,2,1
231490,2,1
231540,2,1
231590,2,1
231640,2,1
231660,2,1
231710,2,1
231760,2,1
231810,2,1
231860,2,1
231910,2,1
231930,2,1
231980,2,1
232030,2,1
232080,2,1
232130,2,1
232180,2,1
232200,2,1
232250,2,1
232300,2,1
232350,2,1
232400,2,1
232450,2,1
232470,2,1
232520,2,1
232570,2,1
232620,2,1
232670,2,1
232720,2,1
232740,2,1
232790,2,1
232840,2,1
232890,2,1
232940,2,1
232990,2,1
233010,2,1
233060,2,1
233110,2,1
233160,2,1
233210,2,1
233260,2,1
233280,2,1
233330,2,1
233380,2,1
233430,2,1
233480,2,1
233530,2,1
233550,2,1
233600,2,1
233650,2,1
233700,2,1
233750,2,1
233800,2,1
233820,2,1
233870,2,1
233920,2,1
233970,2,1
234020,2,1
234070,2,1
234090,2,1
234140,2,1
234190,2,1
234240,2,1
234290,2,1
234340,2,1
234360,2,1
234410,2,1
234460,2,1
234510,2,1
234560,2,1
234610,2,1
234630,2,1
234680,2,1
234730,2,1
234780,2,1
234830,2,1
234880,2,1
234900,2,1
234950,2,1
235000,2,1
235050,2,1
235100,2,1
235150,2,1
235170,2,1
235220,2,1
235270,2,1
235320,2,1
235370,2,1
235420,2,1
235440,2,1
235490,2,1
235540,2,1
235590,2,1
235640,2,1
235690,2,1
235710,2,1
235760,2,1
235810,2,1
235860,2,1
235910,2,1
235960,2,1
235980,2,1
236030,2,1
236080,2,1
236130,2,1
236180,2,1
236230,2,1
236250,2,1
236300,2,1
236350,2,1
236400,2,1
236450,2,1
236500,2,1
236520,2,1
236570,2,1
236620,2,1
236670,2,1
236720,2,1
236770,2,1
236790,2,1
236840,2,1
236890,2,1
236940,2,1
236990,2,1
237040,2,1
237060,2,1
237110,2,1
237160,2,1
237210,2,1
237260,2,1
237310,2,1
237330,2,1
237380,2,1
237430,2,1
237480,2,1
237530,2,1
237580,2,1
237600,2,1
237650,2,1
237700,2,1
237750,2,1
237800,2,1
237850,2,1
237870,2,1
237920,2,1
237970,2,1
238020,2,1
238070,2,1
238120,2,1
238140,2,1
238190,2,1
238240,2,1
238290,2,1
238340,2,1
238390,2,1
238410,2,1
238460,2,1
238510,2,1
238560,2,1
238610,2,1
238660,2,1
238680,2,1
238730,2,1
238780,2,1
238830,2,1
238880,2,1
238930,2,1
238950,2,1
239000,2,1
239050,2,1
239100,2,1
239150,2,1
239200,2,1
239220,2,1
239270,2,1
239320,2,1
239370,2,1
239420,2,1
239470,2,1
239490,2,1
239540,2,1
239590,2,1
239640,2,1
239690,2,1
239740,2,1
239760,2,1
239810,2,1
239860,2,1
239910,2,1
239960,2,1
240010,2,1
240030,2,1
240080,2,1
240130,2,1
240180,2,1
240230,2,1
240280,2,1
240300,2,1
240350,2,1
240400,2,1
240450,2,1
240500,2,1
240550,2,1
240570,2,1
240620,2,1
240670,2,1
240720,2,1
240770,2,1
240820,2,1
240840,2,1
240890,2,1
240940,2,1
240990,2,1
241040,2,1
241090,2,1
241110,2,1
241160,2,1
241210,2,1
241260,2,1
241310,2,1
241360,2,1
241380,2,1
241430,2,1
241480,2,1
241530,2,1
241580,2,1
241630,2,1
241650,2,1
241700,2,1
241750,2,1
241800,2,1
241850,2,1
241900,2,1
241920,2,1
241970,2,1
242020,2,1
242070,2,1
242120,2,1
242170,2,1
242190,2,1
242240,2,1
242290,2,1
242340,2,1
242390,2,1
242440,2,1
242460,2,1
242510,2,1
242560,2,1
242610,2,1
242660,2,1
242710,2,1
242730,2,1
242780,2,1
242830,2,1
242880,2,1
242930,2,1
242980,2,1
243000,2,1
243050,2,1
243100,2,1
243150,2,1
243200,2,1
243250,2,1
243270,2,1
243320,2,1
243370,2,1
243420,2,1
243470,2,1
243520,2,1
243540,2,1
243590,2,1
243640,2,1
243690,2,1
243740,2,1
243790,2,1
243810,2,1
243860,2,1
243910,2,1
243960,2,1
244010,2,1
244060,2,1
244080,2,1
244130,2,1
244180,2,1
244230,2,1
244280,2,1
244330,2,1
244350,2,1
244400,2,1
244450,2,1
244500,2,1
244550,2,1
244600,2,1
244620,2,1
244670,2,1
244720,2,1
244770,2,1
244820,2,1
244870,2,1
244890,2,1
244940,2,1
244990,2,1
245040,2,1
245090,2,1
245140,2,1
245160,2,1
245210,2,1
245260,2,1
245310,2,1
245360,2,1
245410,2,1
245430,2,1
245480,2,1
245530,2,1
245580,2,1
245630,2,1
245680,2,1
245700,2,1
245750,2,1
245800,2,1
245850,2,1
245900,2,1
245950,2,1
245970,2,1
246020,2,1
246070,2,1
246120,2,1
246170,2,1
246220,2,1
246240,2,1
246290,2,1
246340,2,1
246390,2,1
246440,2,1
246490,2,1
246510,2,1
246560,2,1
246610,2,1
246660,2,1
246710,2,1
246760,2,1
246780,2,1
246830,2,1
246880,2,1
246930,2,1
246980,2,1
247030,2,1
247050,2,1
247100,2,1
247150,2,1
247200,2,1
247250,2,1
247300,2,1
247320,2,1
247370,2,1
247420,2,1
247470,2,1
247520,2,1
247570,2,1
247590,2,1
247640,2,1
247690,2,1
247740,2,1
247790,2,1
247840,2,1
247860,2,1
247910,2,1
247960,2,1
248010,2,1
248060,2,1
248110,2,1
248130,2,1
248180,2,1
248230,2,1
248280,2,1
248330,2,1
248380,2,1
248400,2,1
248450,2,1
248500,2,1
248550,2,1
248600,2,1
248650,2,1
248670,2,1
248720,2,1
248770,2,1
248820,2,1
248870,2,1
248920,2,1
248940,2,1
248990,2,1
249040,2,1
249090,2,1
249140,2,1
249190,2,1
249210,2,1
249260,2,1
249310,2,1
249360,2,1
249410,2,1
249460,2,1
249480,2,1
249530,2,1
249580,2,1
249630,2,1
249680,2,1
249730,2,1
249750,2,1
249800,2,1
249850,2,1
249900,2,1
249950,2,1
250000,2,1
250020,2,1
250070,2,1
250120,2,1
250170,2,1
250220,2,1
250270,2,1
250290,2,1
250340,2,1
250390,2,1
250440,2,1
250490,2,1
250540,2,1
250560,2,1
250610,2,1
250660,2,1
250710,2,1
250760,2,1
250810,2,1
250830,2,1
250880,2,1
250930,2,1
250980,2,1
251030,2,1
251080,2,1
251100,2,1
251150,2,1
251200,2,1
251250,2,1
251300,2,1
251350,2,1
251370,2,1
251420,2,1
251470,2,1
251520,2,1
251570,2,1
251620,2,1
251640,2,1
251690,2,1
251740,2,1
251790,2,1
251840,2,1
251890,2,1
251910,2,1
251960,2,1
252010,2,1
252060,2,1
252110,2,1
252160,2,1
252180,2,1
252230,2,1
252280,2,1
252330,2,1
252380,2,1
252430,2,1
252450,2,1
252500,2,1
252550,2,1
252600,2,1
252650,2,1
252700,2,1
252720,2,1
252770,2,1
252820,2,1
252870,2,1
252920,2,1
252970,2,1
252990,2,1
253040,2,1
253090,2,1
253140,2,1
253190,2,1
253240,2,1
253260,2,1
253310,2,1
253360,2,1
253410,2,1
253460,2,1
253510,2,1
253530,2,1
253580,2,1
253630,2,1
253680,2,1
253730,2,1
253780,2,1
253800,2,1
253850,2,1
253900,2,1
253950,2,1
254000,2,1
254050,2,1
254070,2,1
254120,2,1
254170,2,1
254220,2,1
254270,2,1
254320,2,1
254340,2,1
254390,2,1
254440,2,1
254490,2,1
254540,2,1
254590,2,1
254610,2,1
254660,2,1
254710,2,1
254760,2,1
254810,2,1
254860,2,1
254880,2,1
254930,2,1
254980,2,1
255030,2,1
255080,2,1
255130,2,1
255150,2,1
255200,2,1
255250,2,1
255300,2,1
255350,2,1
255400,2,1
255420,2,1
255470,2,1
255520,2,1
255570,2,1
255620,2,1
255670,2,1
255690,2,1
255740,2,1
255790,2,1
255840,2,1
255890,2,1
255940,2,1
255960,2,1
256010,2,1
256060,2,1
256110,2,1
256160,2,1
256210,2,1
256230,2,1
256280,2,1
256330,2,1
256380,2,1
256430,2,1
256480,2,1
256500,2,1
256550,2,1
256600,2,1
256650,2,1
256700,2,1
256750,2,1
256770,2,1
256820,2,1
256870,2,1
256920,2,1
256970,2,1
257020,2,1
257040,2,1
257090,2,1
257140,2,1
257190,2,1
257240,2,1
257290,2,1
257310,2,1
257360,2,1
257410,2,1
257460,2,1
257510,2,1
257560,2,1
257580,2,1
257630,2,1
257680,2,1
257730,2,1
257780,2,1
257830,2,1
257850,2,1
257900,2,1
257950,2,1
258000,2,1
258050,2,1
258100,2,1
258120,2,1
258170,2,1
258220,2,1
258270,2,1
258320,2,1
258370,2,1
258390,2,1
258440,2,1
258490,2,1
258540,2,1
258590,2,1
258640,2,1
258660,2,1
258710,2,1
258760,2,1
258810,2,1
258860,2,1
258910,2,1
258930,2,1
258980,2,1
259030,2,1
259080,2,1
259130,2,1
259180,2,1
259200,2,1
259250,2,1
259300,2,1
259350,2,1
259400,2,1
259450,2,1
259470,2,1
259520,2,1
259570,2,1
259620,2,1
259670,2,1
259720,2,1
259740,2,1
259790,2,1
259840,2,1
259890,2,1
259940,2,1
259990,2,1
260010,2,1
260060,2,1
260110,2,1
260160,2,1
260210,2,1
260260,2,1
260280,2,1
260330,2,1
260380,2,1
260430,2,1
260480,2,1
260530,2,1
260550,2,1
260600,2,1
260650,2,1
260700,2,1
260750,2,1
260800,2,1
260820,2,1
260870,2,1
260920,2,1
260970,2,1
261020,2,1
261070,2,1
261090,2,1
261140,2,1
261190,2,1
261240,2,1
261290,2,1
261340,2,1
261360,2,1
261410,2,1
261460,2,1
261510,2,1
261560,2,1
261610,2,1
261630,2,1
261680,2,1
261730,2,1
261780,2,1
261830,2,1
261880,2,1
261900,2,1
261950,2,1
262000,2,1
262050,2,1
262100,2,1
262150,2,1
262170,2,1
262220,2,1
262270,2,1
262320,2,1
262370,2,1
262420,2,1
262440,2,1
262490,2,1
262540,2,1
262590,2,1
262640,2,1
262690,2,1
262710,2,1
262760,2,1
262810,2,1
262860,2,1
262910,2,1
262960,2,1
262980,2,1
263030,2,1
263080,2,1
263130,2,1
263180,2,1
263230,2,1
263250,2,1
263300,2,1
263350,2,1
263400,2,1
263450,2,1
263500,2,1
263520,2,1
263570,2,1
263620,2,1
263670,2,1
263720,2,1
263770,2,1
263790,2,1
263840,2,1
263890,2,1
263940,2,1
263990,2,1
264040,2,1
264060,2,1
264110,2,1
264160,2,1
264210,2,1
264260,2,1
264310,2,1
264330,2,1
264380,2,1
264430,2,1
264480,2,1
264530,2,1
264580,2,1
264600,2,1
264650,2,1
264700,2,1
264750,2,1
264800,2,1
264850,2,1
264870,2,1
264920,2,1
264970,2,1
265020,2,1
265070,2,1
265120,2,1
265140,2,1
265190,2,1
265240,2,1
265290,2,1
265340,2,1
265390,2,1
265410,2,1
265460,2,1
265510,2,1
265560,2,1
265610,2,1
265660,2,1
265680,2,1
265730,2,1
265780,2,1
265830,2,1
265880,2,1
265930,2,1
265950,2,1
266000,2,1
266050,2,1
266100,2,1
266150,2,1
266200,2,1
266220,2,1
266270,2,1
266320,2,1
266370,2,1
266420,2,1
266470,2,1
266490,2,1
266540,2,1
266590,2,1
266640,2,1
266690,2,1
266740,2,1
266760,2,1
266810,2,1
266860,2,1
266910,2,1
266960,2,1
267010,2,1
267030,2,1
267080,2,1
267130,2,1
267180,2,1
267230,2,1
267280,2,1
267300,2,1
267350,2,1
267400,2,1
267450,2,1
267500,2,1
267550,2,1
267570,2,1
267620,2,1
267670,2,1
267720,2,1
267770,2,1
267820,2,1
267840,2,1
267890,2,1
267940,2,1
267990,2,1
268040,2,1
268090,2,1
268110,2,1
268160,2,1
268210,2,1
268260,2,1
268310,2,1
268360,2,1
268380,2,1
268430,2,1
268480,2,1
268530,2,1
268580,2,1
268630,2,1
268650,2,1
268700,2,1
268750,2,1
268800,2,1
268850,2,1
268900,2,1
268920,2,1
268970,2,1
269020,2,1
269070,2,1
269120,2,1
269170,2,1
269190,2,1
269240,2,1
269290,2,1
269340,2,1
269390,2,1
269440,2,1
269460,2,1
269510,2,1
269560,2,1
269610,2,1
269660,2,1
269710,2,1
269730,2,1
269780,2,1
269830,2,1
269880,2,1
269930,2,1
269980,2,1
