~iteration~,lr
0,1e-05
50,1e-05
100,1e-05
150,1e-05
200,1e-05
250,1e-05
270,1e-05
320,1e-05
370,1e-05
420,1e-05
470,1e-05
520,1e-05
540,1e-05
590,1e-05
640,1e-05
690,1e-05
740,1e-05
790,1e-05
810,1e-05
860,1e-05
910,1e-05
960,1e-05
1010,1e-05
1060,1e-05
1080,1e-05
1130,1e-05
1180,1e-05
1230,1e-05
1280,1e-05
1330,1e-05
1350,1e-05
1400,1e-05
1450,1e-05
1500,1e-05
1550,1e-05
1600,1e-05
1620,1e-05
1670,1e-05
1720,1e-05
1770,1e-05
1820,1e-05
1870,1e-05
1890,1e-05
1940,1e-05
1990,1e-05
2040,1e-05
2090,1e-05
2140,1e-05
2160,1e-05
2210,1e-05
2260,1e-05
2310,1e-05
2360,1e-05
2410,1e-05
2430,1e-05
2480,1e-05
2530,1e-05
2580,1e-05
2630,1e-05
2680,1e-05
2700,1e-05
2750,1e-05
2800,1e-05
2850,1e-05
2900,1e-05
2950,1e-05
2970,1e-05
3020,1e-05
3070,1e-05
3120,1e-05
3170,1e-05
3220,1e-05
3240,1e-05
3290,1e-05
3340,1e-05
3390,1e-05
3440,1e-05
3490,1e-05
3510,1e-05
3560,1e-05
3610,1e-05
3660,1e-05
3710,1e-05
3760,1e-05
3780,1e-05
3830,1e-05
3880,1e-05
3930,1e-05
3980,1e-05
4030,1e-05
4050,1e-05
4100,1e-05
4150,1e-05
4200,1e-05
4250,1e-05
4300,1e-05
4320,1e-05
4370,1e-05
4420,1e-05
4470,1e-05
4520,1e-05
4570,1e-05
4590,1e-05
4640,1e-05
4690,1e-05
4740,1e-05
4790,1e-05
4840,1e-05
4860,1e-05
4910,1e-05
4960,1e-05
5010,1e-05
5060,1e-05
5110,1e-05
5130,1e-05
5180,1e-05
5230,1e-05
5280,1e-05
5330,1e-05
5380,1e-05
5400,1e-05
5450,1e-05
5500,1e-05
5550,1e-05
5600,1e-05
5650,1e-05
5670,1e-05
5720,1e-05
5770,1e-05
5820,1e-05
5870,1e-05
5920,1e-05
5940,1e-05
5990,1e-05
6040,1e-05
6090,1e-05
6140,1e-05
6190,1e-05
6210,1e-05
6260,1e-05
6310,1e-05
6360,1e-05
6410,1e-05
6460,1e-05
6480,1e-05
6530,1e-05
6580,1e-05
6630,1e-05
6680,1e-05
6730,1e-05
6750,1e-05
6800,1e-05
6850,1e-05
6900,1e-05
6950,1e-05
7000,1e-05
7020,1e-05
7070,1e-05
7120,1e-05
7170,1e-05
7220,1e-05
7270,1e-05
7290,1e-05
7340,1e-05
7390,1e-05
7440,1e-05
7490,1e-05
7540,1e-05
7560,1e-05
7610,1e-05
7660,1e-05
7710,1e-05
7760,1e-05
7810,1e-05
7830,1e-05
7880,1e-05
7930,1e-05
7980,1e-05
8030,1e-05
8080,1e-05
8100,1e-05
8150,1e-05
8200,1e-05
8250,1e-05
8300,1e-05
8350,1e-05
8370,1e-05
8420,1e-05
8470,1e-05
8520,1e-05
8570,1e-05
8620,1e-05
8640,1e-05
8690,1e-05
8740,1e-05
8790,1e-05
8840,1e-05
8890,1e-05
8910,1e-05
8960,1e-05
9010,1e-05
9060,1e-05
9110,1e-05
9160,1e-05
9180,1e-05
9230,1e-05
9280,1e-05
9330,1e-05
9380,1e-05
9430,1e-05
9450,1e-05
9500,1e-05
9550,1e-05
9600,1e-05
9650,1e-05
9700,1e-05
9720,1e-05
9770,1e-05
9820,1e-05
9870,1e-05
9920,1e-05
9970,1e-05
9990,1e-05
10040,1e-05
10090,1e-05
10140,1e-05
10190,1e-05
10240,1e-05
10260,1e-05
10310,1e-05
10360,1e-05
10410,1e-05
10460,1e-05
10510,1e-05
10530,1e-05
10580,1e-05
10630,1e-05
10680,1e-05
10730,1e-05
10780,1e-05
10800,1e-05
10850,1e-05
10900,1e-05
10950,1e-05
11000,1e-05
11050,1e-05
11070,1e-05
11120,1e-05
11170,1e-05
11220,1e-05
11270,1e-05
11320,1e-05
11340,1e-05
11390,1e-05
11440,1e-05
11490,1e-05
11540,1e-05
11590,1e-05
11610,1e-05
11660,1e-05
11710,1e-05
11760,1e-05
11810,1e-05
11860,1e-05
11880,1e-05
11930,1e-05
11980,1e-05
12030,1e-05
12080,1e-05
12130,1e-05
12150,1e-05
12200,1e-05
12250,1e-05
12300,1e-05
12350,1e-05
12400,1e-05
12420,1e-05
12470,1e-05
12520,1e-05
12570,1e-05
12620,1e-05
12670,1e-05
12690,1e-05
12740,1e-05
12790,1e-05
12840,1e-05
12890,1e-05
12940,1e-05
12960,1e-05
13010,1e-05
13060,1e-05
13110,1e-05
13160,1e-05
13210,1e-05
13230,1e-05
13280,1e-05
13330,1e-05
13380,1e-05
13430,1e-05
13480,1e-05
13500,1e-05
13550,1e-05
13600,1e-05
13650,1e-05
13700,1e-05
13750,1e-05
13770,1e-05
13820,1e-05
13870,1e-05
13920,1e-05
13970,1e-05
14020,1e-05
14040,1e-05
14090,1e-05
14140,1e-05
14190,1e-05
14240,1e-05
14290,1e-05
14310,1e-05
14360,1e-05
14410,1e-05
14460,1e-05
14510,1e-05
14560,1e-05
14580,1e-05
14630,1e-05
14680,1e-05
14730,1e-05
14780,1e-05
14830,1e-05
14850,1e-05
14900,1e-05
14950,1e-05
15000,1e-05
15050,1e-05
15100,1e-05
15120,1e-05
15170,1e-05
15220,1e-05
15270,1e-05
15320,1e-05
15370,1e-05
15390,1e-05
15440,1e-05
15490,1e-05
15540,1e-05
15590,1e-05
15640,1e-05
15660,1e-05
15710,1e-05
15760,1e-05
15810,1e-05
15860,1e-05
15910,1e-05
15930,1e-05
15980,1e-05
16030,1e-05
16080,1e-05
16130,1e-05
16180,1e-05
16200,1e-05
16250,1e-05
16300,1e-05
16350,1e-05
16400,1e-05
16450,1e-05
16470,1e-05
16520,1e-05
16570,1e-05
16620,1e-05
16670,1e-05
16720,1e-05
16740,1e-05
16790,1e-05
16840,1e-05
16890,1e-05
16940,1e-05
16990,1e-05
17010,1e-05
17060,1e-05
17110,1e-05
17160,1e-05
17210,1e-05
17260,1e-05
17280,1e-05
17330,1e-05
17380,1e-05
17430,1e-05
17480,1e-05
17530,1e-05
17550,1e-05
17600,1e-05
17650,1e-05
17700,1e-05
17750,1e-05
17800,1e-05
17820,1e-05
17870,1e-05
17920,1e-05
17970,1e-05
18020,1e-05
18070,1e-05
18090,1e-05
18140,1e-05
18190,1e-05
18240,1e-05
18290,1e-05
18340,1e-05
18360,1e-05
18410,1e-05
18460,1e-05
18510,1e-05
18560,1e-05
18610,1e-05
18630,1e-05
18680,1e-05
18730,1e-05
18780,1e-05
18830,1e-05
18880,1e-05
18900,1e-05
18950,1e-05
19000,1e-05
19050,1e-05
19100,1e-05
19150,1e-05
19170,1e-05
19220,1e-05
19270,1e-05
19320,1e-05
19370,1e-05
19420,1e-05
19440,1e-05
19490,1e-05
19540,1e-05
19590,1e-05
19640,1e-05
19690,1e-05
19710,1e-05
19760,1e-05
19810,1e-05
19860,1e-05
19910,1e-05
19960,1e-05
19980,1e-05
20030,1e-05
20080,1e-05
20130,1e-05
20180,1e-05
20230,1e-05
20250,1e-05
20300,1e-05
20350,1e-05
20400,1e-05
20450,1e-05
20500,1e-05
20520,1e-05
20570,1e-05
20620,1e-05
20670,1e-05
20720,1e-05
20770,1e-05
20790,1e-05
20840,1e-05
20890,1e-05
20940,1e-05
20990,1e-05
21040,1e-05
21060,1e-05
21110,1e-05
21160,1e-05
21210,1e-05
21260,1e-05
21310,1e-05
21330,1e-05
21380,1e-05
21430,1e-05
21480,1e-05
21530,1e-05
21580,1e-05
21600,1e-05
21650,1e-05
21700,1e-05
21750,1e-05
21800,1e-05
21850,1e-05
21870,1e-05
21920,1e-05
21970,1e-05
22020,1e-05
22070,1e-05
22120,1e-05
22140,1e-05
22190,1e-05
22240,1e-05
22290,1e-05
22340,1e-05
22390,1e-05
22410,1e-05
22460,1e-05
22510,1e-05
22560,1e-05
22610,1e-05
22660,1e-05
22680,1e-05
22730,1e-05
22780,1e-05
22830,1e-05
22880,1e-05
22930,1e-05
22950,1e-05
23000,1e-05
23050,1e-05
23100,1e-05
23150,1e-05
23200,1e-05
23220,1e-05
23270,1e-05
23320,1e-05
23370,1e-05
23420,1e-05
23470,1e-05
23490,1e-05
23540,1e-05
23590,1e-05
23640,1e-05
23690,1e-05
23740,1e-05
23760,1e-05
23810,1e-05
23860,1e-05
23910,1e-05
23960,1e-05
24010,1e-05
24030,1e-05
24080,1e-05
24130,1e-05
24180,1e-05
24230,1e-05
24280,1e-05
24300,1e-05
24350,1e-05
24400,1e-05
24450,1e-05
24500,1e-05
24550,1e-05
24570,1e-05
24620,1e-05
24670,1e-05
24720,1e-05
24770,1e-05
24820,1e-05
24840,1e-05
24890,1e-05
24940,1e-05
24990,1e-05
25040,1e-05
25090,1e-05
25110,1e-05
25160,1e-05
25210,1e-05
25260,1e-05
25310,1e-05
25360,1e-05
25380,1e-05
25430,1e-05
25480,1e-05
25530,1e-05
25580,1e-05
25630,1e-05
25650,1e-05
25700,1e-05
25750,1e-05
25800,1e-05
25850,1e-05
25900,1e-05
25920,1e-05
25970,1e-05
26020,1e-05
26070,1e-05
26120,1e-05
26170,1e-05
26190,1e-05
26240,1e-05
26290,1e-05
26340,1e-05
26390,1e-05
26440,1e-05
26460,1e-05
26510,1e-05
26560,1e-05
26610,1e-05
26660,1e-05
26710,1e-05
26730,1e-05
26780,1e-05
26830,1e-05
26880,1e-05
26930,1e-05
26980,1e-05
27000,1e-05
27050,1e-05
27100,1e-05
27150,1e-05
27200,1e-05
27250,1e-05
27270,1e-05
27320,1e-05
27370,1e-05
27420,1e-05
27470,1e-05
27520,1e-05
27540,1e-05
27590,1e-05
27640,1e-05
27690,1e-05
27740,1e-05
27790,1e-05
27810,1e-05
27860,1e-05
27910,1e-05
27960,1e-05
28010,1e-05
28060,1e-05
28080,1e-05
28130,1e-05
28180,1e-05
28230,1e-05
28280,1e-05
28330,1e-05
28350,1e-05
28400,1e-05
28450,1e-05
28500,1e-05
28550,1e-05
28600,1e-05
28620,1e-05
28670,1e-05
28720,1e-05
28770,1e-05
28820,1e-05
28870,1e-05
28890,1e-05
28940,1e-05
28990,1e-05
29040,1e-05
29090,1e-05
29140,1e-05
29160,1e-05
29210,1e-05
29260,1e-05
29310,1e-05
29360,1e-05
29410,1e-05
29430,1e-05
29480,1e-05
29530,1e-05
29580,1e-05
29630,1e-05
29680,1e-05
29700,1e-05
29750,1e-05
29800,1e-05
29850,1e-05
29900,1e-05
29950,1e-05
29970,1e-05
30020,1e-05
30070,1e-05
30120,1e-05
30170,1e-05
30220,1e-05
30240,1e-05
30290,1e-05
30340,1e-05
30390,1e-05
30440,1e-05
30490,1e-05
30510,1e-05
30560,1e-05
30610,1e-05
30660,1e-05
30710,1e-05
30760,1e-05
30780,1e-05
30830,1e-05
30880,1e-05
30930,1e-05
30980,1e-05
31030,1e-05
31050,1e-05
31100,1e-05
31150,1e-05
31200,1e-05
31250,1e-05
31300,1e-05
31320,1e-05
31370,1e-05
31420,1e-05
31470,1e-05
31520,1e-05
31570,1e-05
31590,1e-05
31640,1e-05
31690,1e-05
31740,1e-05
31790,1e-05
31840,1e-05
31860,1e-05
31910,1e-05
31960,1e-05
32010,1e-05
32060,1e-05
32110,1e-05
32130,1e-05
32180,1e-05
32230,1e-05
32280,1e-05
32330,1e-05
32380,1e-05
32400,1e-05
32450,1e-05
32500,1e-05
32550,1e-05
32600,1e-05
32650,1e-05
32670,1e-05
32720,1e-05
32770,1e-05
32820,1e-05
32870,1e-05
32920,1e-05
32940,1e-05
32990,1e-05
33040,1e-05
33090,1e-05
33140,1e-05
33190,1e-05
33210,1e-05
33260,1e-05
33310,1e-05
33360,1e-05
33410,1e-05
33460,1e-05
33480,1e-05
33530,1e-05
33580,1e-05
33630,1e-05
33680,1e-05
33730,1e-05
33750,1e-05
33800,1e-05
33850,1e-05
33900,1e-05
33950,1e-05
34000,1e-05
34020,1e-05
34070,1e-05
34120,1e-05
34170,1e-05
34220,1e-05
34270,1e-05
34290,1e-05
34340,1e-05
34390,1e-05
34440,1e-05
34490,1e-05
34540,1e-05
34560,1e-05
34610,1e-05
34660,1e-05
34710,1e-05
34760,1e-05
34810,1e-05
34830,1e-05
34880,1e-05
34930,1e-05
34980,1e-05
35030,1e-05
35080,1e-05
35100,1e-05
35150,1e-05
35200,1e-05
35250,1e-05
35300,1e-05
35350,1e-05
35370,1e-05
35420,1e-05
35470,1e-05
35520,1e-05
35570,1e-05
35620,1e-05
35640,1e-05
35690,1e-05
35740,1e-05
35790,1e-05
35840,1e-05
35890,1e-05
35910,1e-05
35960,1e-05
36010,1e-05
36060,1e-05
36110,1e-05
36160,1e-05
36180,1e-05
36230,1e-05
36280,1e-05
36330,1e-05
36380,1e-05
36430,1e-05
36450,1e-05
36500,1e-05
36550,1e-05
36600,1e-05
36650,1e-05
36700,1e-05
36720,1e-05
36770,1e-05
36820,1e-05
36870,1e-05
36920,1e-05
36970,1e-05
36990,1e-05
37040,1e-05
37090,1e-05
37140,1e-05
37190,1e-05
37240,1e-05
37260,1e-05
37310,1e-05
37360,1e-05
37410,1e-05
37460,1e-05
37510,1e-05
37530,1e-05
37580,1e-05
37630,1e-05
37680,1e-05
37730,1e-05
37780,1e-05
37800,1e-05
37850,1e-05
37900,1e-05
37950,1e-05
38000,1e-05
38050,1e-05
38070,1e-05
38120,1e-05
38170,1e-05
38220,1e-05
38270,1e-05
38320,1e-05
38340,1e-05
38390,1e-05
38440,1e-05
38490,1e-05
38540,1e-05
38590,1e-05
38610,1e-05
38660,1e-05
38710,1e-05
38760,1e-05
38810,1e-05
38860,1e-05
38880,1e-05
38930,1e-05
38980,1e-05
39030,1e-05
39080,1e-05
39130,1e-05
39150,1e-05
39200,1e-05
39250,1e-05
39300,1e-05
39350,1e-05
39400,1e-05
39420,1e-05
39470,1e-05
39520,1e-05
39570,1e-05
39620,1e-05
39670,1e-05
39690,1e-05
39740,1e-05
39790,1e-05
39840,1e-05
39890,1e-05
39940,1e-05
39960,1e-05
40010,1e-05
40060,1e-05
40110,1e-05
40160,1e-05
40210,1e-05
40230,1e-05
40280,1e-05
40330,1e-05
40380,1e-05
40430,1e-05
40480,1e-05
40500,1e-05
40550,1e-05
40600,1e-05
40650,1e-05
40700,1e-05
40750,1e-05
40770,1e-05
40820,1e-05
40870,1e-05
40920,1e-05
40970,1e-05
41020,1e-05
41040,1e-05
41090,1e-05
41140,1e-05
41190,1e-05
41240,1e-05
41290,1e-05
41310,1e-05
41360,1e-05
41410,1e-05
41460,1e-05
41510,1e-05
41560,1e-05
41580,1e-05
41630,1e-05
41680,1e-05
41730,1e-05
41780,1e-05
41830,1e-05
41850,1e-05
41900,1e-05
41950,1e-05
42000,1e-05
42050,1e-05
42100,1e-05
42120,1e-05
42170,1e-05
42220,1e-05
42270,1e-05
42320,1e-05
42370,1e-05
42390,1e-05
42440,1e-05
42490,1e-05
42540,1e-05
42590,1e-05
42640,1e-05
42660,1e-05
42710,1e-05
42760,1e-05
42810,1e-05
42860,1e-05
42910,1e-05
42930,1e-05
42980,1e-05
43030,1e-05
43080,1e-05
43130,1e-05
43180,1e-05
43200,1e-05
43250,1e-05
43300,1e-05
43350,1e-05
43400,1e-05
43450,1e-05
43470,1e-05
43520,1e-05
43570,1e-05
43620,1e-05
43670,1e-05
43720,1e-05
43740,1e-05
43790,1e-05
43840,1e-05
43890,1e-05
43940,1e-05
43990,1e-05
44010,1e-05
44060,1e-05
44110,1e-05
44160,1e-05
44210,1e-05
44260,1e-05
44280,1e-05
44330,1e-05
44380,1e-05
44430,1e-05
44480,1e-05
44530,1e-05
44550,1e-05
44600,1e-05
44650,1e-05
44700,1e-05
44750,1e-05
44800,1e-05
44820,1e-05
44870,1e-05
44920,1e-05
44970,1e-05
45020,1e-05
45070,1e-05
45090,1e-05
45140,1e-05
45190,1e-05
45240,1e-05
45290,1e-05
45340,1e-05
45360,1e-05
45410,1e-05
45460,1e-05
45510,1e-05
45560,1e-05
45610,1e-05
45630,1e-05
45680,1e-05
45730,1e-05
45780,1e-05
45830,1e-05
45880,1e-05
45900,1e-05
45950,1e-05
46000,1e-05
46050,1e-05
46100,1e-05
46150,1e-05
46170,1e-05
46220,1e-05
46270,1e-05
46320,1e-05
46370,1e-05
46420,1e-05
46440,1e-05
46490,1e-05
46540,1e-05
46590,1e-05
46640,1e-05
46690,1e-05
46710,1e-05
46760,1e-05
46810,1e-05
46860,1e-05
46910,1e-05
46960,1e-05
46980,1e-05
47030,1e-05
47080,1e-05
47130,1e-05
47180,1e-05
47230,1e-05
47250,1e-05
47300,1e-05
47350,1e-05
47400,1e-05
47450,1e-05
47500,1e-05
47520,1e-05
47570,1e-05
47620,1e-05
47670,1e-05
47720,1e-05
47770,1e-05
47790,1e-05
47840,1e-05
47890,1e-05
47940,1e-05
47990,1e-05
48040,1e-05
48060,1e-05
48110,1e-05
48160,1e-05
48210,1e-05
48260,1e-05
48310,1e-05
48330,1e-05
48380,1e-05
48430,1e-05
48480,1e-05
48530,1e-05
48580,1e-05
48600,1e-05
48650,1e-05
48700,1e-05
48750,1e-05
48800,1e-05
48850,1e-05
48870,1e-05
48920,1e-05
48970,1e-05
49020,1e-05
49070,1e-05
49120,1e-05
49140,1e-05
49190,1e-05
49240,1e-05
49290,1e-05
49340,1e-05
49390,1e-05
49410,1e-05
49460,1e-05
49510,1e-05
49560,1e-05
49610,1e-05
49660,1e-05
49680,1e-05
49730,1e-05
49780,1e-05
49830,1e-05
49880,1e-05
49930,1e-05
49950,1e-05
50000,1e-05
50050,1e-05
50100,1e-05
50150,1e-05
50200,1e-05
50220,1e-05
50270,1e-05
50320,1e-05
50370,1e-05
50420,1e-05
50470,1e-05
50490,1e-05
50540,1e-05
50590,1e-05
50640,1e-05
50690,1e-05
50740,1e-05
50760,1e-05
50810,1e-05
50860,1e-05
50910,1e-05
50960,1e-05
51010,1e-05
51030,1e-05
51080,1e-05
51130,1e-05
51180,1e-05
51230,1e-05
51280,1e-05
51300,1e-05
51350,1e-05
51400,1e-05
51450,1e-05
51500,1e-05
51550,1e-05
51570,1e-05
51620,1e-05
51670,1e-05
51720,1e-05
51770,1e-05
51820,1e-05
51840,1e-05
51890,1e-05
51940,1e-05
51990,1e-05
52040,1e-05
52090,1e-05
52110,1e-05
52160,1e-05
52210,1e-05
52260,1e-05
52310,1e-05
52360,1e-05
52380,1e-05
52430,1e-05
52480,1e-05
52530,1e-05
52580,1e-05
52630,1e-05
52650,1e-05
52700,1e-05
52750,1e-05
52800,1e-05
52850,1e-05
52900,1e-05
52920,1e-05
52970,1e-05
53020,1e-05
53070,1e-05
53120,1e-05
53170,1e-05
53190,1e-05
53240,1e-05
53290,1e-05
53340,1e-05
53390,1e-05
53440,1e-05
53460,1e-05
53510,1e-05
53560,1e-05
53610,1e-05
53660,1e-05
53710,1e-05
53730,1e-05
53780,1e-05
53830,1e-05
53880,1e-05
53930,1e-05
53980,1e-05
54000,1e-05
54050,1e-05
54100,1e-05
54150,1e-05
54200,1e-05
54250,1e-05
54270,1e-05
54320,1e-05
54370,1e-05
54420,1e-05
54470,1e-05
54520,1e-05
54540,1e-05
54590,1e-05
54640,1e-05
54690,1e-05
54740,1e-05
54790,1e-05
54810,1e-05
54860,1e-05
54910,1e-05
54960,1e-05
55010,1e-05
55060,1e-05
55080,1e-05
55130,1e-05
55180,1e-05
55230,1e-05
55280,1e-05
55330,1e-05
55350,1e-05
55400,1e-05
55450,1e-05
55500,1e-05
55550,1e-05
55600,1e-05
55620,1e-05
55670,1e-05
55720,1e-05
55770,1e-05
55820,1e-05
55870,1e-05
55890,1e-05
55940,1e-05
55990,1e-05
56040,1e-05
56090,1e-05
56140,1e-05
56160,1e-05
56210,1e-05
56260,1e-05
56310,1e-05
56360,1e-05
56410,1e-05
56430,1e-05
56480,1e-05
56530,1e-05
56580,1e-05
56630,1e-05
56680,1e-05
56700,1e-05
56750,1e-05
56800,1e-05
56850,1e-05
56900,1e-05
56950,1e-05
56970,1e-05
57020,1e-05
57070,1e-05
57120,1e-05
57170,1e-05
57220,1e-05
57240,1e-05
57290,1e-05
57340,1e-05
57390,1e-05
57440,1e-05
57490,1e-05
57510,1e-05
57560,1e-05
57610,1e-05
57660,1e-05
57710,1e-05
57760,1e-05
57780,1e-05
57830,1e-05
57880,1e-05
57930,1e-05
57980,1e-05
58030,1e-05
58050,1e-05
58100,1e-05
58150,1e-05
58200,1e-05
58250,1e-05
58300,1e-05
58320,1e-05
58370,1e-05
58420,1e-05
58470,1e-05
58520,1e-05
58570,1e-05
58590,1e-05
58640,1e-05
58690,1e-05
58740,1e-05
58790,1e-05
58840,1e-05
58860,1e-05
58910,1e-05
58960,1e-05
59010,1e-05
59060,1e-05
59110,1e-05
59130,1e-05
59180,1e-05
59230,1e-05
59280,1e-05
59330,1e-05
59380,1e-05
59400,1e-05
59450,1e-05
59500,1e-05
59550,1e-05
59600,1e-05
59650,1e-05
59670,1e-05
59720,1e-05
59770,1e-05
59820,1e-05
59870,1e-05
59920,1e-05
59940,1e-05
59990,1e-05
60040,1e-05
60090,1e-05
60140,1e-05
60190,1e-05
60210,1e-05
60260,1e-05
60310,1e-05
60360,1e-05
60410,1e-05
60460,1e-05
60480,1e-05
60530,1e-05
60580,1e-05
60630,1e-05
60680,1e-05
60730,1e-05
60750,1e-05
60800,1e-05
60850,1e-05
60900,1e-05
60950,1e-05
61000,1e-05
61020,1e-05
61070,1e-05
61120,1e-05
61170,1e-05
61220,1e-05
61270,1e-05
61290,1e-05
61340,1e-05
61390,1e-05
61440,1e-05
61490,1e-05
61540,1e-05
61560,1e-05
61610,1e-05
61660,1e-05
61710,1e-05
61760,1e-05
61810,1e-05
61830,1e-05
61880,1e-05
61930,1e-05
61980,1e-05
62030,1e-05
62080,1e-05
62100,1e-05
62150,1e-05
62200,1e-05
62250,1e-05
62300,1e-05
62350,1e-05
62370,1e-05
62420,1e-05
62470,1e-05
62520,1e-05
62570,1e-05
62620,1e-05
62640,1e-05
62690,1e-05
62740,1e-05
62790,1e-05
62840,1e-05
62890,1e-05
62910,1e-05
62960,1e-05
63010,1e-05
63060,1e-05
63110,1e-05
63160,1e-05
63180,1e-05
63230,1e-05
63280,1e-05
63330,1e-05
63380,1e-05
63430,1e-05
63450,1e-05
63500,1e-05
63550,1e-05
63600,1e-05
63650,1e-05
63700,1e-05
63720,1e-05
63770,1e-05
63820,1e-05
63870,1e-05
63920,1e-05
63970,1e-05
63990,1e-05
64040,1e-05
64090,1e-05
64140,1e-05
64190,1e-05
64240,1e-05
64260,1e-05
64310,1e-05
64360,1e-05
64410,1e-05
64460,1e-05
64510,1e-05
64530,1e-05
64580,1e-05
64630,1e-05
64680,1e-05
64730,1e-05
64780,1e-05
64800,1e-05
64850,1e-05
64900,1e-05
64950,1e-05
65000,1e-05
65050,1e-05
65070,1e-05
65120,1e-05
65170,1e-05
65220,1e-05
65270,1e-05
65320,1e-05
65340,1e-05
65390,1e-05
65440,1e-05
65490,1e-05
65540,1e-05
65590,1e-05
65610,1e-05
65660,1e-05
65710,1e-05
65760,1e-05
65810,1e-05
65860,1e-05
65880,1e-05
65930,1e-05
65980,1e-05
66030,1e-05
66080,1e-05
66130,1e-05
66150,1e-05
66200,1e-05
66250,1e-05
66300,1e-05
66350,1e-05
66400,1e-05
66420,1e-05
66470,1e-05
66520,1e-05
66570,1e-05
66620,1e-05
66670,1e-05
66690,1e-05
66740,1e-05
66790,1e-05
66840,1e-05
66890,1e-05
66940,1e-05
66960,1e-05
67010,1e-05
67060,1e-05
67110,1e-05
67160,1e-05
67210,1e-05
67230,1e-05
67280,1e-05
67330,1e-05
67380,1e-05
67430,1e-05
67480,1e-05
67500,1e-05
67550,1e-05
67600,1e-05
67650,1e-05
67700,1e-05
67750,1e-05
67770,1e-05
67820,1e-05
67870,1e-05
67920,1e-05
67970,1e-05
68020,1e-05
68040,1e-05
68090,1e-05
68140,1e-05
68190,1e-05
68240,1e-05
68290,1e-05
68310,1e-05
68360,1e-05
68410,1e-05
68460,1e-05
68510,1e-05
68560,1e-05
68580,1e-05
68630,1e-05
68680,1e-05
68730,1e-05
68780,1e-05
68830,1e-05
68850,1e-05
68900,1e-05
68950,1e-05
69000,1e-05
69050,1e-05
69100,1e-05
69120,1e-05
69170,1e-05
69220,1e-05
69270,1e-05
69320,1e-05
69370,1e-05
69390,1e-05
69440,1e-05
69490,1e-05
69540,1e-05
69590,1e-05
69640,1e-05
69660,1e-05
69710,1e-05
69760,1e-05
69810,1e-05
69860,1e-05
69910,1e-05
69930,1e-05
69980,1e-05
70030,1e-05
70080,1e-05
70130,1e-05
70180,1e-05
70200,1e-05
70250,1e-05
70300,1e-05
70350,1e-05
70400,1e-05
70450,1e-05
70470,1e-05
70520,1e-05
70570,1e-05
70620,1e-05
70670,1e-05
70720,1e-05
70740,1e-05
70790,1e-05
70840,1e-05
70890,1e-05
70940,1e-05
70990,1e-05
71010,1e-05
71060,1e-05
71110,1e-05
71160,1e-05
71210,1e-05
71260,1e-05
71280,1e-05
71330,1e-05
71380,1e-05
71430,1e-05
71480,1e-05
71530,1e-05
71550,1e-05
71600,1e-05
71650,1e-05
71700,1e-05
71750,1e-05
71800,1e-05
71820,1e-05
71870,1e-05
71920,1e-05
71970,1e-05
72020,1e-05
72070,1e-05
72090,1e-05
72140,1e-05
72190,1e-05
72240,1e-05
72290,1e-05
72340,1e-05
72360,1e-05
72410,1e-05
72460,1e-05
72510,1e-05
72560,1e-05
72610,1e-05
72630,1e-05
72680,1e-05
72730,1e-05
72780,1e-05
72830,1e-05
72880,1e-05
72900,1e-05
72950,1e-05
73000,1e-05
73050,1e-05
73100,1e-05
73150,1e-05
73170,1e-05
73220,1e-05
73270,1e-05
73320,1e-05
73370,1e-05
73420,1e-05
73440,1e-05
73490,1e-05
73540,1e-05
73590,1e-05
73640,1e-05
73690,1e-05
73710,1e-05
73760,1e-05
73810,1e-05
73860,1e-05
73910,1e-05
73960,1e-05
73980,1e-05
74030,1e-05
74080,1e-05
74130,1e-05
74180,1e-05
74230,1e-05
74250,1e-05
74300,1e-05
74350,1e-05
74400,1e-05
74450,1e-05
74500,1e-05
74520,1e-05
74570,1e-05
74620,1e-05
74670,1e-05
74720,1e-05
74770,1e-05
74790,1e-05
74840,1e-05
74890,1e-05
74940,1e-05
74990,1e-05
75040,1e-05
75060,1e-05
75110,1e-05
75160,1e-05
75210,1e-05
75260,1e-05
75310,1e-05
75330,1e-05
75380,1e-05
75430,1e-05
75480,1e-05
75530,1e-05
75580,1e-05
75600,1e-05
75650,1e-05
75700,1e-05
75750,1e-05
75800,1e-05
75850,1e-05
75870,1e-05
75920,1e-05
75970,1e-05
76020,1e-05
76070,1e-05
76120,1e-05
76140,1e-05
76190,1e-05
76240,1e-05
76290,1e-05
76340,1e-05
76390,1e-05
76410,1e-05
76460,1e-05
76510,1e-05
76560,1e-05
76610,1e-05
76660,1e-05
76680,1e-05
76730,1e-05
76780,1e-05
76830,1e-05
76880,1e-05
76930,1e-05
76950,1e-05
77000,1e-05
77050,1e-05
77100,1e-05
77150,1e-05
77200,1e-05
77220,1e-05
77270,1e-05
77320,1e-05
77370,1e-05
77420,1e-05
77470,1e-05
77490,1e-05
77540,1e-05
77590,1e-05
77640,1e-05
77690,1e-05
77740,1e-05
77760,1e-05
77810,1e-05
77860,1e-05
77910,1e-05
77960,1e-05
78010,1e-05
78030,1e-05
78080,1e-05
78130,1e-05
78180,1e-05
78230,1e-05
78280,1e-05
78300,1e-05
78350,1e-05
78400,1e-05
78450,1e-05
78500,1e-05
78550,1e-05
78570,1e-05
78620,1e-05
78670,1e-05
78720,1e-05
78770,1e-05
78820,1e-05
78840,1e-05
78890,1e-05
78940,1e-05
78990,1e-05
79040,1e-05
79090,1e-05
79110,1e-05
79160,1e-05
79210,1e-05
79260,1e-05
79310,1e-05
79360,1e-05
79380,1e-05
79430,1e-05
79480,1e-05
79530,1e-05
79580,1e-05
79630,1e-05
79650,1e-05
79700,1e-05
79750,1e-05
79800,1e-05
79850,1e-05
79900,1e-05
79920,1e-05
79970,1e-05
80020,1e-05
80070,1e-05
80120,1e-05
80170,1e-05
80190,1e-05
80240,1e-05
80290,1e-05
80340,1e-05
80390,1e-05
80440,1e-05
80460,1e-05
80510,1e-05
80560,1e-05
80610,1e-05
80660,1e-05
80710,1e-05
80730,1e-05
80780,1e-05
80830,1e-05
80880,1e-05
80930,1e-05
80980,1e-05
81000,1e-05
81050,1e-05
81100,1e-05
81150,1e-05
81200,1e-05
81250,1e-05
81270,1e-05
81320,1e-05
81370,1e-05
81420,1e-05
81470,1e-05
81520,1e-05
81540,1e-05
81590,1e-05
81640,1e-05
81690,1e-05
81740,1e-05
81790,1e-05
81810,1e-05
81860,1e-05
81910,1e-05
81960,1e-05
82010,1e-05
82060,1e-05
82080,1e-05
82130,1e-05
82180,1e-05
82230,1e-05
82280,1e-05
82330,1e-05
82350,1e-05
82400,1e-05
82450,1e-05
82500,1e-05
82550,1e-05
82600,1e-05
82620,1e-05
82670,1e-05
82720,1e-05
82770,1e-05
82820,1e-05
82870,1e-05
82890,1e-05
82940,1e-05
82990,1e-05
83040,1e-05
83090,1e-05
83140,1e-05
83160,1e-05
83210,1e-05
83260,1e-05
83310,1e-05
83360,1e-05
83410,1e-05
83430,1e-05
83480,1e-05
83530,1e-05
83580,1e-05
83630,1e-05
83680,1e-05
83700,1e-05
83750,1e-05
83800,1e-05
83850,1e-05
83900,1e-05
83950,1e-05
83970,1e-05
84020,1e-05
84070,1e-05
84120,1e-05
84170,1e-05
84220,1e-05
84240,1e-05
84290,1e-05
84340,1e-05
84390,1e-05
84440,1e-05
84490,1e-05
84510,1e-05
84560,1e-05
84610,1e-05
84660,1e-05
84710,1e-05
84760,1e-05
84780,1e-05
84830,1e-05
84880,1e-05
84930,1e-05
84980,1e-05
85030,1e-05
85050,1e-05
85100,1e-05
85150,1e-05
85200,1e-05
85250,1e-05
85300,1e-05
85320,1e-05
85370,1e-05
85420,1e-05
85470,1e-05
85520,1e-05
85570,1e-05
85590,1e-05
85640,1e-05
85690,1e-05
85740,1e-05
85790,1e-05
85840,1e-05
85860,1e-05
85910,1e-05
85960,1e-05
86010,1e-05
86060,1e-05
86110,1e-05
86130,1e-05
86180,1e-05
86230,1e-05
86280,1e-05
86330,1e-05
86380,1e-05
86400,1e-05
86450,1e-05
86500,1e-05
86550,1e-05
86600,1e-05
86650,1e-05
86670,1e-05
86720,1e-05
86770,1e-05
86820,1e-05
86870,1e-05
86920,1e-05
86940,1e-05
86990,1e-05
87040,1e-05
87090,1e-05
87140,1e-05
87190,1e-05
87210,1e-05
87260,1e-05
87310,1e-05
87360,1e-05
87410,1e-05
87460,1e-05
87480,1e-05
87530,1e-05
87580,1e-05
87630,1e-05
87680,1e-05
87730,1e-05
87750,1e-05
87800,1e-05
87850,1e-05
87900,1e-05
87950,1e-05
88000,1e-05
88020,1e-05
88070,1e-05
88120,1e-05
88170,1e-05
88220,1e-05
88270,1e-05
88290,1e-05
88340,1e-05
88390,1e-05
88440,1e-05
88490,1e-05
88540,1e-05
88560,1e-05
88610,1e-05
88660,1e-05
88710,1e-05
88760,1e-05
88810,1e-05
88830,1e-05
88880,1e-05
88930,1e-05
88980,1e-05
89030,1e-05
89080,1e-05
89100,1e-05
89150,1e-05
89200,1e-05
89250,1e-05
89300,1e-05
89350,1e-05
89370,1e-05
89420,1e-05
89470,1e-05
89520,1e-05
89570,1e-05
89620,1e-05
89640,1e-05
89690,1e-05
89740,1e-05
89790,1e-05
89840,1e-05
89890,1e-05
89910,1e-05
89960,1e-05
90010,1e-05
90060,1e-05
90110,1e-05
90160,1e-05
90180,1e-05
90230,1e-05
90280,1e-05
90330,1e-05
90380,1e-05
90430,1e-05
90450,1e-05
90500,1e-05
90550,1e-05
90600,1e-05
90650,1e-05
90700,1e-05
90720,1e-05
90770,1e-05
90820,1e-05
90870,1e-05
90920,1e-05
90970,1e-05
90990,1e-05
91040,1e-05
91090,1e-05
91140,1e-05
91190,1e-05
91240,1e-05
91260,1e-05
91310,1e-05
91360,1e-05
91410,1e-05
91460,1e-05
91510,1e-05
91530,1e-05
91580,1e-05
91630,1e-05
91680,1e-05
91730,1e-05
91780,1e-05
91800,1e-05
91850,1e-05
91900,1e-05
91950,1e-05
92000,1e-05
92050,1e-05
92070,1e-05
92120,1e-05
92170,1e-05
92220,1e-05
92270,1e-05
92320,1e-05
92340,1e-05
92390,1e-05
92440,1e-05
92490,1e-05
92540,1e-05
92590,1e-05
92610,1e-05
92660,1e-05
92710,1e-05
92760,1e-05
92810,1e-05
92860,1e-05
92880,1e-05
92930,1e-05
92980,1e-05
93030,1e-05
93080,1e-05
93130,1e-05
93150,1e-05
93200,1e-05
93250,1e-05
93300,1e-05
93350,1e-05
93400,1e-05
93420,1e-05
93470,1e-05
93520,1e-05
93570,1e-05
93620,1e-05
93670,1e-05
93690,1e-05
93740,1e-05
93790,1e-05
93840,1e-05
93890,1e-05
93940,1e-05
93960,1e-05
94010,1e-05
94060,1e-05
94110,1e-05
94160,1e-05
94210,1e-05
94230,1e-05
94280,1e-05
94330,1e-05
94380,1e-05
94430,1e-05
94480,1e-05
94500,1e-05
94550,1e-05
94600,1e-05
94650,1e-05
94700,1e-05
94750,1e-05
94770,1e-05
94820,1e-05
94870,1e-05
94920,1e-05
94970,1e-05
95020,1e-05
95040,1e-05
95090,1e-05
95140,1e-05
95190,1e-05
95240,1e-05
95290,1e-05
95310,1e-05
95360,1e-05
95410,1e-05
95460,1e-05
95510,1e-05
95560,1e-05
95580,1e-05
95630,1e-05
95680,1e-05
95730,1e-05
95780,1e-05
95830,1e-05
95850,1e-05
95900,1e-05
95950,1e-05
96000,1e-05
96050,1e-05
96100,1e-05
96120,1e-05
96170,1e-05
96220,1e-05
96270,1e-05
96320,1e-05
96370,1e-05
96390,1e-05
96440,1e-05
96490,1e-05
96540,1e-05
96590,1e-05
96640,1e-05
96660,1e-05
96710,1e-05
96760,1e-05
96810,1e-05
96860,1e-05
96910,1e-05
96930,1e-05
96980,1e-05
97030,1e-05
97080,1e-05
97130,1e-05
97180,1e-05
97200,1e-05
97250,1e-05
97300,1e-05
97350,1e-05
97400,1e-05
97450,1e-05
97470,1e-05
97520,1e-05
97570,1e-05
97620,1e-05
97670,1e-05
97720,1e-05
97740,1e-05
97790,1e-05
97840,1e-05
97890,1e-05
97940,1e-05
97990,1e-05
98010,1e-05
98060,1e-05
98110,1e-05
98160,1e-05
98210,1e-05
98260,1e-05
98280,1e-05
98330,1e-05
98380,1e-05
98430,1e-05
98480,1e-05
98530,1e-05
98550,1e-05
98600,1e-05
98650,1e-05
98700,1e-05
98750,1e-05
98800,1e-05
98820,1e-05
98870,1e-05
98920,1e-05
98970,1e-05
99020,1e-05
99070,1e-05
99090,1e-05
99140,1e-05
99190,1e-05
99240,1e-05
99290,1e-05
99340,1e-05
99360,1e-05
99410,1e-05
99460,1e-05
99510,1e-05
99560,1e-05
99610,1e-05
99630,1e-05
99680,1e-05
99730,1e-05
99780,1e-05
99830,1e-05
99880,1e-05
99900,1e-05
99950,1e-05
100000,1e-05
100050,1e-05
100100,1e-05
100150,1e-05
100170,1e-05
100220,1e-05
100270,1e-05
100320,1e-05
100370,1e-05
100420,1e-05
100440,1e-05
100490,1e-05
100540,1e-05
100590,1e-05
100640,1e-05
100690,1e-05
100710,1e-05
100760,1e-05
100810,1e-05
100860,1e-05
100910,1e-05
100960,1e-05
100980,1e-05
101030,1e-05
101080,1e-05
101130,1e-05
101180,1e-05
101230,1e-05
101250,1e-05
101300,1e-05
101350,1e-05
101400,1e-05
101450,1e-05
101500,1e-05
101520,1e-05
101570,1e-05
101620,1e-05
101670,1e-05
101720,1e-05
101770,1e-05
101790,1e-05
101840,1e-05
101890,1e-05
101940,1e-05
101990,1e-05
102040,1e-05
102060,1e-05
102110,1e-05
102160,1e-05
102210,1e-05
102260,1e-05
102310,1e-05
102330,1e-05
102380,1e-05
102430,1e-05
102480,1e-05
102530,1e-05
102580,1e-05
102600,1e-05
102650,1e-05
102700,1e-05
102750,1e-05
102800,1e-05
102850,1e-05
102870,1e-05
102920,1e-05
102970,1e-05
103020,1e-05
103070,1e-05
103120,1e-05
103140,1e-05
103190,1e-05
103240,1e-05
103290,1e-05
103340,1e-05
103390,1e-05
103410,1e-05
103460,1e-05
103510,1e-05
103560,1e-05
103610,1e-05
103660,1e-05
103680,1e-05
103730,1e-05
103780,1e-05
103830,1e-05
103880,1e-05
103930,1e-05
103950,1e-05
104000,1e-05
104050,1e-05
104100,1e-05
104150,1e-05
104200,1e-05
104220,1e-05
104270,1e-05
104320,1e-05
104370,1e-05
104420,1e-05
104470,1e-05
104490,1e-05
104540,1e-05
104590,1e-05
104640,1e-05
104690,1e-05
104740,1e-05
104760,1e-05
104810,1e-05
104860,1e-05
104910,1e-05
104960,1e-05
105010,1e-05
105030,1e-05
105080,1e-05
105130,1e-05
105180,1e-05
105230,1e-05
105280,1e-05
105300,1e-05
105350,1e-05
105400,1e-05
105450,1e-05
105500,1e-05
105550,1e-05
105570,1e-05
105620,1e-05
105670,1e-05
105720,1e-05
105770,1e-05
105820,1e-05
105840,1e-05
105890,1e-05
105940,1e-05
105990,1e-05
106040,1e-05
106090,1e-05
106110,1e-05
106160,1e-05
106210,1e-05
106260,1e-05
106310,1e-05
106360,1e-05
106380,1e-05
106430,1e-05
106480,1e-05
106530,1e-05
106580,1e-05
106630,1e-05
106650,1e-05
106700,1e-05
106750,1e-05
106800,1e-05
106850,1e-05
106900,1e-05
106920,1e-05
106970,1e-05
107020,1e-05
107070,1e-05
107120,1e-05
107170,1e-05
107190,1e-05
107240,1e-05
107290,1e-05
107340,1e-05
107390,1e-05
107440,1e-05
107460,1e-05
107510,1e-05
107560,1e-05
107610,1e-05
107660,1e-05
107710,1e-05
107730,1e-05
107780,1e-05
107830,1e-05
107880,1e-05
107930,1e-05
107980,1e-05
108000,1e-05
108050,1e-05
108100,1e-05
108150,1e-05
108200,1e-05
108250,1e-05
108270,1e-05
108320,1e-05
108370,1e-05
108420,1e-05
108470,1e-05
108520,1e-05
108540,1e-05
108590,1e-05
108640,1e-05
108690,1e-05
108740,1e-05
108790,1e-05
108810,1e-05
108860,1e-05
108910,1e-05
108960,1e-05
109010,1e-05
109060,1e-05
109080,1e-05
109130,1e-05
109180,1e-05
109230,1e-05
109280,1e-05
109330,1e-05
109350,1e-05
109400,1e-05
109450,1e-05
109500,1e-05
109550,1e-05
109600,1e-05
109620,1e-05
109670,1e-05
109720,1e-05
109770,1e-05
109820,1e-05
109870,1e-05
109890,1e-05
109940,1e-05
109990,1e-05
110040,1e-05
110090,1e-05
110140,1e-05
110160,1e-05
110210,1e-05
110260,1e-05
110310,1e-05
110360,1e-05
110410,1e-05
110430,1e-05
110480,1e-05
110530,1e-05
110580,1e-05
110630,1e-05
110680,1e-05
110700,1e-05
110750,1e-05
110800,1e-05
110850,1e-05
110900,1e-05
110950,1e-05
110970,1e-05
111020,1e-05
111070,1e-05
111120,1e-05
111170,1e-05
111220,1e-05
111240,1e-05
111290,1e-05
111340,1e-05
111390,1e-05
111440,1e-05
111490,1e-05
111510,1e-05
111560,1e-05
111610,1e-05
111660,1e-05
111710,1e-05
111760,1e-05
111780,1e-05
111830,1e-05
111880,1e-05
111930,1e-05
111980,1e-05
112030,1e-05
112050,1e-05
112100,1e-05
112150,1e-05
112200,1e-05
112250,1e-05
112300,1e-05
112320,1e-05
112370,1e-05
112420,1e-05
112470,1e-05
112520,1e-05
112570,1e-05
112590,1e-05
112640,1e-05
112690,1e-05
112740,1e-05
112790,1e-05
112840,1e-05
112860,1e-05
112910,1e-05
112960,1e-05
113010,1e-05
113060,1e-05
113110,1e-05
113130,1e-05
113180,1e-05
113230,1e-05
113280,1e-05
113330,1e-05
113380,1e-05
113400,1e-05
113450,1e-05
113500,1e-05
113550,1e-05
113600,1e-05
113650,1e-05
113670,1e-05
113720,1e-05
113770,1e-05
113820,1e-05
113870,1e-05
113920,1e-05
113940,1e-05
113990,1e-05
114040,1e-05
114090,1e-05
114140,1e-05
114190,1e-05
114210,1e-05
114260,1e-05
114310,1e-05
114360,1e-05
114410,1e-05
114460,1e-05
114480,1e-05
114530,1e-05
114580,1e-05
114630,1e-05
114680,1e-05
114730,1e-05
114750,1e-05
114800,1e-05
114850,1e-05
114900,1e-05
114950,1e-05
115000,1e-05
115020,1e-05
115070,1e-05
115120,1e-05
115170,1e-05
115220,1e-05
115270,1e-05
115290,1e-05
115340,1e-05
115390,1e-05
115440,1e-05
115490,1e-05
115540,1e-05
115560,1e-05
115610,1e-05
115660,1e-05
115710,1e-05
115760,1e-05
115810,1e-05
115830,1e-05
115880,1e-05
115930,1e-05
115980,1e-05
116030,1e-05
116080,1e-05
116100,1e-05
116150,1e-05
116200,1e-05
116250,1e-05
116300,1e-05
116350,1e-05
116370,1e-05
116420,1e-05
116470,1e-05
116520,1e-05
116570,1e-05
116620,1e-05
116640,1e-05
116690,1e-05
116740,1e-05
116790,1e-05
116840,1e-05
116890,1e-05
116910,1e-05
116960,1e-05
117010,1e-05
117060,1e-05
117110,1e-05
117160,1e-05
117180,1e-05
117230,1e-05
117280,1e-05
117330,1e-05
117380,1e-05
117430,1e-05
117450,1e-05
117500,1e-05
117550,1e-05
117600,1e-05
117650,1e-05
117700,1e-05
117720,1e-05
117770,1e-05
117820,1e-05
117870,1e-05
117920,1e-05
117970,1e-05
117990,1e-05
118040,1e-05
118090,1e-05
118140,1e-05
118190,1e-05
118240,1e-05
118260,1e-05
118310,1e-05
118360,1e-05
118410,1e-05
118460,1e-05
118510,1e-05
118530,1e-05
118580,1e-05
118630,1e-05
118680,1e-05
118730,1e-05
118780,1e-05
118800,1e-05
118850,1e-05
118900,1e-05
118950,1e-05
119000,1e-05
119050,1e-05
119070,1e-05
119120,1e-05
119170,1e-05
119220,1e-05
119270,1e-05
119320,1e-05
119340,1e-05
119390,1e-05
119440,1e-05
119490,1e-05
119540,1e-05
119590,1e-05
119610,1e-05
119660,1e-05
119710,1e-05
119760,1e-05
119810,1e-05
119860,1e-05
119880,1e-05
119930,1e-05
119980,1e-05
120030,1e-05
120080,1e-05
120130,1e-05
120150,1e-05
120200,1e-05
120250,1e-05
120300,1e-05
120350,1e-05
120400,1e-05
120420,1e-05
120470,1e-05
120520,1e-05
120570,1e-05
120620,1e-05
120670,1e-05
120690,1e-05
120740,1e-05
120790,1e-05
120840,1e-05
120890,1e-05
120940,1e-05
120960,1e-05
121010,1e-05
121060,1e-05
121110,1e-05
121160,1e-05
121210,1e-05
121230,1e-05
121280,1e-05
121330,1e-05
121380,1e-05
121430,1e-05
121480,1e-05
121500,1e-05
121550,1e-05
121600,1e-05
121650,1e-05
121700,1e-05
121750,1e-05
121770,1e-05
121820,1e-05
121870,1e-05
121920,1e-05
121970,1e-05
122020,1e-05
122040,1e-05
122090,1e-05
122140,1e-05
122190,1e-05
122240,1e-05
122290,1e-05
122310,1e-05
122360,1e-05
122410,1e-05
122460,1e-05
122510,1e-05
122560,1e-05
122580,1e-05
122630,1e-05
122680,1e-05
122730,1e-05
122780,1e-05
122830,1e-05
122850,1e-05
122900,1e-05
122950,1e-05
123000,1e-05
123050,1e-05
123100,1e-05
123120,1e-05
123170,1e-05
123220,1e-05
123270,1e-05
123320,1e-05
123370,1e-05
123390,1e-05
123440,1e-05
123490,1e-05
123540,1e-05
123590,1e-05
123640,1e-05
123660,1e-05
123710,1e-05
123760,1e-05
123810,1e-05
123860,1e-05
123910,1e-05
123930,1e-05
123980,1e-05
124030,1e-05
124080,1e-05
124130,1e-05
124180,1e-05
124200,1e-05
124250,1e-05
124300,1e-05
124350,1e-05
124400,1e-05
124450,1e-05
124470,1e-05
124520,1e-05
124570,1e-05
124620,1e-05
124670,1e-05
124720,1e-05
124740,1e-05
124790,1e-05
124840,1e-05
124890,1e-05
124940,1e-05
124990,1e-05
125010,1e-05
125060,1e-05
125110,1e-05
125160,1e-05
125210,1e-05
125260,1e-05
125280,1e-05
125330,1e-05
125380,1e-05
125430,1e-05
125480,1e-05
125530,1e-05
125550,1e-05
125600,1e-05
125650,1e-05
125700,1e-05
125750,1e-05
125800,1e-05
125820,1e-05
125870,1e-05
125920,1e-05
125970,1e-05
126020,1e-05
126070,1e-05
126090,1e-05
126140,1e-05
126190,1e-05
126240,1e-05
126290,1e-05
126340,1e-05
126360,1e-05
126410,1e-05
126460,1e-05
126510,1e-05
126560,1e-05
126610,1e-05
126630,1e-05
126680,1e-05
126730,1e-05
126780,1e-05
126830,1e-05
126880,1e-05
126900,1e-05
126950,1e-05
127000,1e-05
127050,1e-05
127100,1e-05
127150,1e-05
127170,1e-05
127220,1e-05
127270,1e-05
127320,1e-05
127370,1e-05
127420,1e-05
127440,1e-05
127490,1e-05
127540,1e-05
127590,1e-05
127640,1e-05
127690,1e-05
127710,1e-05
127760,1e-05
127810,1e-05
127860,1e-05
127910,1e-05
127960,1e-05
127980,1e-05
128030,1e-05
128080,1e-05
128130,1e-05
128180,1e-05
128230,1e-05
128250,1e-05
128300,1e-05
128350,1e-05
128400,1e-05
128450,1e-05
128500,1e-05
128520,1e-05
128570,1e-05
128620,1e-05
128670,1e-05
128720,1e-05
128770,1e-05
128790,1e-05
128840,1e-05
128890,1e-05
128940,1e-05
128990,1e-05
129040,1e-05
129060,1e-05
129110,1e-05
129160,1e-05
129210,1e-05
129260,1e-05
129310,1e-05
129330,1e-05
129380,1e-05
129430,1e-05
129480,1e-05
129530,1e-05
129580,1e-05
129600,1e-05
129650,1e-05
129700,1e-05
129750,1e-05
129800,1e-05
129850,1e-05
129870,1e-05
129920,1e-05
129970,1e-05
130020,1e-05
130070,1e-05
130120,1e-05
130140,1e-05
130190,1e-05
130240,1e-05
130290,1e-05
130340,1e-05
130390,1e-05
130410,1e-05
130460,1e-05
130510,1e-05
130560,1e-05
130610,1e-05
130660,1e-05
130680,1e-05
130730,1e-05
130780,1e-05
130830,1e-05
130880,1e-05
130930,1e-05
130950,1e-05
131000,1e-05
131050,1e-05
131100,1e-05
131150,1e-05
131200,1e-05
131220,1e-05
131270,1e-05
131320,1e-05
131370,1e-05
131420,1e-05
131470,1e-05
131490,1e-05
131540,1e-05
131590,1e-05
131640,1e-05
131690,1e-05
131740,1e-05
131760,1e-05
131810,1e-05
131860,1e-05
131910,1e-05
131960,1e-05
132010,1e-05
132030,1e-05
132080,1e-05
132130,1e-05
132180,1e-05
132230,1e-05
132280,1e-05
132300,1e-05
132350,1e-05
132400,1e-05
132450,1e-05
132500,1e-05
132550,1e-05
132570,1e-05
132620,1e-05
132670,1e-05
132720,1e-05
132770,1e-05
132820,1e-05
132840,1e-05
132890,1e-05
132940,1e-05
132990,1e-05
133040,1e-05
133090,1e-05
133110,1e-05
133160,1e-05
133210,1e-05
133260,1e-05
133310,1e-05
133360,1e-05
133380,1e-05
133430,1e-05
133480,1e-05
133530,1e-05
133580,1e-05
133630,1e-05
133650,1e-05
133700,1e-05
133750,1e-05
133800,1e-05
133850,1e-05
133900,1e-05
133920,1e-05
133970,1e-05
134020,1e-05
134070,1e-05
134120,1e-05
134170,1e-05
134190,1e-05
134240,1e-05
134290,1e-05
134340,1e-05
134390,1e-05
134440,1e-05
134460,1e-05
134510,1e-05
134560,1e-05
134610,1e-05
134660,1e-05
134710,1e-05
134730,1e-05
134780,1e-05
134830,1e-05
134880,1e-05
134930,1e-05
134980,1e-05
135000,1e-05
135050,1e-05
135100,1e-05
135150,1e-05
135200,1e-05
135250,1e-05
135270,1e-05
135320,1e-05
135370,1e-05
135420,1e-05
135470,1e-05
135520,1e-05
135540,1e-05
135590,1e-05
135640,1e-05
135690,1e-05
135740,1e-05
135790,1e-05
135810,1e-05
135860,1e-05
135910,1e-05
135960,1e-05
136010,1e-05
136060,1e-05
136080,1e-05
136130,1e-05
136180,1e-05
136230,1e-05
136280,1e-05
136330,1e-05
136350,1e-05
136400,1e-05
136450,1e-05
136500,1e-05
136550,1e-05
136600,1e-05
136620,1e-05
136670,1e-05
136720,1e-05
136770,1e-05
136820,1e-05
136870,1e-05
136890,1e-05
136940,1e-05
136990,1e-05
137040,1e-05
137090,1e-05
137140,1e-05
137160,1e-05
137210,1e-05
137260,1e-05
137310,1e-05
137360,1e-05
137410,1e-05
137430,1e-05
137480,1e-05
137530,1e-05
137580,1e-05
137630,1e-05
137680,1e-05
137700,1e-05
137750,1e-05
137800,1e-05
137850,1e-05
137900,1e-05
137950,1e-05
137970,1e-05
138020,1e-05
138070,1e-05
138120,1e-05
138170,1e-05
138220,1e-05
138240,1e-05
138290,1e-05
138340,1e-05
138390,1e-05
138440,1e-05
138490,1e-05
138510,1e-05
138560,1e-05
138610,1e-05
138660,1e-05
138710,1e-05
138760,1e-05
138780,1e-05
138830,1e-05
138880,1e-05
138930,1e-05
138980,1e-05
139030,1e-05
139050,1e-05
139100,1e-05
139150,1e-05
139200,1e-05
139250,1e-05
139300,1e-05
139320,1e-05
139370,1e-05
139420,1e-05
139470,1e-05
139520,1e-05
139570,1e-05
139590,1e-05
139640,1e-05
139690,1e-05
139740,1e-05
139790,1e-05
139840,1e-05
139860,1e-05
139910,1e-05
139960,1e-05
140010,1e-05
140060,1e-05
140110,1e-05
140130,1e-05
140180,1e-05
140230,1e-05
140280,1e-05
140330,1e-05
140380,1e-05
140400,1e-05
140450,1e-05
140500,1e-05
140550,1e-05
140600,1e-05
140650,1e-05
140670,1e-05
140720,1e-05
140770,1e-05
140820,1e-05
140870,1e-05
140920,1e-05
140940,1e-05
140990,1e-05
141040,1e-05
141090,1e-05
141140,1e-05
141190,1e-05
141210,1e-05
141260,1e-05
141310,1e-05
141360,1e-05
141410,1e-05
141460,1e-05
141480,1e-05
141530,1e-05
141580,1e-05
141630,1e-05
141680,1e-05
141730,1e-05
141750,1e-05
141800,1e-05
141850,1e-05
141900,1e-05
141950,1e-05
142000,1e-05
142020,1e-05
142070,1e-05
142120,1e-05
142170,1e-05
142220,1e-05
142270,1e-05
142290,1e-05
142340,1e-05
142390,1e-05
142440,1e-05
142490,1e-05
142540,1e-05
142560,1e-05
142610,1e-05
142660,1e-05
142710,1e-05
142760,1e-05
142810,1e-05
142830,1e-05
142880,1e-05
142930,1e-05
142980,1e-05
143030,1e-05
143080,1e-05
143100,1e-05
143150,1e-05
143200,1e-05
143250,1e-05
143300,1e-05
143350,1e-05
143370,1e-05
143420,1e-05
143470,1e-05
143520,1e-05
143570,1e-05
143620,1e-05
143640,1e-05
143690,1e-05
143740,1e-05
143790,1e-05
143840,1e-05
143890,1e-05
143910,1e-05
143960,1e-05
144010,1e-05
144060,1e-05
144110,1e-05
144160,1e-05
144180,1e-05
144230,1e-05
144280,1e-05
144330,1e-05
144380,1e-05
144430,1e-05
144450,1e-05
144500,1e-05
144550,1e-05
144600,1e-05
144650,1e-05
144700,1e-05
144720,1e-05
144770,1e-05
144820,1e-05
144870,1e-05
144920,1e-05
144970,1e-05
144990,1e-05
145040,1e-05
145090,1e-05
145140,1e-05
145190,1e-05
145240,1e-05
145260,1e-05
145310,1e-05
145360,1e-05
145410,1e-05
145460,1e-05
145510,1e-05
145530,1e-05
145580,1e-05
145630,1e-05
145680,1e-05
145730,1e-05
145780,1e-05
145800,1e-05
145850,1e-05
145900,1e-05
145950,1e-05
146000,1e-05
146050,1e-05
146070,1e-05
146120,1e-05
146170,1e-05
146220,1e-05
146270,1e-05
146320,1e-05
146340,1e-05
146390,1e-05
146440,1e-05
146490,1e-05
146540,1e-05
146590,1e-05
146610,1e-05
146660,1e-05
146710,1e-05
146760,1e-05
146810,1e-05
146860,1e-05
146880,1e-05
146930,1e-05
146980,1e-05
147030,1e-05
147080,1e-05
147130,1e-05
147150,1e-05
147200,1e-05
147250,1e-05
147300,1e-05
147350,1e-05
147400,1e-05
147420,1e-05
147470,1e-05
147520,1e-05
147570,1e-05
147620,1e-05
147670,1e-05
147690,1e-05
147740,1e-05
147790,1e-05
147840,1e-05
147890,1e-05
147940,1e-05
147960,1e-05
148010,1e-05
148060,1e-05
148110,1e-05
148160,1e-05
148210,1e-05
148230,1e-05
148280,1e-05
148330,1e-05
148380,1e-05
148430,1e-05
148480,1e-05
148500,1e-05
148550,1e-05
148600,1e-05
148650,1e-05
148700,1e-05
148750,1e-05
148770,1e-05
148820,1e-05
148870,1e-05
148920,1e-05
148970,1e-05
149020,1e-05
149040,1e-05
149090,1e-05
149140,1e-05
149190,1e-05
149240,1e-05
149290,1e-05
149310,1e-05
149360,1e-05
149410,1e-05
149460,1e-05
149510,1e-05
149560,1e-05
149580,1e-05
149630,1e-05
149680,1e-05
149730,1e-05
149780,1e-05
149830,1e-05
149850,1e-05
149900,1e-05
149950,1e-05
150000,1e-05
150050,1e-05
150100,1e-05
150120,1e-05
150170,1e-05
150220,1e-05
150270,1e-05
150320,1e-05
150370,1e-05
150390,1e-05
150440,1e-05
150490,1e-05
150540,1e-05
150590,1e-05
150640,1e-05
150660,1e-05
150710,1e-05
150760,1e-05
150810,1e-05
150860,1e-05
150910,1e-05
150930,1e-05
150980,1e-05
151030,1e-05
151080,1e-05
151130,1e-05
151180,1e-05
151200,1e-05
151250,1e-05
151300,1e-05
151350,1e-05
151400,1e-05
151450,1e-05
151470,1e-05
151520,1e-05
151570,1e-05
151620,1e-05
151670,1e-05
151720,1e-05
151740,1e-05
151790,1e-05
151840,1e-05
151890,1e-05
151940,1e-05
151990,1e-05
152010,1e-05
152060,1e-05
152110,1e-05
152160,1e-05
152210,1e-05
152260,1e-05
152280,1e-05
152330,1e-05
152380,1e-05
152430,1e-05
152480,1e-05
152530,1e-05
152550,1e-05
152600,1e-05
152650,1e-05
152700,1e-05
152750,1e-05
152800,1e-05
152820,1e-05
152870,1e-05
152920,1e-05
152970,1e-05
153020,1e-05
153070,1e-05
153090,1e-05
153140,1e-05
153190,1e-05
153240,1e-05
153290,1e-05
153340,1e-05
153360,1e-05
153410,1e-05
153460,1e-05
153510,1e-05
153560,1e-05
153610,1e-05
153630,1e-05
153680,1e-05
153730,1e-05
153780,1e-05
153830,1e-05
153880,1e-05
153900,1e-05
153950,1e-05
154000,1e-05
154050,1e-05
154100,1e-05
154150,1e-05
154170,1e-05
154220,1e-05
154270,1e-05
154320,1e-05
154370,1e-05
154420,1e-05
154440,1e-05
154490,1e-05
154540,1e-05
154590,1e-05
154640,1e-05
154690,1e-05
154710,1e-05
154760,1e-05
154810,1e-05
154860,1e-05
154910,1e-05
154960,1e-05
154980,1e-05
155030,1e-05
155080,1e-05
155130,1e-05
155180,1e-05
155230,1e-05
155250,1e-05
155300,1e-05
155350,1e-05
155400,1e-05
155450,1e-05
155500,1e-05
155520,1e-05
155570,1e-05
155620,1e-05
155670,1e-05
155720,1e-05
155770,1e-05
155790,1e-05
155840,1e-05
155890,1e-05
155940,1e-05
155990,1e-05
156040,1e-05
156060,1e-05
156110,1e-05
156160,1e-05
156210,1e-05
156260,1e-05
156310,1e-05
156330,1e-05
156380,1e-05
156430,1e-05
156480,1e-05
156530,1e-05
156580,1e-05
156600,1e-05
156650,1e-05
156700,1e-05
156750,1e-05
156800,1e-05
156850,1e-05
156870,1e-05
156920,1e-05
156970,1e-05
157020,1e-05
157070,1e-05
157120,1e-05
157140,1e-05
157190,1e-05
157240,1e-05
157290,1e-05
157340,1e-05
157390,1e-05
157410,1e-05
157460,1e-05
157510,1e-05
157560,1e-05
157610,1e-05
157660,1e-05
157680,1e-05
157730,1e-05
157780,1e-05
157830,1e-05
157880,1e-05
157930,1e-05
157950,1e-05
158000,1e-05
158050,1e-05
158100,1e-05
158150,1e-05
158200,1e-05
158220,1e-05
158270,1e-05
158320,1e-05
158370,1e-05
158420,1e-05
158470,1e-05
158490,1e-05
158540,1e-05
158590,1e-05
158640,1e-05
158690,1e-05
158740,1e-05
158760,1e-05
158810,1e-05
158860,1e-05
158910,1e-05
158960,1e-05
159010,1e-05
159030,1e-05
159080,1e-05
159130,1e-05
159180,1e-05
159230,1e-05
159280,1e-05
159300,1e-05
159350,1e-05
159400,1e-05
159450,1e-05
159500,1e-05
159550,1e-05
159570,1e-05
159620,1e-05
159670,1e-05
159720,1e-05
159770,1e-05
159820,1e-05
159840,1e-05
159890,1e-05
159940,1e-05
159990,1e-05
160040,1e-05
160090,1e-05
160110,1e-05
160160,1e-05
160210,1e-05
160260,1e-05
160310,1e-05
160360,1e-05
160380,1e-05
160430,1e-05
160480,1e-05
160530,1e-05
160580,1e-05
160630,1e-05
160650,1e-05
160700,1e-05
160750,1e-05
160800,1e-05
160850,1e-05
160900,1e-05
160920,1e-05
160970,1e-05
161020,1e-05
161070,1e-05
161120,1e-05
161170,1e-05
161190,1e-05
161240,1e-05
161290,1e-05
161340,1e-05
161390,1e-05
161440,1e-05
161460,1e-05
161510,1e-05
161560,1e-05
161610,1e-05
161660,1e-05
161710,1e-05
161730,1e-05
161780,1e-05
161830,1e-05
161880,1e-05
161930,1e-05
161980,1e-05
162000,1e-05
162050,1e-05
162100,1e-05
162150,1e-05
162200,1e-05
162250,1e-05
162270,1e-05
162320,1e-05
162370,1e-05
162420,1e-05
162470,1e-05
162520,1e-05
162540,1e-05
162590,1e-05
162640,1e-05
162690,1e-05
162740,1e-05
162790,1e-05
162810,1e-05
162860,1e-05
162910,1e-05
162960,1e-05
163010,1e-05
163060,1e-05
163080,1e-05
163130,1e-05
163180,1e-05
163230,1e-05
163280,1e-05
163330,1e-05
163350,1e-05
163400,1e-05
163450,1e-05
163500,1e-05
163550,1e-05
163600,1e-05
163620,1e-05
163670,1e-05
163720,1e-05
163770,1e-05
163820,1e-05
163870,1e-05
163890,1e-05
163940,1e-05
163990,1e-05
164040,1e-05
164090,1e-05
164140,1e-05
164160,1e-05
164210,1e-05
164260,1e-05
164310,1e-05
164360,1e-05
164410,1e-05
164430,1e-05
164480,1e-05
164530,1e-05
164580,1e-05
164630,1e-05
164680,1e-05
164700,1e-05
164750,1e-05
164800,1e-05
164850,1e-05
164900,1e-05
164950,1e-05
164970,1e-05
165020,1e-05
165070,1e-05
165120,1e-05
165170,1e-05
165220,1e-05
165240,1e-05
165290,1e-05
165340,1e-05
165390,1e-05
165440,1e-05
165490,1e-05
165510,1e-05
165560,1e-05
165610,1e-05
165660,1e-05
165710,1e-05
165760,1e-05
165780,1e-05
165830,1e-05
165880,1e-05
165930,1e-05
165980,1e-05
166030,1e-05
166050,1e-05
166100,1e-05
166150,1e-05
166200,1e-05
166250,1e-05
166300,1e-05
166320,1e-05
166370,1e-05
166420,1e-05
166470,1e-05
166520,1e-05
166570,1e-05
166590,1e-05
166640,1e-05
166690,1e-05
166740,1e-05
166790,1e-05
166840,1e-05
166860,1e-05
166910,1e-05
166960,1e-05
167010,1e-05
167060,1e-05
167110,1e-05
167130,1e-05
167180,1e-05
167230,1e-05
167280,1e-05
167330,1e-05
167380,1e-05
167400,1e-05
167450,1e-05
167500,1e-05
167550,1e-05
167600,1e-05
167650,1e-05
167670,1e-05
167720,1e-05
167770,1e-05
167820,1e-05
167870,1e-05
167920,1e-05
167940,1e-05
167990,1e-05
168040,1e-05
168090,1e-05
168140,1e-05
168190,1e-05
168210,1e-05
168260,1e-05
168310,1e-05
168360,1e-05
168410,1e-05
168460,1e-05
168480,1e-05
168530,1e-05
168580,1e-05
168630,1e-05
168680,1e-05
168730,1e-05
168750,1e-05
168800,1e-05
168850,1e-05
168900,1e-05
168950,1e-05
169000,1e-05
169020,1e-05
169070,1e-05
169120,1e-05
169170,1e-05
169220,1e-05
169270,1e-05
169290,1e-05
169340,1e-05
169390,1e-05
169440,1e-05
169490,1e-05
169540,1e-05
169560,1e-05
169610,1e-05
169660,1e-05
169710,1e-05
169760,1e-05
169810,1e-05
169830,1e-05
169880,1e-05
169930,1e-05
169980,1e-05
170030,1e-05
170080,1e-05
170100,1e-05
170150,1e-05
170200,1e-05
170250,1e-05
170300,1e-05
170350,1e-05
170370,1e-05
170420,1e-05
170470,1e-05
170520,1e-05
170570,1e-05
170620,1e-05
170640,1e-05
170690,1e-05
170740,1e-05
170790,1e-05
170840,1e-05
170890,1e-05
170910,1e-05
170960,1e-05
171010,1e-05
171060,1e-05
171110,1e-05
171160,1e-05
171180,1e-05
171230,1e-05
171280,1e-05
171330,1e-05
171380,1e-05
171430,1e-05
171450,1e-05
171500,1e-05
171550,1e-05
171600,1e-05
171650,1e-05
171700,1e-05
171720,1e-05
171770,1e-05
171820,1e-05
171870,1e-05
171920,1e-05
171970,1e-05
171990,1e-05
172040,1e-05
172090,1e-05
172140,1e-05
172190,1e-05
172240,1e-05
172260,1e-05
172310,1e-05
172360,1e-05
172410,1e-05
172460,1e-05
172510,1e-05
172530,1e-05
172580,1e-05
172630,1e-05
172680,1e-05
172730,1e-05
172780,1e-05
172800,1e-05
172850,1e-05
172900,1e-05
172950,1e-05
173000,1e-05
173050,1e-05
173070,1e-05
173120,1e-05
173170,1e-05
173220,1e-05
173270,1e-05
173320,1e-05
173340,1e-05
173390,1e-05
173440,1e-05
173490,1e-05
173540,1e-05
173590,1e-05
173610,1e-05
173660,1e-05
173710,1e-05
173760,1e-05
173810,1e-05
173860,1e-05
173880,1e-05
173930,1e-05
173980,1e-05
174030,1e-05
174080,1e-05
174130,1e-05
174150,1e-05
174200,1e-05
174250,1e-05
174300,1e-05
174350,1e-05
174400,1e-05
174420,1e-05
174470,1e-05
174520,1e-05
174570,1e-05
174620,1e-05
174670,1e-05
174690,1e-05
174740,1e-05
174790,1e-05
174840,1e-05
174890,1e-05
174940,1e-05
174960,1e-05
175010,1e-05
175060,1e-05
175110,1e-05
175160,1e-05
175210,1e-05
175230,1e-05
175280,1e-05
175330,1e-05
175380,1e-05
175430,1e-05
175480,1e-05
175500,1e-05
175550,1e-05
175600,1e-05
175650,1e-05
175700,1e-05
175750,1e-05
175770,1e-05
175820,1e-05
175870,1e-05
175920,1e-05
175970,1e-05
176020,1e-05
176040,1e-05
176090,1e-05
176140,1e-05
176190,1e-05
176240,1e-05
176290,1e-05
176310,1e-05
176360,1e-05
176410,1e-05
176460,1e-05
176510,1e-05
176560,1e-05
176580,1e-05
176630,1e-05
176680,1e-05
176730,1e-05
176780,1e-05
176830,1e-05
176850,1e-05
176900,1e-05
176950,1e-05
177000,1e-05
177050,1e-05
177100,1e-05
177120,1e-05
177170,1e-05
177220,1e-05
177270,1e-05
177320,1e-05
177370,1e-05
177390,1e-05
177440,1e-05
177490,1e-05
177540,1e-05
177590,1e-05
177640,1e-05
177660,1e-05
177710,1e-05
177760,1e-05
177810,1e-05
177860,1e-05
177910,1e-05
177930,1e-05
177980,1e-05
178030,1e-05
178080,1e-05
178130,1e-05
178180,1e-05
178200,1e-05
178250,1e-05
178300,1e-05
178350,1e-05
178400,1e-05
178450,1e-05
178470,1e-05
178520,1e-05
178570,1e-05
178620,1e-05
178670,1e-05
178720,1e-05
178740,1e-05
178790,1e-05
178840,1e-05
178890,1e-05
178940,1e-05
178990,1e-05
179010,1e-05
179060,1e-05
179110,1e-05
179160,1e-05
179210,1e-05
179260,1e-05
179280,1e-05
179330,1e-05
179380,1e-05
179430,1e-05
179480,1e-05
179530,1e-05
179550,1e-05
179600,1e-05
179650,1e-05
179700,1e-05
179750,1e-05
179800,1e-05
179820,1e-05
179870,1e-05
179920,1e-05
179970,1e-05
180020,1e-05
180070,1e-05
180090,1e-05
180140,1e-05
180190,1e-05
180240,1e-05
180290,1e-05
180340,1e-05
180360,1e-05
180410,1e-05
180460,1e-05
180510,1e-05
180560,1e-05
180610,1e-05
180630,1e-05
180680,1e-05
180730,1e-05
180780,1e-05
180830,1e-05
180880,1e-05
180900,1e-05
180950,1e-05
181000,1e-05
181050,1e-05
181100,1e-05
181150,1e-05
181170,1e-05
181220,1e-05
181270,1e-05
181320,1e-05
181370,1e-05
181420,1e-05
181440,1e-05
181490,1e-05
181540,1e-05
181590,1e-05
181640,1e-05
181690,1e-05
181710,1e-05
181760,1e-05
181810,1e-05
181860,1e-05
181910,1e-05
181960,1e-05
181980,1e-05
182030,1e-05
182080,1e-05
182130,1e-05
182180,1e-05
182230,1e-05
182250,1e-05
182300,1e-05
182350,1e-05
182400,1e-05
182450,1e-05
182500,1e-05
182520,1e-05
182570,1e-05
182620,1e-05
182670,1e-05
182720,1e-05
182770,1e-05
182790,1e-05
182840,1e-05
182890,1e-05
182940,1e-05
182990,1e-05
183040,1e-05
183060,1e-05
183110,1e-05
183160,1e-05
183210,1e-05
183260,1e-05
183310,1e-05
183330,1e-05
183380,1e-05
183430,1e-05
183480,1e-05
183530,1e-05
183580,1e-05
183600,1e-05
183650,1e-05
183700,1e-05
183750,1e-05
183800,1e-05
183850,1e-05
183870,1e-05
183920,1e-05
183970,1e-05
184020,1e-05
184070,1e-05
184120,1e-05
184140,1e-05
184190,1e-05
184240,1e-05
184290,1e-05
184340,1e-05
184390,1e-05
184410,1e-05
184460,1e-05
184510,1e-05
184560,1e-05
184610,1e-05
184660,1e-05
184680,1e-05
184730,1e-05
184780,1e-05
184830,1e-05
184880,1e-05
184930,1e-05
184950,1e-05
185000,1e-05
185050,1e-05
185100,1e-05
185150,1e-05
185200,1e-05
185220,1e-05
185270,1e-05
185320,1e-05
185370,1e-05
185420,1e-05
185470,1e-05
185490,1e-05
185540,1e-05
185590,1e-05
185640,1e-05
185690,1e-05
185740,1e-05
185760,1e-05
185810,1e-05
185860,1e-05
185910,1e-05
185960,1e-05
186010,1e-05
186030,1e-05
186080,1e-05
186130,1e-05
186180,1e-05
186230,1e-05
186280,1e-05
186300,1e-05
186350,1e-05
186400,1e-05
186450,1e-05
186500,1e-05
186550,1e-05
186570,1e-05
186620,1e-05
186670,1e-05
186720,1e-05
186770,1e-05
186820,1e-05
186840,1e-05
186890,1e-05
186940,1e-05
186990,1e-05
187040,1e-05
187090,1e-05
187110,1e-05
187160,1e-05
187210,1e-05
187260,1e-05
187310,1e-05
187360,1e-05
187380,1e-05
187430,1e-05
187480,1e-05
187530,1e-05
187580,1e-05
187630,1e-05
187650,1e-05
187700,1e-05
187750,1e-05
187800,1e-05
187850,1e-05
187900,1e-05
187920,1e-05
187970,1e-05
188020,1e-05
188070,1e-05
188120,1e-05
188170,1e-05
188190,1e-05
188240,1e-05
188290,1e-05
188340,1e-05
188390,1e-05
188440,1e-05
188460,1e-05
188510,1e-05
188560,1e-05
188610,1e-05
188660,1e-05
188710,1e-05
188730,1e-05
188780,1e-05
188830,1e-05
188880,1e-05
188930,1e-05
188980,1e-05
189000,1e-05
189050,1e-05
189100,1e-05
189150,1e-05
189200,1e-05
189250,1e-05
189270,1e-05
189320,1e-05
189370,1e-05
189420,1e-05
189470,1e-05
189520,1e-05
189540,1e-05
189590,1e-05
189640,1e-05
189690,1e-05
189740,1e-05
189790,1e-05
189810,1e-05
189860,1e-05
189910,1e-05
189960,1e-05
190010,1e-05
190060,1e-05
190080,1e-05
190130,1e-05
190180,1e-05
190230,1e-05
190280,1e-05
190330,1e-05
190350,1e-05
190400,1e-05
190450,1e-05
190500,1e-05
190550,1e-05
190600,1e-05
190620,1e-05
190670,1e-05
190720,1e-05
190770,1e-05
190820,1e-05
190870,1e-05
190890,1e-05
190940,1e-05
190990,1e-05
191040,1e-05
191090,1e-05
191140,1e-05
191160,1e-05
191210,1e-05
191260,1e-05
191310,1e-05
191360,1e-05
191410,1e-05
191430,1e-05
191480,1e-05
191530,1e-05
191580,1e-05
191630,1e-05
191680,1e-05
191700,1e-05
191750,1e-05
191800,1e-05
191850,1e-05
191900,1e-05
191950,1e-05
191970,1e-05
192020,1e-05
192070,1e-05
192120,1e-05
192170,1e-05
192220,1e-05
192240,1e-05
192290,1e-05
192340,1e-05
192390,1e-05
192440,1e-05
192490,1e-05
192510,1e-05
192560,1e-05
192610,1e-05
192660,1e-05
192710,1e-05
192760,1e-05
192780,1e-05
192830,1e-05
192880,1e-05
192930,1e-05
192980,1e-05
193030,1e-05
193050,1e-05
193100,1e-05
193150,1e-05
193200,1e-05
193250,1e-05
193300,1e-05
193320,1e-05
193370,1e-05
193420,1e-05
193470,1e-05
193520,1e-05
193570,1e-05
193590,1e-05
193640,1e-05
193690,1e-05
193740,1e-05
193790,1e-05
193840,1e-05
193860,1e-05
193910,1e-05
193960,1e-05
194010,1e-05
194060,1e-05
194110,1e-05
194130,1e-05
194180,1e-05
194230,1e-05
194280,1e-05
194330,1e-05
194380,1e-05
194400,1e-05
194450,1e-05
194500,1e-05
194550,1e-05
194600,1e-05
194650,1e-05
194670,1e-05
194720,1e-05
194770,1e-05
194820,1e-05
194870,1e-05
194920,1e-05
194940,1e-05
194990,1e-05
195040,1e-05
195090,1e-05
195140,1e-05
195190,1e-05
195210,1e-05
195260,1e-05
195310,1e-05
195360,1e-05
195410,1e-05
195460,1e-05
195480,1e-05
195530,1e-05
195580,1e-05
195630,1e-05
195680,1e-05
195730,1e-05
195750,1e-05
195800,1e-05
195850,1e-05
195900,1e-05
195950,1e-05
196000,1e-05
196020,1e-05
196070,1e-05
196120,1e-05
196170,1e-05
196220,1e-05
196270,1e-05
196290,1e-05
196340,1e-05
196390,1e-05
196440,1e-05
196490,1e-05
196540,1e-05
196560,1e-05
196610,1e-05
196660,1e-05
196710,1e-05
196760,1e-05
196810,1e-05
196830,1e-05
196880,1e-05
196930,1e-05
196980,1e-05
197030,1e-05
197080,1e-05
197100,1e-05
197150,1e-05
197200,1e-05
197250,1e-05
197300,1e-05
197350,1e-05
197370,1e-05
197420,1e-05
197470,1e-05
197520,1e-05
197570,1e-05
197620,1e-05
197640,1e-05
197690,1e-05
197740,1e-05
197790,1e-05
197840,1e-05
197890,1e-05
197910,1e-05
197960,1e-05
198010,1e-05
198060,1e-05
198110,1e-05
198160,1e-05
198180,1e-05
198230,1e-05
198280,1e-05
198330,1e-05
198380,1e-05
198430,1e-05
198450,1e-05
198500,1e-05
198550,1e-05
198600,1e-05
198650,1e-05
198700,1e-05
198720,1e-05
198770,1e-05
198820,1e-05
198870,1e-05
198920,1e-05
198970,1e-05
198990,1e-05
199040,1e-05
199090,1e-05
199140,1e-05
199190,1e-05
199240,1e-05
199260,1e-05
199310,1e-05
199360,1e-05
199410,1e-05
199460,1e-05
199510,1e-05
199530,1e-05
199580,1e-05
199630,1e-05
199680,1e-05
199730,1e-05
199780,1e-05
199800,1e-05
199850,1e-05
199900,1e-05
199950,1e-05
200000,1e-05
200050,1e-05
200070,1e-05
200120,1e-05
200170,1e-05
200220,1e-05
200270,1e-05
200320,1e-05
200340,1e-05
200390,1e-05
200440,1e-05
200490,1e-05
200540,1e-05
200590,1e-05
200610,1e-05
200660,1e-05
200710,1e-05
200760,1e-05
200810,1e-05
200860,1e-05
200880,1e-05
200930,1e-05
200980,1e-05
201030,1e-05
201080,1e-05
201130,1e-05
201150,1e-05
201200,1e-05
201250,1e-05
201300,1e-05
201350,1e-05
201400,1e-05
201420,1e-05
201470,1e-05
201520,1e-05
201570,1e-05
201620,1e-05
201670,1e-05
201690,1e-05
201740,1e-05
201790,1e-05
201840,1e-05
201890,1e-05
201940,1e-05
201960,1e-05
202010,1e-05
202060,1e-05
202110,1e-05
202160,1e-05
202210,1e-05
202230,1e-05
202280,1e-05
202330,1e-05
202380,1e-05
202430,1e-05
202480,1e-05
202500,1e-05
202550,1e-05
202600,1e-05
202650,1e-05
202700,1e-05
202750,1e-05
202770,1e-05
202820,1e-05
202870,1e-05
202920,1e-05
202970,1e-05
203020,1e-05
203040,1e-05
203090,1e-05
203140,1e-05
203190,1e-05
203240,1e-05
203290,1e-05
203310,1e-05
203360,1e-05
203410,1e-05
203460,1e-05
203510,1e-05
203560,1e-05
203580,1e-05
203630,1e-05
203680,1e-05
203730,1e-05
203780,1e-05
203830,1e-05
203850,1e-05
203900,1e-05
203950,1e-05
204000,1e-05
204050,1e-05
204100,1e-05
204120,1e-05
204170,1e-05
204220,1e-05
204270,1e-05
204320,1e-05
204370,1e-05
204390,1e-05
204440,1e-05
204490,1e-05
204540,1e-05
204590,1e-05
204640,1e-05
204660,1e-05
204710,1e-05
204760,1e-05
204810,1e-05
204860,1e-05
204910,1e-05
204930,1e-05
204980,1e-05
205030,1e-05
205080,1e-05
205130,1e-05
205180,1e-05
205200,1e-05
205250,1e-05
205300,1e-05
205350,1e-05
205400,1e-05
205450,1e-05
205470,1e-05
205520,1e-05
205570,1e-05
205620,1e-05
205670,1e-05
205720,1e-05
205740,1e-05
205790,1e-05
205840,1e-05
205890,1e-05
205940,1e-05
205990,1e-05
206010,1e-05
206060,1e-05
206110,1e-05
206160,1e-05
206210,1e-05
206260,1e-05
206280,1e-05
206330,1e-05
206380,1e-05
206430,1e-05
206480,1e-05
206530,1e-05
206550,1e-05
206600,1e-05
206650,1e-05
206700,1e-05
206750,1e-05
206800,1e-05
206820,1e-05
206870,1e-05
206920,1e-05
206970,1e-05
207020,1e-05
207070,1e-05
207090,1e-05
207140,1e-05
207190,1e-05
207240,1e-05
207290,1e-05
207340,1e-05
207360,1e-05
207410,1e-05
207460,1e-05
207510,1e-05
207560,1e-05
207610,1e-05
207630,1e-05
207680,1e-05
207730,1e-05
207780,1e-05
207830,1e-05
207880,1e-05
207900,1e-05
207950,1e-05
208000,1e-05
208050,1e-05
208100,1e-05
208150,1e-05
208170,1e-05
208220,1e-05
208270,1e-05
208320,1e-05
208370,1e-05
208420,1e-05
208440,1e-05
208490,1e-05
208540,1e-05
208590,1e-05
208640,1e-05
208690,1e-05
208710,1e-05
208760,1e-05
208810,1e-05
208860,1e-05
208910,1e-05
208960,1e-05
208980,1e-05
209030,1e-05
209080,1e-05
209130,1e-05
209180,1e-05
209230,1e-05
209250,1e-05
209300,1e-05
209350,1e-05
209400,1e-05
209450,1e-05
209500,1e-05
209520,1e-05
209570,1e-05
209620,1e-05
209670,1e-05
209720,1e-05
209770,1e-05
209790,1e-05
209840,1e-05
209890,1e-05
209940,1e-05
209990,1e-05
210040,1e-05
210060,1e-05
210110,1e-05
210160,1e-05
210210,1e-05
210260,1e-05
210310,1e-05
210330,1e-05
210380,1e-05
210430,1e-05
210480,1e-05
210530,1e-05
210580,1e-05
210600,1e-05
210650,1e-05
210700,1e-05
210750,1e-05
210800,1e-05
210850,1e-05
210870,1e-05
210920,1e-05
210970,1e-05
211020,1e-05
211070,1e-05
211120,1e-05
211140,1e-05
211190,1e-05
211240,1e-05
211290,1e-05
211340,1e-05
211390,1e-05
211410,1e-05
211460,1e-05
211510,1e-05
211560,1e-05
211610,1e-05
211660,1e-05
211680,1e-05
211730,1e-05
211780,1e-05
211830,1e-05
211880,1e-05
211930,1e-05
211950,1e-05
212000,1e-05
212050,1e-05
212100,1e-05
212150,1e-05
212200,1e-05
212220,1e-05
212270,1e-05
212320,1e-05
212370,1e-05
212420,1e-05
212470,1e-05
212490,1e-05
212540,1e-05
212590,1e-05
212640,1e-05
212690,1e-05
212740,1e-05
212760,1e-05
212810,1e-05
212860,1e-05
212910,1e-05
212960,1e-05
213010,1e-05
213030,1e-05
213080,1e-05
213130,1e-05
213180,1e-05
213230,1e-05
213280,1e-05
213300,1e-05
213350,1e-05
213400,1e-05
213450,1e-05
213500,1e-05
213550,1e-05
213570,1e-05
213620,1e-05
213670,1e-05
213720,1e-05
213770,1e-05
213820,1e-05
213840,1e-05
213890,1e-05
213940,1e-05
213990,1e-05
214040,1e-05
214090,1e-05
214110,1e-05
214160,1e-05
214210,1e-05
214260,1e-05
214310,1e-05
214360,1e-05
214380,1e-05
214430,1e-05
214480,1e-05
214530,1e-05
214580,1e-05
214630,1e-05
214650,1e-05
214700,1e-05
214750,1e-05
214800,1e-05
214850,1e-05
214900,1e-05
214920,1e-05
214970,1e-05
215020,1e-05
215070,1e-05
215120,1e-05
215170,1e-05
215190,1e-05
215240,1e-05
215290,1e-05
215340,1e-05
215390,1e-05
215440,1e-05
215460,1e-05
215510,1e-05
215560,1e-05
215610,1e-05
215660,1e-05
215710,1e-05
215730,1e-05
215780,1e-05
215830,1e-05
215880,1e-05
215930,1e-05
215980,1e-05
216000,1e-05
216050,1e-05
216100,1e-05
216150,1e-05
216200,1e-05
216250,1e-05
216270,1e-05
216320,1e-05
216370,1e-05
216420,1e-05
216470,1e-05
216520,1e-05
216540,1e-05
216590,1e-05
216640,1e-05
216690,1e-05
216740,1e-05
216790,1e-05
216810,1e-05
216860,1e-05
216910,1e-05
216960,1e-05
217010,1e-05
217060,1e-05
217080,1e-05
217130,1e-05
217180,1e-05
217230,1e-05
217280,1e-05
217330,1e-05
217350,1e-05
217400,1e-05
217450,1e-05
217500,1e-05
217550,1e-05
217600,1e-05
217620,1e-05
217670,1e-05
217720,1e-05
217770,1e-05
217820,1e-05
217870,1e-05
217890,1e-05
217940,1e-05
217990,1e-05
218040,1e-05
218090,1e-05
218140,1e-05
218160,1e-05
218210,1e-05
218260,1e-05
218310,1e-05
218360,1e-05
218410,1e-05
218430,1e-05
218480,1e-05
218530,1e-05
218580,1e-05
218630,1e-05
218680,1e-05
218700,1e-05
218750,1e-05
218800,1e-05
218850,1e-05
218900,1e-05
218950,1e-05
218970,1e-05
219020,1e-05
219070,1e-05
219120,1e-05
219170,1e-05
219220,1e-05
219240,1e-05
219290,1e-05
219340,1e-05
219390,1e-05
219440,1e-05
219490,1e-05
219510,1e-05
219560,1e-05
219610,1e-05
219660,1e-05
219710,1e-05
219760,1e-05
219780,1e-05
219830,1e-05
219880,1e-05
219930,1e-05
219980,1e-05
220030,1e-05
220050,1e-05
220100,1e-05
220150,1e-05
220200,1e-05
220250,1e-05
220300,1e-05
220320,1e-05
220370,1e-05
220420,1e-05
220470,1e-05
220520,1e-05
220570,1e-05
220590,1e-05
220640,1e-05
220690,1e-05
220740,1e-05
220790,1e-05
220840,1e-05
220860,1e-05
220910,1e-05
220960,1e-05
221010,1e-05
221060,1e-05
221110,1e-05
221130,1e-05
221180,1e-05
221230,1e-05
221280,1e-05
221330,1e-05
221380,1e-05
221400,1e-05
221450,1e-05
221500,1e-05
221550,1e-05
221600,1e-05
221650,1e-05
221670,1e-05
221720,1e-05
221770,1e-05
221820,1e-05
221870,1e-05
221920,1e-05
221940,1e-05
221990,1e-05
222040,1e-05
222090,1e-05
222140,1e-05
222190,1e-05
222210,1e-05
222260,1e-05
222310,1e-05
222360,1e-05
222410,1e-05
222460,1e-05
222480,1e-05
222530,1e-05
222580,1e-05
222630,1e-05
222680,1e-05
222730,1e-05
222750,1e-05
222800,1e-05
222850,1e-05
222900,1e-05
222950,1e-05
223000,1e-05
223020,1e-05
223070,1e-05
223120,1e-05
223170,1e-05
223220,1e-05
223270,1e-05
223290,1e-05
223340,1e-05
223390,1e-05
223440,1e-05
223490,1e-05
223540,1e-05
223560,1e-05
223610,1e-05
223660,1e-05
223710,1e-05
223760,1e-05
223810,1e-05
223830,1e-05
223880,1e-05
223930,1e-05
223980,1e-05
224030,1e-05
224080,1e-05
224100,1e-05
224150,1e-05
224200,1e-05
224250,1e-05
224300,1e-05
224350,1e-05
224370,1e-05
224420,1e-05
224470,1e-05
224520,1e-05
224570,1e-05
224620,1e-05
224640,1e-05
224690,1e-05
224740,1e-05
224790,1e-05
224840,1e-05
224890,1e-05
224910,1e-05
224960,1e-05
225010,1e-05
225060,1e-05
225110,1e-05
225160,1e-05
225180,1e-05
225230,1e-05
225280,1e-05
225330,1e-05
225380,1e-05
225430,1e-05
225450,1e-05
225500,1e-05
225550,1e-05
225600,1e-05
225650,1e-05
225700,1e-05
225720,1e-05
225770,1e-05
225820,1e-05
225870,1e-05
225920,1e-05
225970,1e-05
225990,1e-05
226040,1e-05
226090,1e-05
226140,1e-05
226190,1e-05
226240,1e-05
226260,1e-05
226310,1e-05
226360,1e-05
226410,1e-05
226460,1e-05
226510,1e-05
226530,1e-05
226580,1e-05
226630,1e-05
226680,1e-05
226730,1e-05
226780,1e-05
226800,1e-05
226850,1e-05
226900,1e-05
226950,1e-05
227000,1e-05
227050,1e-05
227070,1e-05
227120,1e-05
227170,1e-05
227220,1e-05
227270,1e-05
227320,1e-05
227340,1e-05
227390,1e-05
227440,1e-05
227490,1e-05
227540,1e-05
227590,1e-05
227610,1e-05
227660,1e-05
227710,1e-05
227760,1e-05
227810,1e-05
227860,1e-05
227880,1e-05
227930,1e-05
227980,1e-05
228030,1e-05
228080,1e-05
228130,1e-05
228150,1e-05
228200,1e-05
228250,1e-05
228300,1e-05
228350,1e-05
228400,1e-05
228420,1e-05
228470,1e-05
228520,1e-05
228570,1e-05
228620,1e-05
228670,1e-05
228690,1e-05
228740,1e-05
228790,1e-05
228840,1e-05
228890,1e-05
228940,1e-05
228960,1e-05
229010,1e-05
229060,1e-05
229110,1e-05
229160,1e-05
229210,1e-05
229230,1e-05
229280,1e-05
229330,1e-05
229380,1e-05
229430,1e-05
229480,1e-05
229500,1e-05
229550,1e-05
229600,1e-05
229650,1e-05
229700,1e-05
229750,1e-05
229770,1e-05
229820,1e-05
229870,1e-05
229920,1e-05
229970,1e-05
230020,1e-05
230040,1e-05
230090,1e-05
230140,1e-05
230190,1e-05
230240,1e-05
230290,1e-05
230310,1e-05
230360,1e-05
230410,1e-05
230460,1e-05
230510,1e-05
230560,1e-05
230580,1e-05
230630,1e-05
230680,1e-05
230730,1e-05
230780,1e-05
230830,1e-05
230850,1e-05
230900,1e-05
230950,1e-05
231000,1e-05
231050,1e-05
231100,1e-05
231120,1e-05
231170,1e-05
231220,1e-05
231270,1e-05
231320,1e-05
231370,1e-05
231390,1e-05
231440,1e-05
231490,1e-05
231540,1e-05
231590,1e-05
231640,1e-05
231660,1e-05
231710,1e-05
231760,1e-05
231810,1e-05
231860,1e-05
231910,1e-05
231930,1e-05
231980,1e-05
232030,1e-05
232080,1e-05
232130,1e-05
232180,1e-05
232200,1e-05
232250,1e-05
232300,1e-05
232350,1e-05
232400,1e-05
232450,1e-05
232470,1e-05
232520,1e-05
232570,1e-05
232620,1e-05
232670,1e-05
232720,1e-05
232740,1e-05
232790,1e-05
232840,1e-05
232890,1e-05
232940,1e-05
232990,1e-05
233010,1e-05
233060,1e-05
233110,1e-05
233160,1e-05
233210,1e-05
233260,1e-05
233280,1e-05
233330,1e-05
233380,1e-05
233430,1e-05
233480,1e-05
233530,1e-05
233550,1e-05
233600,1e-05
233650,1e-05
233700,1e-05
233750,1e-05
233800,1e-05
233820,1e-05
233870,1e-05
233920,1e-05
233970,1e-05
234020,1e-05
234070,1e-05
234090,1e-05
234140,1e-05
234190,1e-05
234240,1e-05
234290,1e-05
234340,1e-05
234360,1e-05
234410,1e-05
234460,1e-05
234510,1e-05
234560,1e-05
234610,1e-05
234630,1e-05
234680,1e-05
234730,1e-05
234780,1e-05
234830,1e-05
234880,1e-05
234900,1e-05
234950,1e-05
235000,1e-05
235050,1e-05
235100,1e-05
235150,1e-05
235170,1e-05
235220,1e-05
235270,1e-05
235320,1e-05
235370,1e-05
235420,1e-05
235440,1e-05
235490,1e-05
235540,1e-05
235590,1e-05
235640,1e-05
235690,1e-05
235710,1e-05
235760,1e-05
235810,1e-05
235860,1e-05
235910,1e-05
235960,1e-05
235980,1e-05
236030,1e-05
236080,1e-05
236130,1e-05
236180,1e-05
236230,1e-05
236250,1e-05
236300,1e-05
236350,1e-05
236400,1e-05
236450,1e-05
236500,1e-05
236520,1e-05
236570,1e-05
236620,1e-05
236670,1e-05
236720,1e-05
236770,1e-05
236790,1e-05
236840,1e-05
236890,1e-05
236940,1e-05
236990,1e-05
237040,1e-05
237060,1e-05
237110,1e-05
237160,1e-05
237210,1e-05
237260,1e-05
237310,1e-05
237330,1e-05
237380,1e-05
237430,1e-05
237480,1e-05
237530,1e-05
237580,1e-05
237600,1e-05
237650,1e-05
237700,1e-05
237750,1e-05
237800,1e-05
237850,1e-05
237870,1e-05
237920,1e-05
237970,1e-05
238020,1e-05
238070,1e-05
238120,1e-05
238140,1e-05
238190,1e-05
238240,1e-05
238290,1e-05
238340,1e-05
238390,1e-05
238410,1e-05
238460,1e-05
238510,1e-05
238560,1e-05
238610,1e-05
238660,1e-05
238680,1e-05
238730,1e-05
238780,1e-05
238830,1e-05
238880,1e-05
238930,1e-05
238950,1e-05
239000,1e-05
239050,1e-05
239100,1e-05
239150,1e-05
239200,1e-05
239220,1e-05
239270,1e-05
239320,1e-05
239370,1e-05
239420,1e-05
239470,1e-05
239490,1e-05
239540,1e-05
239590,1e-05
239640,1e-05
239690,1e-05
239740,1e-05
239760,1e-05
239810,1e-05
239860,1e-05
239910,1e-05
239960,1e-05
240010,1e-05
240030,1e-05
240080,1e-05
240130,1e-05
240180,1e-05
240230,1e-05
240280,1e-05
240300,1e-05
240350,1e-05
240400,1e-05
240450,1e-05
240500,1e-05
240550,1e-05
240570,1e-05
240620,1e-05
240670,1e-05
240720,1e-05
240770,1e-05
240820,1e-05
240840,1e-05
240890,1e-05
240940,1e-05
240990,1e-05
241040,1e-05
241090,1e-05
241110,1e-05
241160,1e-05
241210,1e-05
241260,1e-05
241310,1e-05
241360,1e-05
241380,1e-05
241430,1e-05
241480,1e-05
241530,1e-05
241580,1e-05
241630,1e-05
241650,1e-05
241700,1e-05
241750,1e-05
241800,1e-05
241850,1e-05
241900,1e-05
241920,1e-05
241970,1e-05
242020,1e-05
242070,1e-05
242120,1e-05
242170,1e-05
242190,1e-05
242240,1e-05
242290,1e-05
242340,1e-05
242390,1e-05
242440,1e-05
242460,1e-05
242510,1e-05
242560,1e-05
242610,1e-05
242660,1e-05
242710,1e-05
242730,1e-05
242780,1e-05
242830,1e-05
242880,1e-05
242930,1e-05
242980,1e-05
243000,1e-05
243050,1e-05
243100,1e-05
243150,1e-05
243200,1e-05
243250,1e-05
243270,1e-05
243320,1e-05
243370,1e-05
243420,1e-05
243470,1e-05
243520,1e-05
243540,1e-05
243590,1e-05
243640,1e-05
243690,1e-05
243740,1e-05
243790,1e-05
243810,1e-05
243860,1e-05
243910,1e-05
243960,1e-05
244010,1e-05
244060,1e-05
244080,1e-05
244130,1e-05
244180,1e-05
244230,1e-05
244280,1e-05
244330,1e-05
244350,1e-05
244400,1e-05
244450,1e-05
244500,1e-05
244550,1e-05
244600,1e-05
244620,1e-05
244670,1e-05
244720,1e-05
244770,1e-05
244820,1e-05
244870,1e-05
244890,1e-05
244940,1e-05
244990,1e-05
245040,1e-05
245090,1e-05
245140,1e-05
245160,1e-05
245210,1e-05
245260,1e-05
245310,1e-05
245360,1e-05
245410,1e-05
245430,1e-05
245480,1e-05
245530,1e-05
245580,1e-05
245630,1e-05
245680,1e-05
245700,1e-05
245750,1e-05
245800,1e-05
245850,1e-05
245900,1e-05
245950,1e-05
245970,1e-05
246020,1e-05
246070,1e-05
246120,1e-05
246170,1e-05
246220,1e-05
246240,1e-05
246290,1e-05
246340,1e-05
246390,1e-05
246440,1e-05
246490,1e-05
246510,1e-05
246560,1e-05
246610,1e-05
246660,1e-05
246710,1e-05
246760,1e-05
246780,1e-05
246830,1e-05
246880,1e-05
246930,1e-05
246980,1e-05
247030,1e-05
247050,1e-05
247100,1e-05
247150,1e-05
247200,1e-05
247250,1e-05
247300,1e-05
247320,1e-05
247370,1e-05
247420,1e-05
247470,1e-05
247520,1e-05
247570,1e-05
247590,1e-05
247640,1e-05
247690,1e-05
247740,1e-05
247790,1e-05
247840,1e-05
247860,1e-05
247910,1e-05
247960,1e-05
248010,1e-05
248060,1e-05
248110,1e-05
248130,1e-05
248180,1e-05
248230,1e-05
248280,1e-05
248330,1e-05
248380,1e-05
248400,1e-05
248450,1e-05
248500,1e-05
248550,1e-05
248600,1e-05
248650,1e-05
248670,1e-05
248720,1e-05
248770,1e-05
248820,1e-05
248870,1e-05
248920,1e-05
248940,1e-05
248990,1e-05
249040,1e-05
249090,1e-05
249140,1e-05
249190,1e-05
249210,1e-05
249260,1e-05
249310,1e-05
249360,1e-05
249410,1e-05
249460,1e-05
249480,1e-05
249530,1e-05
249580,1e-05
249630,1e-05
249680,1e-05
249730,1e-05
249750,1e-05
249800,1e-05
249850,1e-05
249900,1e-05
249950,1e-05
250000,1e-05
250020,1e-05
250070,1e-05
250120,1e-05
250170,1e-05
250220,1e-05
250270,1e-05
250290,1e-05
250340,1e-05
250390,1e-05
250440,1e-05
250490,1e-05
250540,1e-05
250560,1e-05
250610,1e-05
250660,1e-05
250710,1e-05
250760,1e-05
250810,1e-05
250830,1e-05
250880,1e-05
250930,1e-05
250980,1e-05
251030,1e-05
251080,1e-05
251100,1e-05
251150,1e-05
251200,1e-05
251250,1e-05
251300,1e-05
251350,1e-05
251370,1e-05
251420,1e-05
251470,1e-05
251520,1e-05
251570,1e-05
251620,1e-05
251640,1e-05
251690,1e-05
251740,1e-05
251790,1e-05
251840,1e-05
251890,1e-05
251910,1e-05
251960,1e-05
252010,1e-05
252060,1e-05
252110,1e-05
252160,1e-05
252180,1e-05
252230,1e-05
252280,1e-05
252330,1e-05
252380,1e-05
252430,1e-05
252450,1e-05
252500,1e-05
252550,1e-05
252600,1e-05
252650,1e-05
252700,1e-05
252720,1e-05
252770,1e-05
252820,1e-05
252870,1e-05
252920,1e-05
252970,1e-05
252990,1e-05
253040,1e-05
253090,1e-05
253140,1e-05
253190,1e-05
253240,1e-05
253260,1e-05
253310,1e-05
253360,1e-05
253410,1e-05
253460,1e-05
253510,1e-05
253530,1e-05
253580,1e-05
253630,1e-05
253680,1e-05
253730,1e-05
253780,1e-05
253800,1e-05
253850,1e-05
253900,1e-05
253950,1e-05
254000,1e-05
254050,1e-05
254070,1e-05
254120,1e-05
254170,1e-05
254220,1e-05
254270,1e-05
254320,1e-05
254340,1e-05
254390,1e-05
254440,1e-05
254490,1e-05
254540,1e-05
254590,1e-05
254610,1e-05
254660,1e-05
254710,1e-05
254760,1e-05
254810,1e-05
254860,1e-05
254880,1e-05
254930,1e-05
254980,1e-05
255030,1e-05
255080,1e-05
255130,1e-05
255150,1e-05
255200,1e-05
255250,1e-05
255300,1e-05
255350,1e-05
255400,1e-05
255420,1e-05
255470,1e-05
255520,1e-05
255570,1e-05
255620,1e-05
255670,1e-05
255690,1e-05
255740,1e-05
255790,1e-05
255840,1e-05
255890,1e-05
255940,1e-05
255960,1e-05
256010,1e-05
256060,1e-05
256110,1e-05
256160,1e-05
256210,1e-05
256230,1e-05
256280,1e-05
256330,1e-05
256380,1e-05
256430,1e-05
256480,1e-05
256500,1e-05
256550,1e-05
256600,1e-05
256650,1e-05
256700,1e-05
256750,1e-05
256770,1e-05
256820,1e-05
256870,1e-05
256920,1e-05
256970,1e-05
257020,1e-05
257040,1e-05
257090,1e-05
257140,1e-05
257190,1e-05
257240,1e-05
257290,1e-05
257310,1e-05
257360,1e-05
257410,1e-05
257460,1e-05
257510,1e-05
257560,1e-05
257580,1e-05
257630,1e-05
257680,1e-05
257730,1e-05
257780,1e-05
257830,1e-05
257850,1e-05
257900,1e-05
257950,1e-05
258000,1e-05
258050,1e-05
258100,1e-05
258120,1e-05
258170,1e-05
258220,1e-05
258270,1e-05
258320,1e-05
258370,1e-05
258390,1e-05
258440,1e-05
258490,1e-05
258540,1e-05
258590,1e-05
258640,1e-05
258660,1e-05
258710,1e-05
258760,1e-05
258810,1e-05
258860,1e-05
258910,1e-05
258930,1e-05
258980,1e-05
259030,1e-05
259080,1e-05
259130,1e-05
259180,1e-05
259200,1e-05
259250,1e-05
259300,1e-05
259350,1e-05
259400,1e-05
259450,1e-05
259470,1e-05
259520,1e-05
259570,1e-05
259620,1e-05
259670,1e-05
259720,1e-05
259740,1e-05
259790,1e-05
259840,1e-05
259890,1e-05
259940,1e-05
259990,1e-05
260010,1e-05
260060,1e-05
260110,1e-05
260160,1e-05
260210,1e-05
260260,1e-05
260280,1e-05
260330,1e-05
260380,1e-05
260430,1e-05
260480,1e-05
260530,1e-05
260550,1e-05
260600,1e-05
260650,1e-05
260700,1e-05
260750,1e-05
260800,1e-05
260820,1e-05
260870,1e-05
260920,1e-05
260970,1e-05
261020,1e-05
261070,1e-05
261090,1e-05
261140,1e-05
261190,1e-05
261240,1e-05
261290,1e-05
261340,1e-05
261360,1e-05
261410,1e-05
261460,1e-05
261510,1e-05
261560,1e-05
261610,1e-05
261630,1e-05
261680,1e-05
261730,1e-05
261780,1e-05
261830,1e-05
261880,1e-05
261900,1e-05
261950,1e-05
262000,1e-05
262050,1e-05
262100,1e-05
262150,1e-05
262170,1e-05
262220,1e-05
262270,1e-05
262320,1e-05
262370,1e-05
262420,1e-05
262440,1e-05
262490,1e-05
262540,1e-05
262590,1e-05
262640,1e-05
262690,1e-05
262710,1e-05
262760,1e-05
262810,1e-05
262860,1e-05
262910,1e-05
262960,1e-05
262980,1e-05
263030,1e-05
263080,1e-05
263130,1e-05
263180,1e-05
263230,1e-05
263250,1e-05
263300,1e-05
263350,1e-05
263400,1e-05
263450,1e-05
263500,1e-05
263520,1e-05
263570,1e-05
263620,1e-05
263670,1e-05
263720,1e-05
263770,1e-05
263790,1e-05
263840,1e-05
263890,1e-05
263940,1e-05
263990,1e-05
264040,1e-05
264060,1e-05
264110,1e-05
264160,1e-05
264210,1e-05
264260,1e-05
264310,1e-05
264330,1e-05
264380,1e-05
264430,1e-05
264480,1e-05
264530,1e-05
264580,1e-05
264600,1e-05
264650,1e-05
264700,1e-05
264750,1e-05
264800,1e-05
264850,1e-05
264870,1e-05
264920,1e-05
264970,1e-05
265020,1e-05
265070,1e-05
265120,1e-05
265140,1e-05
265190,1e-05
265240,1e-05
265290,1e-05
265340,1e-05
265390,1e-05
265410,1e-05
265460,1e-05
265510,1e-05
265560,1e-05
265610,1e-05
265660,1e-05
265680,1e-05
265730,1e-05
265780,1e-05
265830,1e-05
265880,1e-05
265930,1e-05
265950,1e-05
266000,1e-05
266050,1e-05
266100,1e-05
266150,1e-05
266200,1e-05
266220,1e-05
266270,1e-05
266320,1e-05
266370,1e-05
266420,1e-05
266470,1e-05
266490,1e-05
266540,1e-05
266590,1e-05
266640,1e-05
266690,1e-05
266740,1e-05
266760,1e-05
266810,1e-05
266860,1e-05
266910,1e-05
266960,1e-05
267010,1e-05
267030,1e-05
267080,1e-05
267130,1e-05
267180,1e-05
267230,1e-05
267280,1e-05
267300,1e-05
267350,1e-05
267400,1e-05
267450,1e-05
267500,1e-05
267550,1e-05
267570,1e-05
267620,1e-05
267670,1e-05
267720,1e-05
267770,1e-05
267820,1e-05
267840,1e-05
267890,1e-05
267940,1e-05
267990,1e-05
268040,1e-05
268090,1e-05
268110,1e-05
268160,1e-05
268210,1e-05
268260,1e-05
268310,1e-05
268360,1e-05
268380,1e-05
268430,1e-05
268480,1e-05
268530,1e-05
268580,1e-05
268630,1e-05
268650,1e-05
268700,1e-05
268750,1e-05
268800,1e-05
268850,1e-05
268900,1e-05
268920,1e-05
268970,1e-05
269020,1e-05
269070,1e-05
269120,1e-05
269170,1e-05
269190,1e-05
269240,1e-05
269290,1e-05
269340,1e-05
269390,1e-05
269440,1e-05
269460,1e-05
269510,1e-05
269560,1e-05
269610,1e-05
269660,1e-05
269710,1e-05
269730,1e-05
269780,1e-05
269830,1e-05
269880,1e-05
269930,1e-05
269980,1e-05
