~iteration~,epsilon
0,0.1
50,0.1
100,0.1
150,0.1
200,0.1
250,0.1
270,0.1
320,0.1
370,0.1
420,0.1
470,0.1
520,0.1
540,0.1
590,0.1
640,0.1
690,0.1
740,0.1
790,0.1
810,0.1
860,0.1
910,0.1
960,0.1
1010,0.1
1060,0.1
1080,0.1
1130,0.1
1180,0.1
1230,0.1
1280,0.1
1330,0.1
1350,0.1
1400,0.1
1450,0.1
1500,0.1
1550,0.1
1600,0.1
1620,0.1
1670,0.1
1720,0.1
1770,0.1
1820,0.1
1870,0.1
1890,0.1
1940,0.1
1990,0.1
2040,0.1
2090,0.1
2140,0.1
2160,0.1
2210,0.1
2260,0.1
2310,0.1
2360,0.1
2410,0.1
2430,0.1
2480,0.1
2530,0.1
2580,0.1
2630,0.1
2680,0.1
2700,0.1
2750,0.1
2800,0.1
2850,0.1
2900,0.1
2950,0.1
2970,0.1
3020,0.1
3070,0.1
3120,0.1
3170,0.1
3220,0.1
3240,0.1
3290,0.1
3340,0.1
3390,0.1
3440,0.1
3490,0.1
3510,0.1
3560,0.1
3610,0.1
3660,0.1
3710,0.1
3760,0.1
3780,0.1
3830,0.1
3880,0.1
3930,0.1
3980,0.1
4030,0.1
4050,0.1
4100,0.1
4150,0.1
4200,0.1
4250,0.1
4300,0.1
4320,0.1
4370,0.1
4420,0.1
4470,0.1
4520,0.1
4570,0.1
4590,0.1
4640,0.1
4690,0.1
4740,0.1
4790,0.1
4840,0.1
4860,0.1
4910,0.1
4960,0.1
5010,0.1
5060,0.1
5110,0.1
5130,0.1
5180,0.1
5230,0.1
5280,0.1
5330,0.1
5380,0.1
5400,0.1
5450,0.1
5500,0.1
5550,0.1
5600,0.1
5650,0.1
5670,0.1
5720,0.1
5770,0.1
5820,0.1
5870,0.1
5920,0.1
5940,0.1
5990,0.1
6040,0.1
6090,0.1
6140,0.1
6190,0.1
6210,0.1
6260,0.1
6310,0.1
6360,0.1
6410,0.1
6460,0.1
6480,0.1
6530,0.1
6580,0.1
6630,0.1
6680,0.1
6730,0.1
6750,0.1
6800,0.1
6850,0.1
6900,0.1
6950,0.1
7000,0.1
7020,0.1
7070,0.1
7120,0.1
7170,0.1
7220,0.1
7270,0.1
7290,0.1
7340,0.1
7390,0.1
7440,0.1
7490,0.1
7540,0.1
7560,0.1
7610,0.1
7660,0.1
7710,0.1
7760,0.1
7810,0.1
7830,0.1
7880,0.1
7930,0.1
7980,0.1
8030,0.1
8080,0.1
8100,0.1
8150,0.1
8200,0.1
8250,0.1
8300,0.1
8350,0.1
8370,0.1
8420,0.1
8470,0.1
8520,0.1
8570,0.1
8620,0.1
8640,0.1
8690,0.1
8740,0.1
8790,0.1
8840,0.1
8890,0.1
8910,0.1
8960,0.1
9010,0.1
9060,0.1
9110,0.1
9160,0.1
9180,0.1
9230,0.1
9280,0.1
9330,0.1
9380,0.1
9430,0.1
9450,0.1
9500,0.1
9550,0.1
9600,0.1
9650,0.1
9700,0.1
9720,0.1
9770,0.1
9820,0.1
9870,0.1
9920,0.1
9970,0.1
9990,0.1
10040,0.1
10090,0.1
10140,0.1
10190,0.1
10240,0.1
10260,0.1
10310,0.1
10360,0.1
10410,0.1
10460,0.1
10510,0.1
10530,0.1
10580,0.1
10630,0.1
10680,0.1
10730,0.1
10780,0.1
10800,0.1
10850,0.1
10900,0.1
10950,0.1
11000,0.1
11050,0.1
11070,0.1
11120,0.1
11170,0.1
11220,0.1
11270,0.1
11320,0.1
11340,0.1
11390,0.1
11440,0.1
11490,0.1
11540,0.1
11590,0.1
11610,0.1
11660,0.1
11710,0.1
11760,0.1
11810,0.1
11860,0.1
11880,0.1
11930,0.1
11980,0.1
12030,0.1
12080,0.1
12130,0.1
12150,0.1
12200,0.1
12250,0.1
12300,0.1
12350,0.1
12400,0.1
12420,0.1
12470,0.1
12520,0.1
12570,0.1
12620,0.1
12670,0.1
12690,0.1
12740,0.1
12790,0.1
12840,0.1
12890,0.1
12940,0.1
12960,0.1
13010,0.1
13060,0.1
13110,0.1
13160,0.1
13210,0.1
13230,0.1
13280,0.1
13330,0.1
13380,0.1
13430,0.1
13480,0.1
13500,0.1
13550,0.1
13600,0.1
13650,0.1
13700,0.1
13750,0.1
13770,0.1
13820,0.1
13870,0.1
13920,0.1
13970,0.1
14020,0.1
14040,0.1
14090,0.1
14140,0.1
14190,0.1
14240,0.1
14290,0.1
14310,0.1
14360,0.1
14410,0.1
14460,0.1
14510,0.1
14560,0.1
14580,0.1
14630,0.1
14680,0.1
14730,0.1
14780,0.1
14830,0.1
14850,0.1
14900,0.1
14950,0.1
15000,0.1
15050,0.1
15100,0.1
15120,0.1
15170,0.1
15220,0.1
15270,0.1
15320,0.1
15370,0.1
15390,0.1
15440,0.1
15490,0.1
15540,0.1
15590,0.1
15640,0.1
15660,0.1
15710,0.1
15760,0.1
15810,0.1
15860,0.1
15910,0.1
15930,0.1
15980,0.1
16030,0.1
16080,0.1
16130,0.1
16180,0.1
16200,0.1
16250,0.1
16300,0.1
16350,0.1
16400,0.1
16450,0.1
16470,0.1
16520,0.1
16570,0.1
16620,0.1
16670,0.1
16720,0.1
16740,0.1
16790,0.1
16840,0.1
16890,0.1
16940,0.1
16990,0.1
17010,0.1
17060,0.1
17110,0.1
17160,0.1
17210,0.1
17260,0.1
17280,0.1
17330,0.1
17380,0.1
17430,0.1
17480,0.1
17530,0.1
17550,0.1
17600,0.1
17650,0.1
17700,0.1
17750,0.1
17800,0.1
17820,0.1
17870,0.1
17920,0.1
17970,0.1
18020,0.1
18070,0.1
18090,0.1
18140,0.1
18190,0.1
18240,0.1
18290,0.1
18340,0.1
18360,0.1
18410,0.1
18460,0.1
18510,0.1
18560,0.1
18610,0.1
18630,0.1
18680,0.1
18730,0.1
18780,0.1
18830,0.1
18880,0.1
18900,0.1
18950,0.1
19000,0.1
19050,0.1
19100,0.1
19150,0.1
19170,0.1
19220,0.1
19270,0.1
19320,0.1
19370,0.1
19420,0.1
19440,0.1
19490,0.1
19540,0.1
19590,0.1
19640,0.1
19690,0.1
19710,0.1
19760,0.1
19810,0.1
19860,0.1
19910,0.1
19960,0.1
19980,0.1
20030,0.1
20080,0.1
20130,0.1
20180,0.1
20230,0.1
20250,0.1
20300,0.1
20350,0.1
20400,0.1
20450,0.1
20500,0.1
20520,0.1
20570,0.1
20620,0.1
20670,0.1
20720,0.1
20770,0.1
20790,0.1
20840,0.1
20890,0.1
20940,0.1
20990,0.1
21040,0.1
21060,0.1
21110,0.1
21160,0.1
21210,0.1
21260,0.1
21310,0.1
21330,0.1
21380,0.1
21430,0.1
21480,0.1
21530,0.1
21580,0.1
21600,0.1
21650,0.1
21700,0.1
21750,0.1
21800,0.1
21850,0.1
21870,0.1
21920,0.1
21970,0.1
22020,0.1
22070,0.1
22120,0.1
22140,0.1
22190,0.1
22240,0.1
22290,0.1
22340,0.1
22390,0.1
22410,0.1
22460,0.1
22510,0.1
22560,0.1
22610,0.1
22660,0.1
22680,0.1
22730,0.1
22780,0.1
22830,0.1
22880,0.1
22930,0.1
22950,0.1
23000,0.1
23050,0.1
23100,0.1
23150,0.1
23200,0.1
23220,0.1
23270,0.1
23320,0.1
23370,0.1
23420,0.1
23470,0.1
23490,0.1
23540,0.1
23590,0.1
23640,0.1
23690,0.1
23740,0.1
23760,0.1
23810,0.1
23860,0.1
23910,0.1
23960,0.1
24010,0.1
24030,0.1
24080,0.1
24130,0.1
24180,0.1
24230,0.1
24280,0.1
24300,0.1
24350,0.1
24400,0.1
24450,0.1
24500,0.1
24550,0.1
24570,0.1
24620,0.1
24670,0.1
24720,0.1
24770,0.1
24820,0.1
24840,0.1
24890,0.1
24940,0.1
24990,0.1
25040,0.1
25090,0.1
25110,0.1
25160,0.1
25210,0.1
25260,0.1
25310,0.1
25360,0.1
25380,0.1
25430,0.1
25480,0.1
25530,0.1
25580,0.1
25630,0.1
25650,0.1
25700,0.1
25750,0.1
25800,0.1
25850,0.1
25900,0.1
25920,0.1
25970,0.1
26020,0.1
26070,0.1
26120,0.1
26170,0.1
26190,0.1
26240,0.1
26290,0.1
26340,0.1
26390,0.1
26440,0.1
26460,0.1
26510,0.1
26560,0.1
26610,0.1
26660,0.1
26710,0.1
26730,0.1
26780,0.1
26830,0.1
26880,0.1
26930,0.1
26980,0.1
27000,0.1
27050,0.1
27100,0.1
27150,0.1
27200,0.1
27250,0.1
27270,0.1
27320,0.1
27370,0.1
27420,0.1
27470,0.1
27520,0.1
27540,0.1
27590,0.1
27640,0.1
27690,0.1
27740,0.1
27790,0.1
27810,0.1
27860,0.1
27910,0.1
27960,0.1
28010,0.1
28060,0.1
28080,0.1
28130,0.1
28180,0.1
28230,0.1
28280,0.1
28330,0.1
28350,0.1
28400,0.1
28450,0.1
28500,0.1
28550,0.1
28600,0.1
28620,0.1
28670,0.1
28720,0.1
28770,0.1
28820,0.1
28870,0.1
28890,0.1
28940,0.1
28990,0.1
29040,0.1
29090,0.1
29140,0.1
29160,0.1
29210,0.1
29260,0.1
29310,0.1
29360,0.1
29410,0.1
29430,0.1
29480,0.1
29530,0.1
29580,0.1
29630,0.1
29680,0.1
29700,0.1
29750,0.1
29800,0.1
29850,0.1
29900,0.1
29950,0.1
29970,0.1
30020,0.1
30070,0.1
30120,0.1
30170,0.1
30220,0.1
30240,0.1
30290,0.1
30340,0.1
30390,0.1
30440,0.1
30490,0.1
30510,0.1
30560,0.1
30610,0.1
30660,0.1
30710,0.1
30760,0.1
30780,0.1
30830,0.1
30880,0.1
30930,0.1
30980,0.1
31030,0.1
31050,0.1
31100,0.1
31150,0.1
31200,0.1
31250,0.1
31300,0.1
31320,0.1
31370,0.1
31420,0.1
31470,0.1
31520,0.1
31570,0.1
31590,0.1
31640,0.1
31690,0.1
31740,0.1
31790,0.1
31840,0.1
31860,0.1
31910,0.1
31960,0.1
32010,0.1
32060,0.1
32110,0.1
32130,0.1
32180,0.1
32230,0.1
32280,0.1
32330,0.1
32380,0.1
32400,0.1
32450,0.1
32500,0.1
32550,0.1
32600,0.1
32650,0.1
32670,0.1
32720,0.1
32770,0.1
32820,0.1
32870,0.1
32920,0.1
32940,0.1
32990,0.1
33040,0.1
33090,0.1
33140,0.1
33190,0.1
33210,0.1
33260,0.1
33310,0.1
33360,0.1
33410,0.1
33460,0.1
33480,0.1
33530,0.1
33580,0.1
33630,0.1
33680,0.1
33730,0.1
33750,0.1
33800,0.1
33850,0.1
33900,0.1
33950,0.1
34000,0.1
34020,0.1
34070,0.1
34120,0.1
34170,0.1
34220,0.1
34270,0.1
34290,0.1
34340,0.1
34390,0.1
34440,0.1
34490,0.1
34540,0.1
34560,0.1
34610,0.1
34660,0.1
34710,0.1
34760,0.1
34810,0.1
34830,0.1
34880,0.1
34930,0.1
34980,0.1
35030,0.1
35080,0.1
35100,0.1
35150,0.1
35200,0.1
35250,0.1
35300,0.1
35350,0.1
35370,0.1
35420,0.1
35470,0.1
35520,0.1
35570,0.1
35620,0.1
35640,0.1
35690,0.1
35740,0.1
35790,0.1
35840,0.1
35890,0.1
35910,0.1
35960,0.1
36010,0.1
36060,0.1
36110,0.1
36160,0.1
36180,0.1
36230,0.1
36280,0.1
36330,0.1
36380,0.1
36430,0.1
36450,0.1
36500,0.1
36550,0.1
36600,0.1
36650,0.1
36700,0.1
36720,0.1
36770,0.1
36820,0.1
36870,0.1
36920,0.1
36970,0.1
36990,0.1
37040,0.1
37090,0.1
37140,0.1
37190,0.1
37240,0.1
37260,0.1
37310,0.1
37360,0.1
37410,0.1
37460,0.1
37510,0.1
37530,0.1
37580,0.1
37630,0.1
37680,0.1
37730,0.1
37780,0.1
37800,0.1
37850,0.1
37900,0.1
37950,0.1
38000,0.1
38050,0.1
38070,0.1
38120,0.1
38170,0.1
38220,0.1
38270,0.1
38320,0.1
38340,0.1
38390,0.1
38440,0.1
38490,0.1
38540,0.1
38590,0.1
38610,0.1
38660,0.1
38710,0.1
38760,0.1
38810,0.1
38860,0.1
38880,0.1
38930,0.1
38980,0.1
39030,0.1
39080,0.1
39130,0.1
39150,0.1
39200,0.1
39250,0.1
39300,0.1
39350,0.1
39400,0.1
39420,0.1
39470,0.1
39520,0.1
39570,0.1
39620,0.1
39670,0.1
39690,0.1
39740,0.1
39790,0.1
39840,0.1
39890,0.1
39940,0.1
39960,0.1
40010,0.1
40060,0.1
40110,0.1
40160,0.1
40210,0.1
40230,0.1
40280,0.1
40330,0.1
40380,0.1
40430,0.1
40480,0.1
40500,0.1
40550,0.1
40600,0.1
40650,0.1
40700,0.1
40750,0.1
40770,0.1
40820,0.1
40870,0.1
40920,0.1
40970,0.1
41020,0.1
41040,0.1
41090,0.1
41140,0.1
41190,0.1
41240,0.1
41290,0.1
41310,0.1
41360,0.1
41410,0.1
41460,0.1
41510,0.1
41560,0.1
41580,0.1
41630,0.1
41680,0.1
41730,0.1
41780,0.1
41830,0.1
41850,0.1
41900,0.1
41950,0.1
42000,0.1
42050,0.1
42100,0.1
42120,0.1
42170,0.1
42220,0.1
42270,0.1
42320,0.1
42370,0.1
42390,0.1
42440,0.1
42490,0.1
42540,0.1
42590,0.1
42640,0.1
42660,0.1
42710,0.1
42760,0.1
42810,0.1
42860,0.1
42910,0.1
42930,0.1
42980,0.1
43030,0.1
43080,0.1
43130,0.1
43180,0.1
43200,0.1
43250,0.1
43300,0.1
43350,0.1
43400,0.1
43450,0.1
43470,0.1
43520,0.1
43570,0.1
43620,0.1
43670,0.1
43720,0.1
43740,0.1
43790,0.1
43840,0.1
43890,0.1
43940,0.1
43990,0.1
44010,0.1
44060,0.1
44110,0.1
44160,0.1
44210,0.1
44260,0.1
44280,0.1
44330,0.1
44380,0.1
44430,0.1
44480,0.1
44530,0.1
44550,0.1
44600,0.1
44650,0.1
44700,0.1
44750,0.1
44800,0.1
44820,0.1
44870,0.1
44920,0.1
44970,0.1
45020,0.1
45070,0.1
45090,0.1
45140,0.1
45190,0.1
45240,0.1
45290,0.1
45340,0.1
45360,0.1
45410,0.1
45460,0.1
45510,0.1
45560,0.1
45610,0.1
45630,0.1
45680,0.1
45730,0.1
45780,0.1
45830,0.1
45880,0.1
45900,0.1
45950,0.1
46000,0.1
46050,0.1
46100,0.1
46150,0.1
46170,0.1
46220,0.1
46270,0.1
46320,0.1
46370,0.1
46420,0.1
46440,0.1
46490,0.1
46540,0.1
46590,0.1
46640,0.1
46690,0.1
46710,0.1
46760,0.1
46810,0.1
46860,0.1
46910,0.1
46960,0.1
46980,0.1
47030,0.1
47080,0.1
47130,0.1
47180,0.1
47230,0.1
47250,0.1
47300,0.1
47350,0.1
47400,0.1
47450,0.1
47500,0.1
47520,0.1
47570,0.1
47620,0.1
47670,0.1
47720,0.1
47770,0.1
47790,0.1
47840,0.1
47890,0.1
47940,0.1
47990,0.1
48040,0.1
48060,0.1
48110,0.1
48160,0.1
48210,0.1
48260,0.1
48310,0.1
48330,0.1
48380,0.1
48430,0.1
48480,0.1
48530,0.1
48580,0.1
48600,0.1
48650,0.1
48700,0.1
48750,0.1
48800,0.1
48850,0.1
48870,0.1
48920,0.1
48970,0.1
49020,0.1
49070,0.1
49120,0.1
49140,0.1
49190,0.1
49240,0.1
49290,0.1
49340,0.1
49390,0.1
49410,0.1
49460,0.1
49510,0.1
49560,0.1
49610,0.1
49660,0.1
49680,0.1
49730,0.1
49780,0.1
49830,0.1
49880,0.1
49930,0.1
49950,0.1
50000,0.1
50050,0.1
50100,0.1
50150,0.1
50200,0.1
50220,0.1
50270,0.1
50320,0.1
50370,0.1
50420,0.1
50470,0.1
50490,0.1
50540,0.1
50590,0.1
50640,0.1
50690,0.1
50740,0.1
50760,0.1
50810,0.1
50860,0.1
50910,0.1
50960,0.1
51010,0.1
51030,0.1
51080,0.1
51130,0.1
51180,0.1
51230,0.1
51280,0.1
51300,0.1
51350,0.1
51400,0.1
51450,0.1
51500,0.1
51550,0.1
51570,0.1
51620,0.1
51670,0.1
51720,0.1
51770,0.1
51820,0.1
51840,0.1
51890,0.1
51940,0.1
51990,0.1
52040,0.1
52090,0.1
52110,0.1
52160,0.1
52210,0.1
52260,0.1
52310,0.1
52360,0.1
52380,0.1
52430,0.1
52480,0.1
52530,0.1
52580,0.1
52630,0.1
52650,0.1
52700,0.1
52750,0.1
52800,0.1
52850,0.1
52900,0.1
52920,0.1
52970,0.1
53020,0.1
53070,0.1
53120,0.1
53170,0.1
53190,0.1
53240,0.1
53290,0.1
53340,0.1
53390,0.1
53440,0.1
53460,0.1
53510,0.1
53560,0.1
53610,0.1
53660,0.1
53710,0.1
53730,0.1
53780,0.1
53830,0.1
53880,0.1
53930,0.1
53980,0.1
54000,0.1
54050,0.1
54100,0.1
54150,0.1
54200,0.1
54250,0.1
54270,0.1
54320,0.1
54370,0.1
54420,0.1
54470,0.1
54520,0.1
54540,0.1
54590,0.1
54640,0.1
54690,0.1
54740,0.1
54790,0.1
54810,0.1
54860,0.1
54910,0.1
54960,0.1
55010,0.1
55060,0.1
55080,0.1
55130,0.1
55180,0.1
55230,0.1
55280,0.1
55330,0.1
55350,0.1
55400,0.1
55450,0.1
55500,0.1
55550,0.1
55600,0.1
55620,0.1
55670,0.1
55720,0.1
55770,0.1
55820,0.1
55870,0.1
55890,0.1
55940,0.1
55990,0.1
56040,0.1
56090,0.1
56140,0.1
56160,0.1
56210,0.1
56260,0.1
56310,0.1
56360,0.1
56410,0.1
56430,0.1
56480,0.1
56530,0.1
56580,0.1
56630,0.1
56680,0.1
56700,0.1
56750,0.1
56800,0.1
56850,0.1
56900,0.1
56950,0.1
56970,0.1
57020,0.1
57070,0.1
57120,0.1
57170,0.1
57220,0.1
57240,0.1
57290,0.1
57340,0.1
57390,0.1
57440,0.1
57490,0.1
57510,0.1
57560,0.1
57610,0.1
57660,0.1
57710,0.1
57760,0.1
57780,0.1
57830,0.1
57880,0.1
57930,0.1
57980,0.1
58030,0.1
58050,0.1
58100,0.1
58150,0.1
58200,0.1
58250,0.1
58300,0.1
58320,0.1
58370,0.1
58420,0.1
58470,0.1
58520,0.1
58570,0.1
58590,0.1
58640,0.1
58690,0.1
58740,0.1
58790,0.1
58840,0.1
58860,0.1
58910,0.1
58960,0.1
59010,0.1
59060,0.1
59110,0.1
59130,0.1
59180,0.1
59230,0.1
59280,0.1
59330,0.1
59380,0.1
59400,0.1
59450,0.1
59500,0.1
59550,0.1
59600,0.1
59650,0.1
59670,0.1
59720,0.1
59770,0.1
59820,0.1
59870,0.1
59920,0.1
59940,0.1
59990,0.1
60040,0.1
60090,0.1
60140,0.1
60190,0.1
60210,0.1
60260,0.1
60310,0.1
60360,0.1
60410,0.1
60460,0.1
60480,0.1
60530,0.1
60580,0.1
60630,0.1
60680,0.1
60730,0.1
60750,0.1
60800,0.1
60850,0.1
60900,0.1
60950,0.1
61000,0.1
61020,0.1
61070,0.1
61120,0.1
61170,0.1
61220,0.1
61270,0.1
61290,0.1
61340,0.1
61390,0.1
61440,0.1
61490,0.1
61540,0.1
61560,0.1
61610,0.1
61660,0.1
61710,0.1
61760,0.1
61810,0.1
61830,0.1
61880,0.1
61930,0.1
61980,0.1
62030,0.1
62080,0.1
62100,0.1
62150,0.1
62200,0.1
62250,0.1
62300,0.1
62350,0.1
62370,0.1
62420,0.1
62470,0.1
62520,0.1
62570,0.1
62620,0.1
62640,0.1
62690,0.1
62740,0.1
62790,0.1
62840,0.1
62890,0.1
62910,0.1
62960,0.1
63010,0.1
63060,0.1
63110,0.1
63160,0.1
63180,0.1
63230,0.1
63280,0.1
63330,0.1
63380,0.1
63430,0.1
63450,0.1
63500,0.1
63550,0.1
63600,0.1
63650,0.1
63700,0.1
63720,0.1
63770,0.1
63820,0.1
63870,0.1
63920,0.1
63970,0.1
63990,0.1
64040,0.1
64090,0.1
64140,0.1
64190,0.1
64240,0.1
64260,0.1
64310,0.1
64360,0.1
64410,0.1
64460,0.1
64510,0.1
64530,0.1
64580,0.1
64630,0.1
64680,0.1
64730,0.1
64780,0.1
64800,0.1
64850,0.1
64900,0.1
64950,0.1
65000,0.1
65050,0.1
65070,0.1
65120,0.1
65170,0.1
65220,0.1
65270,0.1
65320,0.1
65340,0.1
65390,0.1
65440,0.1
65490,0.1
65540,0.1
65590,0.1
65610,0.1
65660,0.1
65710,0.1
65760,0.1
65810,0.1
65860,0.1
65880,0.1
65930,0.1
65980,0.1
66030,0.1
66080,0.1
66130,0.1
66150,0.1
66200,0.1
66250,0.1
66300,0.1
66350,0.1
66400,0.1
66420,0.1
66470,0.1
66520,0.1
66570,0.1
66620,0.1
66670,0.1
66690,0.1
66740,0.1
66790,0.1
66840,0.1
66890,0.1
66940,0.1
66960,0.1
67010,0.1
67060,0.1
67110,0.1
67160,0.1
67210,0.1
67230,0.1
67280,0.1
67330,0.1
67380,0.1
67430,0.1
67480,0.1
67500,0.1
67550,0.1
67600,0.1
67650,0.1
67700,0.1
67750,0.1
67770,0.1
67820,0.1
67870,0.1
67920,0.1
67970,0.1
68020,0.1
68040,0.1
68090,0.1
68140,0.1
68190,0.1
68240,0.1
68290,0.1
68310,0.1
68360,0.1
68410,0.1
68460,0.1
68510,0.1
68560,0.1
68580,0.1
68630,0.1
68680,0.1
68730,0.1
68780,0.1
68830,0.1
68850,0.1
68900,0.1
68950,0.1
69000,0.1
69050,0.1
69100,0.1
69120,0.1
69170,0.1
69220,0.1
69270,0.1
69320,0.1
69370,0.1
69390,0.1
69440,0.1
69490,0.1
69540,0.1
69590,0.1
69640,0.1
69660,0.1
69710,0.1
69760,0.1
69810,0.1
69860,0.1
69910,0.1
69930,0.1
69980,0.1
70030,0.1
70080,0.1
70130,0.1
70180,0.1
70200,0.1
70250,0.1
70300,0.1
70350,0.1
70400,0.1
70450,0.1
70470,0.1
70520,0.1
70570,0.1
70620,0.1
70670,0.1
70720,0.1
70740,0.1
70790,0.1
70840,0.1
70890,0.1
70940,0.1
70990,0.1
71010,0.1
71060,0.1
71110,0.1
71160,0.1
71210,0.1
71260,0.1
71280,0.1
71330,0.1
71380,0.1
71430,0.1
71480,0.1
71530,0.1
71550,0.1
71600,0.1
71650,0.1
71700,0.1
71750,0.1
71800,0.1
71820,0.1
71870,0.1
71920,0.1
71970,0.1
72020,0.1
72070,0.1
72090,0.1
72140,0.1
72190,0.1
72240,0.1
72290,0.1
72340,0.1
72360,0.1
72410,0.1
72460,0.1
72510,0.1
72560,0.1
72610,0.1
72630,0.1
72680,0.1
72730,0.1
72780,0.1
72830,0.1
72880,0.1
72900,0.1
72950,0.1
73000,0.1
73050,0.1
73100,0.1
73150,0.1
73170,0.1
73220,0.1
73270,0.1
73320,0.1
73370,0.1
73420,0.1
73440,0.1
73490,0.1
73540,0.1
73590,0.1
73640,0.1
73690,0.1
73710,0.1
73760,0.1
73810,0.1
73860,0.1
73910,0.1
73960,0.1
73980,0.1
74030,0.1
74080,0.1
74130,0.1
74180,0.1
74230,0.1
74250,0.1
74300,0.1
74350,0.1
74400,0.1
74450,0.1
74500,0.1
74520,0.1
74570,0.1
74620,0.1
74670,0.1
74720,0.1
74770,0.1
74790,0.1
74840,0.1
74890,0.1
74940,0.1
74990,0.1
75040,0.1
75060,0.1
75110,0.1
75160,0.1
75210,0.1
75260,0.1
75310,0.1
75330,0.1
75380,0.1
75430,0.1
75480,0.1
75530,0.1
75580,0.1
75600,0.1
75650,0.1
75700,0.1
75750,0.1
75800,0.1
75850,0.1
75870,0.1
75920,0.1
75970,0.1
76020,0.1
76070,0.1
76120,0.1
76140,0.1
76190,0.1
76240,0.1
76290,0.1
76340,0.1
76390,0.1
76410,0.1
76460,0.1
76510,0.1
76560,0.1
76610,0.1
76660,0.1
76680,0.1
76730,0.1
76780,0.1
76830,0.1
76880,0.1
76930,0.1
76950,0.1
77000,0.1
77050,0.1
77100,0.1
77150,0.1
77200,0.1
77220,0.1
77270,0.1
77320,0.1
77370,0.1
77420,0.1
77470,0.1
77490,0.1
77540,0.1
77590,0.1
77640,0.1
77690,0.1
77740,0.1
77760,0.1
77810,0.1
77860,0.1
77910,0.1
77960,0.1
78010,0.1
78030,0.1
78080,0.1
78130,0.1
78180,0.1
78230,0.1
78280,0.1
78300,0.1
78350,0.1
78400,0.1
78450,0.1
78500,0.1
78550,0.1
78570,0.1
78620,0.1
78670,0.1
78720,0.1
78770,0.1
78820,0.1
78840,0.1
78890,0.1
78940,0.1
78990,0.1
79040,0.1
79090,0.1
79110,0.1
79160,0.1
79210,0.1
79260,0.1
79310,0.1
79360,0.1
79380,0.1
79430,0.1
79480,0.1
79530,0.1
79580,0.1
79630,0.1
79650,0.1
79700,0.1
79750,0.1
79800,0.1
79850,0.1
79900,0.1
79920,0.1
79970,0.1
80020,0.1
80070,0.1
80120,0.1
80170,0.1
80190,0.1
80240,0.1
80290,0.1
80340,0.1
80390,0.1
80440,0.1
80460,0.1
80510,0.1
80560,0.1
80610,0.1
80660,0.1
80710,0.1
80730,0.1
80780,0.1
80830,0.1
80880,0.1
80930,0.1
80980,0.1
81000,0.1
81050,0.1
81100,0.1
81150,0.1
81200,0.1
81250,0.1
81270,0.1
81320,0.1
81370,0.1
81420,0.1
81470,0.1
81520,0.1
81540,0.1
81590,0.1
81640,0.1
81690,0.1
81740,0.1
81790,0.1
81810,0.1
81860,0.1
81910,0.1
81960,0.1
82010,0.1
82060,0.1
82080,0.1
82130,0.1
82180,0.1
82230,0.1
82280,0.1
82330,0.1
82350,0.1
82400,0.1
82450,0.1
82500,0.1
82550,0.1
82600,0.1
82620,0.1
82670,0.1
82720,0.1
82770,0.1
82820,0.1
82870,0.1
82890,0.1
82940,0.1
82990,0.1
83040,0.1
83090,0.1
83140,0.1
83160,0.1
83210,0.1
83260,0.1
83310,0.1
83360,0.1
83410,0.1
83430,0.1
83480,0.1
83530,0.1
83580,0.1
83630,0.1
83680,0.1
83700,0.1
83750,0.1
83800,0.1
83850,0.1
83900,0.1
83950,0.1
83970,0.1
84020,0.1
84070,0.1
84120,0.1
84170,0.1
84220,0.1
84240,0.1
84290,0.1
84340,0.1
84390,0.1
84440,0.1
84490,0.1
84510,0.1
84560,0.1
84610,0.1
84660,0.1
84710,0.1
84760,0.1
84780,0.1
84830,0.1
84880,0.1
84930,0.1
84980,0.1
85030,0.1
85050,0.1
85100,0.1
85150,0.1
85200,0.1
85250,0.1
85300,0.1
85320,0.1
85370,0.1
85420,0.1
85470,0.1
85520,0.1
85570,0.1
85590,0.1
85640,0.1
85690,0.1
85740,0.1
85790,0.1
85840,0.1
85860,0.1
85910,0.1
85960,0.1
86010,0.1
86060,0.1
86110,0.1
86130,0.1
86180,0.1
86230,0.1
86280,0.1
86330,0.1
86380,0.1
86400,0.1
86450,0.1
86500,0.1
86550,0.1
86600,0.1
86650,0.1
86670,0.1
86720,0.1
86770,0.1
86820,0.1
86870,0.1
86920,0.1
86940,0.1
86990,0.1
87040,0.1
87090,0.1
87140,0.1
87190,0.1
87210,0.1
87260,0.1
87310,0.1
87360,0.1
87410,0.1
87460,0.1
87480,0.1
87530,0.1
87580,0.1
87630,0.1
87680,0.1
87730,0.1
87750,0.1
87800,0.1
87850,0.1
87900,0.1
87950,0.1
88000,0.1
88020,0.1
88070,0.1
88120,0.1
88170,0.1
88220,0.1
88270,0.1
88290,0.1
88340,0.1
88390,0.1
88440,0.1
88490,0.1
88540,0.1
88560,0.1
88610,0.1
88660,0.1
88710,0.1
88760,0.1
88810,0.1
88830,0.1
88880,0.1
88930,0.1
88980,0.1
89030,0.1
89080,0.1
89100,0.1
89150,0.1
89200,0.1
89250,0.1
89300,0.1
89350,0.1
89370,0.1
89420,0.1
89470,0.1
89520,0.1
89570,0.1
89620,0.1
89640,0.1
89690,0.1
89740,0.1
89790,0.1
89840,0.1
89890,0.1
89910,0.1
89960,0.1
90010,0.1
90060,0.1
90110,0.1
90160,0.1
90180,0.1
90230,0.1
90280,0.1
90330,0.1
90380,0.1
90430,0.1
90450,0.1
90500,0.1
90550,0.1
90600,0.1
90650,0.1
90700,0.1
90720,0.1
90770,0.1
90820,0.1
90870,0.1
90920,0.1
90970,0.1
90990,0.1
91040,0.1
91090,0.1
91140,0.1
91190,0.1
91240,0.1
91260,0.1
91310,0.1
91360,0.1
91410,0.1
91460,0.1
91510,0.1
91530,0.1
91580,0.1
91630,0.1
91680,0.1
91730,0.1
91780,0.1
91800,0.1
91850,0.1
91900,0.1
91950,0.1
92000,0.1
92050,0.1
92070,0.1
92120,0.1
92170,0.1
92220,0.1
92270,0.1
92320,0.1
92340,0.1
92390,0.1
92440,0.1
92490,0.1
92540,0.1
92590,0.1
92610,0.1
92660,0.1
92710,0.1
92760,0.1
92810,0.1
92860,0.1
92880,0.1
92930,0.1
92980,0.1
93030,0.1
93080,0.1
93130,0.1
93150,0.1
93200,0.1
93250,0.1
93300,0.1
93350,0.1
93400,0.1
93420,0.1
93470,0.1
93520,0.1
93570,0.1
93620,0.1
93670,0.1
93690,0.1
93740,0.1
93790,0.1
93840,0.1
93890,0.1
93940,0.1
93960,0.1
94010,0.1
94060,0.1
94110,0.1
94160,0.1
94210,0.1
94230,0.1
94280,0.1
94330,0.1
94380,0.1
94430,0.1
94480,0.1
94500,0.1
94550,0.1
94600,0.1
94650,0.1
94700,0.1
94750,0.1
94770,0.1
94820,0.1
94870,0.1
94920,0.1
94970,0.1
95020,0.1
95040,0.1
95090,0.1
95140,0.1
95190,0.1
95240,0.1
95290,0.1
95310,0.1
95360,0.1
95410,0.1
95460,0.1
95510,0.1
95560,0.1
95580,0.1
95630,0.1
95680,0.1
95730,0.1
95780,0.1
95830,0.1
95850,0.1
95900,0.1
95950,0.1
96000,0.1
96050,0.1
96100,0.1
96120,0.1
96170,0.1
96220,0.1
96270,0.1
96320,0.1
96370,0.1
96390,0.1
96440,0.1
96490,0.1
96540,0.1
96590,0.1
96640,0.1
96660,0.1
96710,0.1
96760,0.1
96810,0.1
96860,0.1
96910,0.1
96930,0.1
96980,0.1
97030,0.1
97080,0.1
97130,0.1
97180,0.1
97200,0.1
97250,0.1
97300,0.1
97350,0.1
97400,0.1
97450,0.1
97470,0.1
97520,0.1
97570,0.1
97620,0.1
97670,0.1
97720,0.1
97740,0.1
97790,0.1
97840,0.1
97890,0.1
97940,0.1
97990,0.1
98010,0.1
98060,0.1
98110,0.1
98160,0.1
98210,0.1
98260,0.1
98280,0.1
98330,0.1
98380,0.1
98430,0.1
98480,0.1
98530,0.1
98550,0.1
98600,0.1
98650,0.1
98700,0.1
98750,0.1
98800,0.1
98820,0.1
98870,0.1
98920,0.1
98970,0.1
99020,0.1
99070,0.1
99090,0.1
99140,0.1
99190,0.1
99240,0.1
99290,0.1
99340,0.1
99360,0.1
99410,0.1
99460,0.1
99510,0.1
99560,0.1
99610,0.1
99630,0.1
99680,0.1
99730,0.1
99780,0.1
99830,0.1
99880,0.1
99900,0.1
99950,0.1
100000,0.1
100050,0.1
100100,0.1
100150,0.1
100170,0.1
100220,0.1
100270,0.1
100320,0.1
100370,0.1
100420,0.1
100440,0.1
100490,0.1
100540,0.1
100590,0.1
100640,0.1
100690,0.1
100710,0.1
100760,0.1
100810,0.1
100860,0.1
100910,0.1
100960,0.1
100980,0.1
101030,0.1
101080,0.1
101130,0.1
101180,0.1
101230,0.1
101250,0.1
101300,0.1
101350,0.1
101400,0.1
101450,0.1
101500,0.1
101520,0.1
101570,0.1
101620,0.1
101670,0.1
101720,0.1
101770,0.1
101790,0.1
101840,0.1
101890,0.1
101940,0.1
101990,0.1
102040,0.1
102060,0.1
102110,0.1
102160,0.1
102210,0.1
102260,0.1
102310,0.1
102330,0.1
102380,0.1
102430,0.1
102480,0.1
102530,0.1
102580,0.1
102600,0.1
102650,0.1
102700,0.1
102750,0.1
102800,0.1
102850,0.1
102870,0.1
102920,0.1
102970,0.1
103020,0.1
103070,0.1
103120,0.1
103140,0.1
103190,0.1
103240,0.1
103290,0.1
103340,0.1
103390,0.1
103410,0.1
103460,0.1
103510,0.1
103560,0.1
103610,0.1
103660,0.1
103680,0.1
103730,0.1
103780,0.1
103830,0.1
103880,0.1
103930,0.1
103950,0.1
104000,0.1
104050,0.1
104100,0.1
104150,0.1
104200,0.1
104220,0.1
104270,0.1
104320,0.1
104370,0.1
104420,0.1
104470,0.1
104490,0.1
104540,0.1
104590,0.1
104640,0.1
104690,0.1
104740,0.1
104760,0.1
104810,0.1
104860,0.1
104910,0.1
104960,0.1
105010,0.1
105030,0.1
105080,0.1
105130,0.1
105180,0.1
105230,0.1
105280,0.1
105300,0.1
105350,0.1
105400,0.1
105450,0.1
105500,0.1
105550,0.1
105570,0.1
105620,0.1
105670,0.1
105720,0.1
105770,0.1
105820,0.1
105840,0.1
105890,0.1
105940,0.1
105990,0.1
106040,0.1
106090,0.1
106110,0.1
106160,0.1
106210,0.1
106260,0.1
106310,0.1
106360,0.1
106380,0.1
106430,0.1
106480,0.1
106530,0.1
106580,0.1
106630,0.1
106650,0.1
106700,0.1
106750,0.1
106800,0.1
106850,0.1
106900,0.1
106920,0.1
106970,0.1
107020,0.1
107070,0.1
107120,0.1
107170,0.1
107190,0.1
107240,0.1
107290,0.1
107340,0.1
107390,0.1
107440,0.1
107460,0.1
107510,0.1
107560,0.1
107610,0.1
107660,0.1
107710,0.1
107730,0.1
107780,0.1
107830,0.1
107880,0.1
107930,0.1
107980,0.1
108000,0.1
108050,0.1
108100,0.1
108150,0.1
108200,0.1
108250,0.1
108270,0.1
108320,0.1
108370,0.1
108420,0.1
108470,0.1
108520,0.1
108540,0.1
108590,0.1
108640,0.1
108690,0.1
108740,0.1
108790,0.1
108810,0.1
108860,0.1
108910,0.1
108960,0.1
109010,0.1
109060,0.1
109080,0.1
109130,0.1
109180,0.1
109230,0.1
109280,0.1
109330,0.1
109350,0.1
109400,0.1
109450,0.1
109500,0.1
109550,0.1
109600,0.1
109620,0.1
109670,0.1
109720,0.1
109770,0.1
109820,0.1
109870,0.1
109890,0.1
109940,0.1
109990,0.1
110040,0.1
110090,0.1
110140,0.1
110160,0.1
110210,0.1
110260,0.1
110310,0.1
110360,0.1
110410,0.1
110430,0.1
110480,0.1
110530,0.1
110580,0.1
110630,0.1
110680,0.1
110700,0.1
110750,0.1
110800,0.1
110850,0.1
110900,0.1
110950,0.1
110970,0.1
111020,0.1
111070,0.1
111120,0.1
111170,0.1
111220,0.1
111240,0.1
111290,0.1
111340,0.1
111390,0.1
111440,0.1
111490,0.1
111510,0.1
111560,0.1
111610,0.1
111660,0.1
111710,0.1
111760,0.1
111780,0.1
111830,0.1
111880,0.1
111930,0.1
111980,0.1
112030,0.1
112050,0.1
112100,0.1
112150,0.1
112200,0.1
112250,0.1
112300,0.1
112320,0.1
112370,0.1
112420,0.1
112470,0.1
112520,0.1
112570,0.1
112590,0.1
112640,0.1
112690,0.1
112740,0.1
112790,0.1
112840,0.1
112860,0.1
112910,0.1
112960,0.1
113010,0.1
113060,0.1
113110,0.1
113130,0.1
113180,0.1
113230,0.1
113280,0.1
113330,0.1
113380,0.1
113400,0.1
113450,0.1
113500,0.1
113550,0.1
113600,0.1
113650,0.1
113670,0.1
113720,0.1
113770,0.1
113820,0.1
113870,0.1
113920,0.1
113940,0.1
113990,0.1
114040,0.1
114090,0.1
114140,0.1
114190,0.1
114210,0.1
114260,0.1
114310,0.1
114360,0.1
114410,0.1
114460,0.1
114480,0.1
114530,0.1
114580,0.1
114630,0.1
114680,0.1
114730,0.1
114750,0.1
114800,0.1
114850,0.1
114900,0.1
114950,0.1
115000,0.1
115020,0.1
115070,0.1
115120,0.1
115170,0.1
115220,0.1
115270,0.1
115290,0.1
115340,0.1
115390,0.1
115440,0.1
115490,0.1
115540,0.1
115560,0.1
115610,0.1
115660,0.1
115710,0.1
115760,0.1
115810,0.1
115830,0.1
115880,0.1
115930,0.1
115980,0.1
116030,0.1
116080,0.1
116100,0.1
116150,0.1
116200,0.1
116250,0.1
116300,0.1
116350,0.1
116370,0.1
116420,0.1
116470,0.1
116520,0.1
116570,0.1
116620,0.1
116640,0.1
116690,0.1
116740,0.1
116790,0.1
116840,0.1
116890,0.1
116910,0.1
116960,0.1
117010,0.1
117060,0.1
117110,0.1
117160,0.1
117180,0.1
117230,0.1
117280,0.1
117330,0.1
117380,0.1
117430,0.1
117450,0.1
117500,0.1
117550,0.1
117600,0.1
117650,0.1
117700,0.1
117720,0.1
117770,0.1
117820,0.1
117870,0.1
117920,0.1
117970,0.1
117990,0.1
118040,0.1
118090,0.1
118140,0.1
118190,0.1
118240,0.1
118260,0.1
118310,0.1
118360,0.1
118410,0.1
118460,0.1
118510,0.1
118530,0.1
118580,0.1
118630,0.1
118680,0.1
118730,0.1
118780,0.1
118800,0.1
118850,0.1
118900,0.1
118950,0.1
119000,0.1
119050,0.1
119070,0.1
119120,0.1
119170,0.1
119220,0.1
119270,0.1
119320,0.1
119340,0.1
119390,0.1
119440,0.1
119490,0.1
119540,0.1
119590,0.1
119610,0.1
119660,0.1
119710,0.1
119760,0.1
119810,0.1
119860,0.1
119880,0.1
119930,0.1
119980,0.1
120030,0.1
120080,0.1
120130,0.1
120150,0.1
120200,0.1
120250,0.1
120300,0.1
120350,0.1
120400,0.1
120420,0.1
120470,0.1
120520,0.1
120570,0.1
120620,0.1
120670,0.1
120690,0.1
120740,0.1
120790,0.1
120840,0.1
120890,0.1
120940,0.1
120960,0.1
121010,0.1
121060,0.1
121110,0.1
121160,0.1
121210,0.1
121230,0.1
121280,0.1
121330,0.1
121380,0.1
121430,0.1
121480,0.1
121500,0.1
121550,0.1
121600,0.1
121650,0.1
121700,0.1
121750,0.1
121770,0.1
121820,0.1
121870,0.1
121920,0.1
121970,0.1
122020,0.1
122040,0.1
122090,0.1
122140,0.1
122190,0.1
122240,0.1
122290,0.1
122310,0.1
122360,0.1
122410,0.1
122460,0.1
122510,0.1
122560,0.1
122580,0.1
122630,0.1
122680,0.1
122730,0.1
122780,0.1
122830,0.1
122850,0.1
122900,0.1
122950,0.1
123000,0.1
123050,0.1
123100,0.1
123120,0.1
123170,0.1
123220,0.1
123270,0.1
123320,0.1
123370,0.1
123390,0.1
123440,0.1
123490,0.1
123540,0.1
123590,0.1
123640,0.1
123660,0.1
123710,0.1
123760,0.1
123810,0.1
123860,0.1
123910,0.1
123930,0.1
123980,0.1
124030,0.1
124080,0.1
124130,0.1
124180,0.1
124200,0.1
124250,0.1
124300,0.1
124350,0.1
124400,0.1
124450,0.1
124470,0.1
124520,0.1
124570,0.1
124620,0.1
124670,0.1
124720,0.1
124740,0.1
124790,0.1
124840,0.1
124890,0.1
124940,0.1
124990,0.1
125010,0.1
125060,0.1
125110,0.1
125160,0.1
125210,0.1
125260,0.1
125280,0.1
125330,0.1
125380,0.1
125430,0.1
125480,0.1
125530,0.1
125550,0.1
125600,0.1
125650,0.1
125700,0.1
125750,0.1
125800,0.1
125820,0.1
125870,0.1
125920,0.1
125970,0.1
126020,0.1
126070,0.1
126090,0.1
126140,0.1
126190,0.1
126240,0.1
126290,0.1
126340,0.1
126360,0.1
126410,0.1
126460,0.1
126510,0.1
126560,0.1
126610,0.1
126630,0.1
126680,0.1
126730,0.1
126780,0.1
126830,0.1
126880,0.1
126900,0.1
126950,0.1
127000,0.1
127050,0.1
127100,0.1
127150,0.1
127170,0.1
127220,0.1
127270,0.1
127320,0.1
127370,0.1
127420,0.1
127440,0.1
127490,0.1
127540,0.1
127590,0.1
127640,0.1
127690,0.1
127710,0.1
127760,0.1
127810,0.1
127860,0.1
127910,0.1
127960,0.1
127980,0.1
128030,0.1
128080,0.1
128130,0.1
128180,0.1
128230,0.1
128250,0.1
128300,0.1
128350,0.1
128400,0.1
128450,0.1
128500,0.1
128520,0.1
128570,0.1
128620,0.1
128670,0.1
128720,0.1
128770,0.1
128790,0.1
128840,0.1
128890,0.1
128940,0.1
128990,0.1
129040,0.1
129060,0.1
129110,0.1
129160,0.1
129210,0.1
129260,0.1
129310,0.1
129330,0.1
129380,0.1
129430,0.1
129480,0.1
129530,0.1
129580,0.1
129600,0.1
129650,0.1
129700,0.1
129750,0.1
129800,0.1
129850,0.1
129870,0.1
129920,0.1
129970,0.1
130020,0.1
130070,0.1
130120,0.1
130140,0.1
130190,0.1
130240,0.1
130290,0.1
130340,0.1
130390,0.1
130410,0.1
130460,0.1
130510,0.1
130560,0.1
130610,0.1
130660,0.1
130680,0.1
130730,0.1
130780,0.1
130830,0.1
130880,0.1
130930,0.1
130950,0.1
131000,0.1
131050,0.1
131100,0.1
131150,0.1
131200,0.1
131220,0.1
131270,0.1
131320,0.1
131370,0.1
131420,0.1
131470,0.1
131490,0.1
131540,0.1
131590,0.1
131640,0.1
131690,0.1
131740,0.1
131760,0.1
131810,0.1
131860,0.1
131910,0.1
131960,0.1
132010,0.1
132030,0.1
132080,0.1
132130,0.1
132180,0.1
132230,0.1
132280,0.1
132300,0.1
132350,0.1
132400,0.1
132450,0.1
132500,0.1
132550,0.1
132570,0.1
132620,0.1
132670,0.1
132720,0.1
132770,0.1
132820,0.1
132840,0.1
132890,0.1
132940,0.1
132990,0.1
133040,0.1
133090,0.1
133110,0.1
133160,0.1
133210,0.1
133260,0.1
133310,0.1
133360,0.1
133380,0.1
133430,0.1
133480,0.1
133530,0.1
133580,0.1
133630,0.1
133650,0.1
133700,0.1
133750,0.1
133800,0.1
133850,0.1
133900,0.1
133920,0.1
133970,0.1
134020,0.1
134070,0.1
134120,0.1
134170,0.1
134190,0.1
134240,0.1
134290,0.1
134340,0.1
134390,0.1
134440,0.1
134460,0.1
134510,0.1
134560,0.1
134610,0.1
134660,0.1
134710,0.1
134730,0.1
134780,0.1
134830,0.1
134880,0.1
134930,0.1
134980,0.1
135000,0.1
135050,0.1
135100,0.1
135150,0.1
135200,0.1
135250,0.1
135270,0.1
135320,0.1
135370,0.1
135420,0.1
135470,0.1
135520,0.1
135540,0.1
135590,0.1
135640,0.1
135690,0.1
135740,0.1
135790,0.1
135810,0.1
135860,0.1
135910,0.1
135960,0.1
136010,0.1
136060,0.1
136080,0.1
136130,0.1
136180,0.1
136230,0.1
136280,0.1
136330,0.1
136350,0.1
136400,0.1
136450,0.1
136500,0.1
136550,0.1
136600,0.1
136620,0.1
136670,0.1
136720,0.1
136770,0.1
136820,0.1
136870,0.1
136890,0.1
136940,0.1
136990,0.1
137040,0.1
137090,0.1
137140,0.1
137160,0.1
137210,0.1
137260,0.1
137310,0.1
137360,0.1
137410,0.1
137430,0.1
137480,0.1
137530,0.1
137580,0.1
137630,0.1
137680,0.1
137700,0.1
137750,0.1
137800,0.1
137850,0.1
137900,0.1
137950,0.1
137970,0.1
138020,0.1
138070,0.1
138120,0.1
138170,0.1
138220,0.1
138240,0.1
138290,0.1
138340,0.1
138390,0.1
138440,0.1
138490,0.1
138510,0.1
138560,0.1
138610,0.1
138660,0.1
138710,0.1
138760,0.1
138780,0.1
138830,0.1
138880,0.1
138930,0.1
138980,0.1
139030,0.1
139050,0.1
139100,0.1
139150,0.1
139200,0.1
139250,0.1
139300,0.1
139320,0.1
139370,0.1
139420,0.1
139470,0.1
139520,0.1
139570,0.1
139590,0.1
139640,0.1
139690,0.1
139740,0.1
139790,0.1
139840,0.1
139860,0.1
139910,0.1
139960,0.1
140010,0.1
140060,0.1
140110,0.1
140130,0.1
140180,0.1
140230,0.1
140280,0.1
140330,0.1
140380,0.1
140400,0.1
140450,0.1
140500,0.1
140550,0.1
140600,0.1
140650,0.1
140670,0.1
140720,0.1
140770,0.1
140820,0.1
140870,0.1
140920,0.1
140940,0.1
140990,0.1
141040,0.1
141090,0.1
141140,0.1
141190,0.1
141210,0.1
141260,0.1
141310,0.1
141360,0.1
141410,0.1
141460,0.1
141480,0.1
141530,0.1
141580,0.1
141630,0.1
141680,0.1
141730,0.1
141750,0.1
141800,0.1
141850,0.1
141900,0.1
141950,0.1
142000,0.1
142020,0.1
142070,0.1
142120,0.1
142170,0.1
142220,0.1
142270,0.1
142290,0.1
142340,0.1
142390,0.1
142440,0.1
142490,0.1
142540,0.1
142560,0.1
142610,0.1
142660,0.1
142710,0.1
142760,0.1
142810,0.1
142830,0.1
142880,0.1
142930,0.1
142980,0.1
143030,0.1
143080,0.1
143100,0.1
143150,0.1
143200,0.1
143250,0.1
143300,0.1
143350,0.1
143370,0.1
143420,0.1
143470,0.1
143520,0.1
143570,0.1
143620,0.1
143640,0.1
143690,0.1
143740,0.1
143790,0.1
143840,0.1
143890,0.1
143910,0.1
143960,0.1
144010,0.1
144060,0.1
144110,0.1
144160,0.1
144180,0.1
144230,0.1
144280,0.1
144330,0.1
144380,0.1
144430,0.1
144450,0.1
144500,0.1
144550,0.1
144600,0.1
144650,0.1
144700,0.1
144720,0.1
144770,0.1
144820,0.1
144870,0.1
144920,0.1
144970,0.1
144990,0.1
145040,0.1
145090,0.1
145140,0.1
145190,0.1
145240,0.1
145260,0.1
145310,0.1
145360,0.1
145410,0.1
145460,0.1
145510,0.1
145530,0.1
145580,0.1
145630,0.1
145680,0.1
145730,0.1
145780,0.1
145800,0.1
145850,0.1
145900,0.1
145950,0.1
146000,0.1
146050,0.1
146070,0.1
146120,0.1
146170,0.1
146220,0.1
146270,0.1
146320,0.1
146340,0.1
146390,0.1
146440,0.1
146490,0.1
146540,0.1
146590,0.1
146610,0.1
146660,0.1
146710,0.1
146760,0.1
146810,0.1
146860,0.1
146880,0.1
146930,0.1
146980,0.1
147030,0.1
147080,0.1
147130,0.1
147150,0.1
147200,0.1
147250,0.1
147300,0.1
147350,0.1
147400,0.1
147420,0.1
147470,0.1
147520,0.1
147570,0.1
147620,0.1
147670,0.1
147690,0.1
147740,0.1
147790,0.1
147840,0.1
147890,0.1
147940,0.1
147960,0.1
148010,0.1
148060,0.1
148110,0.1
148160,0.1
148210,0.1
148230,0.1
148280,0.1
148330,0.1
148380,0.1
148430,0.1
148480,0.1
148500,0.1
148550,0.1
148600,0.1
148650,0.1
148700,0.1
148750,0.1
148770,0.1
148820,0.1
148870,0.1
148920,0.1
148970,0.1
149020,0.1
149040,0.1
149090,0.1
149140,0.1
149190,0.1
149240,0.1
149290,0.1
149310,0.1
149360,0.1
149410,0.1
149460,0.1
149510,0.1
149560,0.1
149580,0.1
149630,0.1
149680,0.1
149730,0.1
149780,0.1
149830,0.1
149850,0.1
149900,0.1
149950,0.1
150000,0.1
150050,0.1
150100,0.1
150120,0.1
150170,0.1
150220,0.1
150270,0.1
150320,0.1
150370,0.1
150390,0.1
150440,0.1
150490,0.1
150540,0.1
150590,0.1
150640,0.1
150660,0.1
150710,0.1
150760,0.1
150810,0.1
150860,0.1
150910,0.1
150930,0.1
150980,0.1
151030,0.1
151080,0.1
151130,0.1
151180,0.1
151200,0.1
151250,0.1
151300,0.1
151350,0.1
151400,0.1
151450,0.1
151470,0.1
151520,0.1
151570,0.1
151620,0.1
151670,0.1
151720,0.1
151740,0.1
151790,0.1
151840,0.1
151890,0.1
151940,0.1
151990,0.1
152010,0.1
152060,0.1
152110,0.1
152160,0.1
152210,0.1
152260,0.1
152280,0.1
152330,0.1
152380,0.1
152430,0.1
152480,0.1
152530,0.1
152550,0.1
152600,0.1
152650,0.1
152700,0.1
152750,0.1
152800,0.1
152820,0.1
152870,0.1
152920,0.1
152970,0.1
153020,0.1
153070,0.1
153090,0.1
153140,0.1
153190,0.1
153240,0.1
153290,0.1
153340,0.1
153360,0.1
153410,0.1
153460,0.1
153510,0.1
153560,0.1
153610,0.1
153630,0.1
153680,0.1
153730,0.1
153780,0.1
153830,0.1
153880,0.1
153900,0.1
153950,0.1
154000,0.1
154050,0.1
154100,0.1
154150,0.1
154170,0.1
154220,0.1
154270,0.1
154320,0.1
154370,0.1
154420,0.1
154440,0.1
154490,0.1
154540,0.1
154590,0.1
154640,0.1
154690,0.1
154710,0.1
154760,0.1
154810,0.1
154860,0.1
154910,0.1
154960,0.1
154980,0.1
155030,0.1
155080,0.1
155130,0.1
155180,0.1
155230,0.1
155250,0.1
155300,0.1
155350,0.1
155400,0.1
155450,0.1
155500,0.1
155520,0.1
155570,0.1
155620,0.1
155670,0.1
155720,0.1
155770,0.1
155790,0.1
155840,0.1
155890,0.1
155940,0.1
155990,0.1
156040,0.1
156060,0.1
156110,0.1
156160,0.1
156210,0.1
156260,0.1
156310,0.1
156330,0.1
156380,0.1
156430,0.1
156480,0.1
156530,0.1
156580,0.1
156600,0.1
156650,0.1
156700,0.1
156750,0.1
156800,0.1
156850,0.1
156870,0.1
156920,0.1
156970,0.1
157020,0.1
157070,0.1
157120,0.1
157140,0.1
157190,0.1
157240,0.1
157290,0.1
157340,0.1
157390,0.1
157410,0.1
157460,0.1
157510,0.1
157560,0.1
157610,0.1
157660,0.1
157680,0.1
157730,0.1
157780,0.1
157830,0.1
157880,0.1
157930,0.1
157950,0.1
158000,0.1
158050,0.1
158100,0.1
158150,0.1
158200,0.1
158220,0.1
158270,0.1
158320,0.1
158370,0.1
158420,0.1
158470,0.1
158490,0.1
158540,0.1
158590,0.1
158640,0.1
158690,0.1
158740,0.1
158760,0.1
158810,0.1
158860,0.1
158910,0.1
158960,0.1
159010,0.1
159030,0.1
159080,0.1
159130,0.1
159180,0.1
159230,0.1
159280,0.1
159300,0.1
159350,0.1
159400,0.1
159450,0.1
159500,0.1
159550,0.1
159570,0.1
159620,0.1
159670,0.1
159720,0.1
159770,0.1
159820,0.1
159840,0.1
159890,0.1
159940,0.1
159990,0.1
160040,0.1
160090,0.1
160110,0.1
160160,0.1
160210,0.1
160260,0.1
160310,0.1
160360,0.1
160380,0.1
160430,0.1
160480,0.1
160530,0.1
160580,0.1
160630,0.1
160650,0.1
160700,0.1
160750,0.1
160800,0.1
160850,0.1
160900,0.1
160920,0.1
160970,0.1
161020,0.1
161070,0.1
161120,0.1
161170,0.1
161190,0.1
161240,0.1
161290,0.1
161340,0.1
161390,0.1
161440,0.1
161460,0.1
161510,0.1
161560,0.1
161610,0.1
161660,0.1
161710,0.1
161730,0.1
161780,0.1
161830,0.1
161880,0.1
161930,0.1
161980,0.1
162000,0.1
162050,0.1
162100,0.1
162150,0.1
162200,0.1
162250,0.1
162270,0.1
162320,0.1
162370,0.1
162420,0.1
162470,0.1
162520,0.1
162540,0.1
162590,0.1
162640,0.1
162690,0.1
162740,0.1
162790,0.1
162810,0.1
162860,0.1
162910,0.1
162960,0.1
163010,0.1
163060,0.1
163080,0.1
163130,0.1
163180,0.1
163230,0.1
163280,0.1
163330,0.1
163350,0.1
163400,0.1
163450,0.1
163500,0.1
163550,0.1
163600,0.1
163620,0.1
163670,0.1
163720,0.1
163770,0.1
163820,0.1
163870,0.1
163890,0.1
163940,0.1
163990,0.1
164040,0.1
164090,0.1
164140,0.1
164160,0.1
164210,0.1
164260,0.1
164310,0.1
164360,0.1
164410,0.1
164430,0.1
164480,0.1
164530,0.1
164580,0.1
164630,0.1
164680,0.1
164700,0.1
164750,0.1
164800,0.1
164850,0.1
164900,0.1
164950,0.1
164970,0.1
165020,0.1
165070,0.1
165120,0.1
165170,0.1
165220,0.1
165240,0.1
165290,0.1
165340,0.1
165390,0.1
165440,0.1
165490,0.1
165510,0.1
165560,0.1
165610,0.1
165660,0.1
165710,0.1
165760,0.1
165780,0.1
165830,0.1
165880,0.1
165930,0.1
165980,0.1
166030,0.1
166050,0.1
166100,0.1
166150,0.1
166200,0.1
166250,0.1
166300,0.1
166320,0.1
166370,0.1
166420,0.1
166470,0.1
166520,0.1
166570,0.1
166590,0.1
166640,0.1
166690,0.1
166740,0.1
166790,0.1
166840,0.1
166860,0.1
166910,0.1
166960,0.1
167010,0.1
167060,0.1
167110,0.1
167130,0.1
167180,0.1
167230,0.1
167280,0.1
167330,0.1
167380,0.1
167400,0.1
167450,0.1
167500,0.1
167550,0.1
167600,0.1
167650,0.1
167670,0.1
167720,0.1
167770,0.1
167820,0.1
167870,0.1
167920,0.1
167940,0.1
167990,0.1
168040,0.1
168090,0.1
168140,0.1
168190,0.1
168210,0.1
168260,0.1
168310,0.1
168360,0.1
168410,0.1
168460,0.1
168480,0.1
168530,0.1
168580,0.1
168630,0.1
168680,0.1
168730,0.1
168750,0.1
168800,0.1
168850,0.1
168900,0.1
168950,0.1
169000,0.1
169020,0.1
169070,0.1
169120,0.1
169170,0.1
169220,0.1
169270,0.1
169290,0.1
169340,0.1
169390,0.1
169440,0.1
169490,0.1
169540,0.1
169560,0.1
169610,0.1
169660,0.1
169710,0.1
169760,0.1
169810,0.1
169830,0.1
169880,0.1
169930,0.1
169980,0.1
170030,0.1
170080,0.1
170100,0.1
170150,0.1
170200,0.1
170250,0.1
170300,0.1
170350,0.1
170370,0.1
170420,0.1
170470,0.1
170520,0.1
170570,0.1
170620,0.1
170640,0.1
170690,0.1
170740,0.1
170790,0.1
170840,0.1
170890,0.1
170910,0.1
170960,0.1
171010,0.1
171060,0.1
171110,0.1
171160,0.1
171180,0.1
171230,0.1
171280,0.1
171330,0.1
171380,0.1
171430,0.1
171450,0.1
171500,0.1
171550,0.1
171600,0.1
171650,0.1
171700,0.1
171720,0.1
171770,0.1
171820,0.1
171870,0.1
171920,0.1
171970,0.1
171990,0.1
172040,0.1
172090,0.1
172140,0.1
172190,0.1
172240,0.1
172260,0.1
172310,0.1
172360,0.1
172410,0.1
172460,0.1
172510,0.1
172530,0.1
172580,0.1
172630,0.1
172680,0.1
172730,0.1
172780,0.1
172800,0.1
172850,0.1
172900,0.1
172950,0.1
173000,0.1
173050,0.1
173070,0.1
173120,0.1
173170,0.1
173220,0.1
173270,0.1
173320,0.1
173340,0.1
173390,0.1
173440,0.1
173490,0.1
173540,0.1
173590,0.1
173610,0.1
173660,0.1
173710,0.1
173760,0.1
173810,0.1
173860,0.1
173880,0.1
173930,0.1
173980,0.1
174030,0.1
174080,0.1
174130,0.1
174150,0.1
174200,0.1
174250,0.1
174300,0.1
174350,0.1
174400,0.1
174420,0.1
174470,0.1
174520,0.1
174570,0.1
174620,0.1
174670,0.1
174690,0.1
174740,0.1
174790,0.1
174840,0.1
174890,0.1
174940,0.1
174960,0.1
175010,0.1
175060,0.1
175110,0.1
175160,0.1
175210,0.1
175230,0.1
175280,0.1
175330,0.1
175380,0.1
175430,0.1
175480,0.1
175500,0.1
175550,0.1
175600,0.1
175650,0.1
175700,0.1
175750,0.1
175770,0.1
175820,0.1
175870,0.1
175920,0.1
175970,0.1
176020,0.1
176040,0.1
176090,0.1
176140,0.1
176190,0.1
176240,0.1
176290,0.1
176310,0.1
176360,0.1
176410,0.1
176460,0.1
176510,0.1
176560,0.1
176580,0.1
176630,0.1
176680,0.1
176730,0.1
176780,0.1
176830,0.1
176850,0.1
176900,0.1
176950,0.1
177000,0.1
177050,0.1
177100,0.1
177120,0.1
177170,0.1
177220,0.1
177270,0.1
177320,0.1
177370,0.1
177390,0.1
177440,0.1
177490,0.1
177540,0.1
177590,0.1
177640,0.1
177660,0.1
177710,0.1
177760,0.1
177810,0.1
177860,0.1
177910,0.1
177930,0.1
177980,0.1
178030,0.1
178080,0.1
178130,0.1
178180,0.1
178200,0.1
178250,0.1
178300,0.1
178350,0.1
178400,0.1
178450,0.1
178470,0.1
178520,0.1
178570,0.1
178620,0.1
178670,0.1
178720,0.1
178740,0.1
178790,0.1
178840,0.1
178890,0.1
178940,0.1
178990,0.1
179010,0.1
179060,0.1
179110,0.1
179160,0.1
179210,0.1
179260,0.1
179280,0.1
179330,0.1
179380,0.1
179430,0.1
179480,0.1
179530,0.1
179550,0.1
179600,0.1
179650,0.1
179700,0.1
179750,0.1
179800,0.1
179820,0.1
179870,0.1
179920,0.1
179970,0.1
180020,0.1
180070,0.1
180090,0.1
180140,0.1
180190,0.1
180240,0.1
180290,0.1
180340,0.1
180360,0.1
180410,0.1
180460,0.1
180510,0.1
180560,0.1
180610,0.1
180630,0.1
180680,0.1
180730,0.1
180780,0.1
180830,0.1
180880,0.1
180900,0.1
180950,0.1
181000,0.1
181050,0.1
181100,0.1
181150,0.1
181170,0.1
181220,0.1
181270,0.1
181320,0.1
181370,0.1
181420,0.1
181440,0.1
181490,0.1
181540,0.1
181590,0.1
181640,0.1
181690,0.1
181710,0.1
181760,0.1
181810,0.1
181860,0.1
181910,0.1
181960,0.1
181980,0.1
182030,0.1
182080,0.1
182130,0.1
182180,0.1
182230,0.1
182250,0.1
182300,0.1
182350,0.1
182400,0.1
182450,0.1
182500,0.1
182520,0.1
182570,0.1
182620,0.1
182670,0.1
182720,0.1
182770,0.1
182790,0.1
182840,0.1
182890,0.1
182940,0.1
182990,0.1
183040,0.1
183060,0.1
183110,0.1
183160,0.1
183210,0.1
183260,0.1
183310,0.1
183330,0.1
183380,0.1
183430,0.1
183480,0.1
183530,0.1
183580,0.1
183600,0.1
183650,0.1
183700,0.1
183750,0.1
183800,0.1
183850,0.1
183870,0.1
183920,0.1
183970,0.1
184020,0.1
184070,0.1
184120,0.1
184140,0.1
184190,0.1
184240,0.1
184290,0.1
184340,0.1
184390,0.1
184410,0.1
184460,0.1
184510,0.1
184560,0.1
184610,0.1
184660,0.1
184680,0.1
184730,0.1
184780,0.1
184830,0.1
184880,0.1
184930,0.1
184950,0.1
185000,0.1
185050,0.1
185100,0.1
185150,0.1
185200,0.1
185220,0.1
185270,0.1
185320,0.1
185370,0.1
185420,0.1
185470,0.1
185490,0.1
185540,0.1
185590,0.1
185640,0.1
185690,0.1
185740,0.1
185760,0.1
185810,0.1
185860,0.1
185910,0.1
185960,0.1
186010,0.1
186030,0.1
186080,0.1
186130,0.1
186180,0.1
186230,0.1
186280,0.1
186300,0.1
186350,0.1
186400,0.1
186450,0.1
186500,0.1
186550,0.1
186570,0.1
186620,0.1
186670,0.1
186720,0.1
186770,0.1
186820,0.1
186840,0.1
186890,0.1
186940,0.1
186990,0.1
187040,0.1
187090,0.1
187110,0.1
187160,0.1
187210,0.1
187260,0.1
187310,0.1
187360,0.1
187380,0.1
187430,0.1
187480,0.1
187530,0.1
187580,0.1
187630,0.1
187650,0.1
187700,0.1
187750,0.1
187800,0.1
187850,0.1
187900,0.1
187920,0.1
187970,0.1
188020,0.1
188070,0.1
188120,0.1
188170,0.1
188190,0.1
188240,0.1
188290,0.1
188340,0.1
188390,0.1
188440,0.1
188460,0.1
188510,0.1
188560,0.1
188610,0.1
188660,0.1
188710,0.1
188730,0.1
188780,0.1
188830,0.1
188880,0.1
188930,0.1
188980,0.1
189000,0.1
189050,0.1
189100,0.1
189150,0.1
189200,0.1
189250,0.1
189270,0.1
189320,0.1
189370,0.1
189420,0.1
189470,0.1
189520,0.1
189540,0.1
189590,0.1
189640,0.1
189690,0.1
189740,0.1
189790,0.1
189810,0.1
189860,0.1
189910,0.1
189960,0.1
190010,0.1
190060,0.1
190080,0.1
190130,0.1
190180,0.1
190230,0.1
190280,0.1
190330,0.1
190350,0.1
190400,0.1
190450,0.1
190500,0.1
190550,0.1
190600,0.1
190620,0.1
190670,0.1
190720,0.1
190770,0.1
190820,0.1
190870,0.1
190890,0.1
190940,0.1
190990,0.1
191040,0.1
191090,0.1
191140,0.1
191160,0.1
191210,0.1
191260,0.1
191310,0.1
191360,0.1
191410,0.1
191430,0.1
191480,0.1
191530,0.1
191580,0.1
191630,0.1
191680,0.1
191700,0.1
191750,0.1
191800,0.1
191850,0.1
191900,0.1
191950,0.1
191970,0.1
192020,0.1
192070,0.1
192120,0.1
192170,0.1
192220,0.1
192240,0.1
192290,0.1
192340,0.1
192390,0.1
192440,0.1
192490,0.1
192510,0.1
192560,0.1
192610,0.1
192660,0.1
192710,0.1
192760,0.1
192780,0.1
192830,0.1
192880,0.1
192930,0.1
192980,0.1
193030,0.1
193050,0.1
193100,0.1
193150,0.1
193200,0.1
193250,0.1
193300,0.1
193320,0.1
193370,0.1
193420,0.1
193470,0.1
193520,0.1
193570,0.1
193590,0.1
193640,0.1
193690,0.1
193740,0.1
193790,0.1
193840,0.1
193860,0.1
193910,0.1
193960,0.1
194010,0.1
194060,0.1
194110,0.1
194130,0.1
194180,0.1
194230,0.1
194280,0.1
194330,0.1
194380,0.1
194400,0.1
194450,0.1
194500,0.1
194550,0.1
194600,0.1
194650,0.1
194670,0.1
194720,0.1
194770,0.1
194820,0.1
194870,0.1
194920,0.1
194940,0.1
194990,0.1
195040,0.1
195090,0.1
195140,0.1
195190,0.1
195210,0.1
195260,0.1
195310,0.1
195360,0.1
195410,0.1
195460,0.1
195480,0.1
195530,0.1
195580,0.1
195630,0.1
195680,0.1
195730,0.1
195750,0.1
195800,0.1
195850,0.1
195900,0.1
195950,0.1
196000,0.1
196020,0.1
196070,0.1
196120,0.1
196170,0.1
196220,0.1
196270,0.1
196290,0.1
196340,0.1
196390,0.1
196440,0.1
196490,0.1
196540,0.1
196560,0.1
196610,0.1
196660,0.1
196710,0.1
196760,0.1
196810,0.1
196830,0.1
196880,0.1
196930,0.1
196980,0.1
197030,0.1
197080,0.1
197100,0.1
197150,0.1
197200,0.1
197250,0.1
197300,0.1
197350,0.1
197370,0.1
197420,0.1
197470,0.1
197520,0.1
197570,0.1
197620,0.1
197640,0.1
197690,0.1
197740,0.1
197790,0.1
197840,0.1
197890,0.1
197910,0.1
197960,0.1
198010,0.1
198060,0.1
198110,0.1
198160,0.1
198180,0.1
198230,0.1
198280,0.1
198330,0.1
198380,0.1
198430,0.1
198450,0.1
198500,0.1
198550,0.1
198600,0.1
198650,0.1
198700,0.1
198720,0.1
198770,0.1
198820,0.1
198870,0.1
198920,0.1
198970,0.1
198990,0.1
199040,0.1
199090,0.1
199140,0.1
199190,0.1
199240,0.1
199260,0.1
199310,0.1
199360,0.1
199410,0.1
199460,0.1
199510,0.1
199530,0.1
199580,0.1
199630,0.1
199680,0.1
199730,0.1
199780,0.1
199800,0.1
199850,0.1
199900,0.1
199950,0.1
200000,0.1
200050,0.1
200070,0.1
200120,0.1
200170,0.1
200220,0.1
200270,0.1
200320,0.1
200340,0.1
200390,0.1
200440,0.1
200490,0.1
200540,0.1
200590,0.1
200610,0.1
200660,0.1
200710,0.1
200760,0.1
200810,0.1
200860,0.1
200880,0.1
200930,0.1
200980,0.1
201030,0.1
201080,0.1
201130,0.1
201150,0.1
201200,0.1
201250,0.1
201300,0.1
201350,0.1
201400,0.1
201420,0.1
201470,0.1
201520,0.1
201570,0.1
201620,0.1
201670,0.1
201690,0.1
201740,0.1
201790,0.1
201840,0.1
201890,0.1
201940,0.1
201960,0.1
202010,0.1
202060,0.1
202110,0.1
202160,0.1
202210,0.1
202230,0.1
202280,0.1
202330,0.1
202380,0.1
202430,0.1
202480,0.1
202500,0.1
202550,0.1
202600,0.1
202650,0.1
202700,0.1
202750,0.1
202770,0.1
202820,0.1
202870,0.1
202920,0.1
202970,0.1
203020,0.1
203040,0.1
203090,0.1
203140,0.1
203190,0.1
203240,0.1
203290,0.1
203310,0.1
203360,0.1
203410,0.1
203460,0.1
203510,0.1
203560,0.1
203580,0.1
203630,0.1
203680,0.1
203730,0.1
203780,0.1
203830,0.1
203850,0.1
203900,0.1
203950,0.1
204000,0.1
204050,0.1
204100,0.1
204120,0.1
204170,0.1
204220,0.1
204270,0.1
204320,0.1
204370,0.1
204390,0.1
204440,0.1
204490,0.1
204540,0.1
204590,0.1
204640,0.1
204660,0.1
204710,0.1
204760,0.1
204810,0.1
204860,0.1
204910,0.1
204930,0.1
204980,0.1
205030,0.1
205080,0.1
205130,0.1
205180,0.1
205200,0.1
205250,0.1
205300,0.1
205350,0.1
205400,0.1
205450,0.1
205470,0.1
205520,0.1
205570,0.1
205620,0.1
205670,0.1
205720,0.1
205740,0.1
205790,0.1
205840,0.1
205890,0.1
205940,0.1
205990,0.1
206010,0.1
206060,0.1
206110,0.1
206160,0.1
206210,0.1
206260,0.1
206280,0.1
206330,0.1
206380,0.1
206430,0.1
206480,0.1
206530,0.1
206550,0.1
206600,0.1
206650,0.1
206700,0.1
206750,0.1
206800,0.1
206820,0.1
206870,0.1
206920,0.1
206970,0.1
207020,0.1
207070,0.1
207090,0.1
207140,0.1
207190,0.1
207240,0.1
207290,0.1
207340,0.1
207360,0.1
207410,0.1
207460,0.1
207510,0.1
207560,0.1
207610,0.1
207630,0.1
207680,0.1
207730,0.1
207780,0.1
207830,0.1
207880,0.1
207900,0.1
207950,0.1
208000,0.1
208050,0.1
208100,0.1
208150,0.1
208170,0.1
208220,0.1
208270,0.1
208320,0.1
208370,0.1
208420,0.1
208440,0.1
208490,0.1
208540,0.1
208590,0.1
208640,0.1
208690,0.1
208710,0.1
208760,0.1
208810,0.1
208860,0.1
208910,0.1
208960,0.1
208980,0.1
209030,0.1
209080,0.1
209130,0.1
209180,0.1
209230,0.1
209250,0.1
209300,0.1
209350,0.1
209400,0.1
209450,0.1
209500,0.1
209520,0.1
209570,0.1
209620,0.1
209670,0.1
209720,0.1
209770,0.1
209790,0.1
209840,0.1
209890,0.1
209940,0.1
209990,0.1
210040,0.1
210060,0.1
210110,0.1
210160,0.1
210210,0.1
210260,0.1
210310,0.1
210330,0.1
210380,0.1
210430,0.1
210480,0.1
210530,0.1
210580,0.1
210600,0.1
210650,0.1
210700,0.1
210750,0.1
210800,0.1
210850,0.1
210870,0.1
210920,0.1
210970,0.1
211020,0.1
211070,0.1
211120,0.1
211140,0.1
211190,0.1
211240,0.1
211290,0.1
211340,0.1
211390,0.1
211410,0.1
211460,0.1
211510,0.1
211560,0.1
211610,0.1
211660,0.1
211680,0.1
211730,0.1
211780,0.1
211830,0.1
211880,0.1
211930,0.1
211950,0.1
212000,0.1
212050,0.1
212100,0.1
212150,0.1
212200,0.1
212220,0.1
212270,0.1
212320,0.1
212370,0.1
212420,0.1
212470,0.1
212490,0.1
212540,0.1
212590,0.1
212640,0.1
212690,0.1
212740,0.1
212760,0.1
212810,0.1
212860,0.1
212910,0.1
212960,0.1
213010,0.1
213030,0.1
213080,0.1
213130,0.1
213180,0.1
213230,0.1
213280,0.1
213300,0.1
213350,0.1
213400,0.1
213450,0.1
213500,0.1
213550,0.1
213570,0.1
213620,0.1
213670,0.1
213720,0.1
213770,0.1
213820,0.1
213840,0.1
213890,0.1
213940,0.1
213990,0.1
214040,0.1
214090,0.1
214110,0.1
214160,0.1
214210,0.1
214260,0.1
214310,0.1
214360,0.1
214380,0.1
214430,0.1
214480,0.1
214530,0.1
214580,0.1
214630,0.1
214650,0.1
214700,0.1
214750,0.1
214800,0.1
214850,0.1
214900,0.1
214920,0.1
214970,0.1
215020,0.1
215070,0.1
215120,0.1
215170,0.1
215190,0.1
215240,0.1
215290,0.1
215340,0.1
215390,0.1
215440,0.1
215460,0.1
215510,0.1
215560,0.1
215610,0.1
215660,0.1
215710,0.1
215730,0.1
215780,0.1
215830,0.1
215880,0.1
215930,0.1
215980,0.1
216000,0.1
216050,0.1
216100,0.1
216150,0.1
216200,0.1
216250,0.1
216270,0.1
216320,0.1
216370,0.1
216420,0.1
216470,0.1
216520,0.1
216540,0.1
216590,0.1
216640,0.1
216690,0.1
216740,0.1
216790,0.1
216810,0.1
216860,0.1
216910,0.1
216960,0.1
217010,0.1
217060,0.1
217080,0.1
217130,0.1
217180,0.1
217230,0.1
217280,0.1
217330,0.1
217350,0.1
217400,0.1
217450,0.1
217500,0.1
217550,0.1
217600,0.1
217620,0.1
217670,0.1
217720,0.1
217770,0.1
217820,0.1
217870,0.1
217890,0.1
217940,0.1
217990,0.1
218040,0.1
218090,0.1
218140,0.1
218160,0.1
218210,0.1
218260,0.1
218310,0.1
218360,0.1
218410,0.1
218430,0.1
218480,0.1
218530,0.1
218580,0.1
218630,0.1
218680,0.1
218700,0.1
218750,0.1
218800,0.1
218850,0.1
218900,0.1
218950,0.1
218970,0.1
219020,0.1
219070,0.1
219120,0.1
219170,0.1
219220,0.1
219240,0.1
219290,0.1
219340,0.1
219390,0.1
219440,0.1
219490,0.1
219510,0.1
219560,0.1
219610,0.1
219660,0.1
219710,0.1
219760,0.1
219780,0.1
219830,0.1
219880,0.1
219930,0.1
219980,0.1
220030,0.1
220050,0.1
220100,0.1
220150,0.1
220200,0.1
220250,0.1
220300,0.1
220320,0.1
220370,0.1
220420,0.1
220470,0.1
220520,0.1
220570,0.1
220590,0.1
220640,0.1
220690,0.1
220740,0.1
220790,0.1
220840,0.1
220860,0.1
220910,0.1
220960,0.1
221010,0.1
221060,0.1
221110,0.1
221130,0.1
221180,0.1
221230,0.1
221280,0.1
221330,0.1
221380,0.1
221400,0.1
221450,0.1
221500,0.1
221550,0.1
221600,0.1
221650,0.1
221670,0.1
221720,0.1
221770,0.1
221820,0.1
221870,0.1
221920,0.1
221940,0.1
221990,0.1
222040,0.1
222090,0.1
222140,0.1
222190,0.1
222210,0.1
222260,0.1
222310,0.1
222360,0.1
222410,0.1
222460,0.1
222480,0.1
222530,0.1
222580,0.1
222630,0.1
222680,0.1
222730,0.1
222750,0.1
222800,0.1
222850,0.1
222900,0.1
222950,0.1
223000,0.1
223020,0.1
223070,0.1
223120,0.1
223170,0.1
223220,0.1
223270,0.1
223290,0.1
223340,0.1
223390,0.1
223440,0.1
223490,0.1
223540,0.1
223560,0.1
223610,0.1
223660,0.1
223710,0.1
223760,0.1
223810,0.1
223830,0.1
223880,0.1
223930,0.1
223980,0.1
224030,0.1
224080,0.1
224100,0.1
224150,0.1
224200,0.1
224250,0.1
224300,0.1
224350,0.1
224370,0.1
224420,0.1
224470,0.1
224520,0.1
224570,0.1
224620,0.1
224640,0.1
224690,0.1
224740,0.1
224790,0.1
224840,0.1
224890,0.1
224910,0.1
224960,0.1
225010,0.1
225060,0.1
225110,0.1
225160,0.1
225180,0.1
225230,0.1
225280,0.1
225330,0.1
225380,0.1
225430,0.1
225450,0.1
225500,0.1
225550,0.1
225600,0.1
225650,0.1
225700,0.1
225720,0.1
225770,0.1
225820,0.1
225870,0.1
225920,0.1
225970,0.1
225990,0.1
226040,0.1
226090,0.1
226140,0.1
226190,0.1
226240,0.1
226260,0.1
226310,0.1
226360,0.1
226410,0.1
226460,0.1
226510,0.1
226530,0.1
226580,0.1
226630,0.1
226680,0.1
226730,0.1
226780,0.1
226800,0.1
226850,0.1
226900,0.1
226950,0.1
227000,0.1
227050,0.1
227070,0.1
227120,0.1
227170,0.1
227220,0.1
227270,0.1
227320,0.1
227340,0.1
227390,0.1
227440,0.1
227490,0.1
227540,0.1
227590,0.1
227610,0.1
227660,0.1
227710,0.1
227760,0.1
227810,0.1
227860,0.1
227880,0.1
227930,0.1
227980,0.1
228030,0.1
228080,0.1
228130,0.1
228150,0.1
228200,0.1
228250,0.1
228300,0.1
228350,0.1
228400,0.1
228420,0.1
228470,0.1
228520,0.1
228570,0.1
228620,0.1
228670,0.1
228690,0.1
228740,0.1
228790,0.1
228840,0.1
228890,0.1
228940,0.1
228960,0.1
229010,0.1
229060,0.1
229110,0.1
229160,0.1
229210,0.1
229230,0.1
229280,0.1
229330,0.1
229380,0.1
229430,0.1
229480,0.1
229500,0.1
229550,0.1
229600,0.1
229650,0.1
229700,0.1
229750,0.1
229770,0.1
229820,0.1
229870,0.1
229920,0.1
229970,0.1
230020,0.1
230040,0.1
230090,0.1
230140,0.1
230190,0.1
230240,0.1
230290,0.1
230310,0.1
230360,0.1
230410,0.1
230460,0.1
230510,0.1
230560,0.1
230580,0.1
230630,0.1
230680,0.1
230730,0.1
230780,0.1
230830,0.1
230850,0.1
230900,0.1
230950,0.1
231000,0.1
231050,0.1
231100,0.1
231120,0.1
231170,0.1
231220,0.1
231270,0.1
231320,0.1
231370,0.1
231390,0.1
231440,0.1
231490,0.1
231540,0.1
231590,0.1
231640,0.1
231660,0.1
231710,0.1
231760,0.1
231810,0.1
231860,0.1
231910,0.1
231930,0.1
231980,0.1
232030,0.1
232080,0.1
232130,0.1
232180,0.1
232200,0.1
232250,0.1
232300,0.1
232350,0.1
232400,0.1
232450,0.1
232470,0.1
232520,0.1
232570,0.1
232620,0.1
232670,0.1
232720,0.1
232740,0.1
232790,0.1
232840,0.1
232890,0.1
232940,0.1
232990,0.1
233010,0.1
233060,0.1
233110,0.1
233160,0.1
233210,0.1
233260,0.1
233280,0.1
233330,0.1
233380,0.1
233430,0.1
233480,0.1
233530,0.1
233550,0.1
233600,0.1
233650,0.1
233700,0.1
233750,0.1
233800,0.1
233820,0.1
233870,0.1
233920,0.1
233970,0.1
234020,0.1
234070,0.1
234090,0.1
234140,0.1
234190,0.1
234240,0.1
234290,0.1
234340,0.1
234360,0.1
234410,0.1
234460,0.1
234510,0.1
234560,0.1
234610,0.1
234630,0.1
234680,0.1
234730,0.1
234780,0.1
234830,0.1
234880,0.1
234900,0.1
234950,0.1
235000,0.1
235050,0.1
235100,0.1
235150,0.1
235170,0.1
235220,0.1
235270,0.1
235320,0.1
235370,0.1
235420,0.1
235440,0.1
235490,0.1
235540,0.1
235590,0.1
235640,0.1
235690,0.1
235710,0.1
235760,0.1
235810,0.1
235860,0.1
235910,0.1
235960,0.1
235980,0.1
236030,0.1
236080,0.1
236130,0.1
236180,0.1
236230,0.1
236250,0.1
236300,0.1
236350,0.1
236400,0.1
236450,0.1
236500,0.1
236520,0.1
236570,0.1
236620,0.1
236670,0.1
236720,0.1
236770,0.1
236790,0.1
236840,0.1
236890,0.1
236940,0.1
236990,0.1
237040,0.1
237060,0.1
237110,0.1
237160,0.1
237210,0.1
237260,0.1
237310,0.1
237330,0.1
237380,0.1
237430,0.1
237480,0.1
237530,0.1
237580,0.1
237600,0.1
237650,0.1
237700,0.1
237750,0.1
237800,0.1
237850,0.1
237870,0.1
237920,0.1
237970,0.1
238020,0.1
238070,0.1
238120,0.1
238140,0.1
238190,0.1
238240,0.1
238290,0.1
238340,0.1
238390,0.1
238410,0.1
238460,0.1
238510,0.1
238560,0.1
238610,0.1
238660,0.1
238680,0.1
238730,0.1
238780,0.1
238830,0.1
238880,0.1
238930,0.1
238950,0.1
239000,0.1
239050,0.1
239100,0.1
239150,0.1
239200,0.1
239220,0.1
239270,0.1
239320,0.1
239370,0.1
239420,0.1
239470,0.1
239490,0.1
239540,0.1
239590,0.1
239640,0.1
239690,0.1
239740,0.1
239760,0.1
239810,0.1
239860,0.1
239910,0.1
239960,0.1
240010,0.1
240030,0.1
240080,0.1
240130,0.1
240180,0.1
240230,0.1
240280,0.1
240300,0.1
240350,0.1
240400,0.1
240450,0.1
240500,0.1
240550,0.1
240570,0.1
240620,0.1
240670,0.1
240720,0.1
240770,0.1
240820,0.1
240840,0.1
240890,0.1
240940,0.1
240990,0.1
241040,0.1
241090,0.1
241110,0.1
241160,0.1
241210,0.1
241260,0.1
241310,0.1
241360,0.1
241380,0.1
241430,0.1
241480,0.1
241530,0.1
241580,0.1
241630,0.1
241650,0.1
241700,0.1
241750,0.1
241800,0.1
241850,0.1
241900,0.1
241920,0.1
241970,0.1
242020,0.1
242070,0.1
242120,0.1
242170,0.1
242190,0.1
242240,0.1
242290,0.1
242340,0.1
242390,0.1
242440,0.1
242460,0.1
242510,0.1
242560,0.1
242610,0.1
242660,0.1
242710,0.1
242730,0.1
242780,0.1
242830,0.1
242880,0.1
242930,0.1
242980,0.1
243000,0.1
243050,0.1
243100,0.1
243150,0.1
243200,0.1
243250,0.1
243270,0.1
243320,0.1
243370,0.1
243420,0.1
243470,0.1
243520,0.1
243540,0.1
243590,0.1
243640,0.1
243690,0.1
243740,0.1
243790,0.1
243810,0.1
243860,0.1
243910,0.1
243960,0.1
244010,0.1
244060,0.1
244080,0.1
244130,0.1
244180,0.1
244230,0.1
244280,0.1
244330,0.1
244350,0.1
244400,0.1
244450,0.1
244500,0.1
244550,0.1
244600,0.1
244620,0.1
244670,0.1
244720,0.1
244770,0.1
244820,0.1
244870,0.1
244890,0.1
244940,0.1
244990,0.1
245040,0.1
245090,0.1
245140,0.1
245160,0.1
245210,0.1
245260,0.1
245310,0.1
245360,0.1
245410,0.1
245430,0.1
245480,0.1
245530,0.1
245580,0.1
245630,0.1
245680,0.1
245700,0.1
245750,0.1
245800,0.1
245850,0.1
245900,0.1
245950,0.1
245970,0.1
246020,0.1
246070,0.1
246120,0.1
246170,0.1
246220,0.1
246240,0.1
246290,0.1
246340,0.1
246390,0.1
246440,0.1
246490,0.1
246510,0.1
246560,0.1
246610,0.1
246660,0.1
246710,0.1
246760,0.1
246780,0.1
246830,0.1
246880,0.1
246930,0.1
246980,0.1
247030,0.1
247050,0.1
247100,0.1
247150,0.1
247200,0.1
247250,0.1
247300,0.1
247320,0.1
247370,0.1
247420,0.1
247470,0.1
247520,0.1
247570,0.1
247590,0.1
247640,0.1
247690,0.1
247740,0.1
247790,0.1
247840,0.1
247860,0.1
247910,0.1
247960,0.1
248010,0.1
248060,0.1
248110,0.1
248130,0.1
248180,0.1
248230,0.1
248280,0.1
248330,0.1
248380,0.1
248400,0.1
248450,0.1
248500,0.1
248550,0.1
248600,0.1
248650,0.1
248670,0.1
248720,0.1
248770,0.1
248820,0.1
248870,0.1
248920,0.1
248940,0.1
248990,0.1
249040,0.1
249090,0.1
249140,0.1
249190,0.1
249210,0.1
249260,0.1
249310,0.1
249360,0.1
249410,0.1
249460,0.1
249480,0.1
249530,0.1
249580,0.1
249630,0.1
249680,0.1
249730,0.1
249750,0.1
249800,0.1
249850,0.1
249900,0.1
249950,0.1
250000,0.1
250020,0.1
250070,0.1
250120,0.1
250170,0.1
250220,0.1
250270,0.1
250290,0.1
250340,0.1
250390,0.1
250440,0.1
250490,0.1
250540,0.1
250560,0.1
250610,0.1
250660,0.1
250710,0.1
250760,0.1
250810,0.1
250830,0.1
250880,0.1
250930,0.1
250980,0.1
251030,0.1
251080,0.1
251100,0.1
251150,0.1
251200,0.1
251250,0.1
251300,0.1
251350,0.1
251370,0.1
251420,0.1
251470,0.1
251520,0.1
251570,0.1
251620,0.1
251640,0.1
251690,0.1
251740,0.1
251790,0.1
251840,0.1
251890,0.1
251910,0.1
251960,0.1
252010,0.1
252060,0.1
252110,0.1
252160,0.1
252180,0.1
252230,0.1
252280,0.1
252330,0.1
252380,0.1
252430,0.1
252450,0.1
252500,0.1
252550,0.1
252600,0.1
252650,0.1
252700,0.1
252720,0.1
252770,0.1
252820,0.1
252870,0.1
252920,0.1
252970,0.1
252990,0.1
253040,0.1
253090,0.1
253140,0.1
253190,0.1
253240,0.1
253260,0.1
253310,0.1
253360,0.1
253410,0.1
253460,0.1
253510,0.1
253530,0.1
253580,0.1
253630,0.1
253680,0.1
253730,0.1
253780,0.1
253800,0.1
253850,0.1
253900,0.1
253950,0.1
254000,0.1
254050,0.1
254070,0.1
254120,0.1
254170,0.1
254220,0.1
254270,0.1
254320,0.1
254340,0.1
254390,0.1
254440,0.1
254490,0.1
254540,0.1
254590,0.1
254610,0.1
254660,0.1
254710,0.1
254760,0.1
254810,0.1
254860,0.1
254880,0.1
254930,0.1
254980,0.1
255030,0.1
255080,0.1
255130,0.1
255150,0.1
255200,0.1
255250,0.1
255300,0.1
255350,0.1
255400,0.1
255420,0.1
255470,0.1
255520,0.1
255570,0.1
255620,0.1
255670,0.1
255690,0.1
255740,0.1
255790,0.1
255840,0.1
255890,0.1
255940,0.1
255960,0.1
256010,0.1
256060,0.1
256110,0.1
256160,0.1
256210,0.1
256230,0.1
256280,0.1
256330,0.1
256380,0.1
256430,0.1
256480,0.1
256500,0.1
256550,0.1
256600,0.1
256650,0.1
256700,0.1
256750,0.1
256770,0.1
256820,0.1
256870,0.1
256920,0.1
256970,0.1
257020,0.1
257040,0.1
257090,0.1
257140,0.1
257190,0.1
257240,0.1
257290,0.1
257310,0.1
257360,0.1
257410,0.1
257460,0.1
257510,0.1
257560,0.1
257580,0.1
257630,0.1
257680,0.1
257730,0.1
257780,0.1
257830,0.1
257850,0.1
257900,0.1
257950,0.1
258000,0.1
258050,0.1
258100,0.1
258120,0.1
258170,0.1
258220,0.1
258270,0.1
258320,0.1
258370,0.1
258390,0.1
258440,0.1
258490,0.1
258540,0.1
258590,0.1
258640,0.1
258660,0.1
258710,0.1
258760,0.1
258810,0.1
258860,0.1
258910,0.1
258930,0.1
258980,0.1
259030,0.1
259080,0.1
259130,0.1
259180,0.1
259200,0.1
259250,0.1
259300,0.1
259350,0.1
259400,0.1
259450,0.1
259470,0.1
259520,0.1
259570,0.1
259620,0.1
259670,0.1
259720,0.1
259740,0.1
259790,0.1
259840,0.1
259890,0.1
259940,0.1
259990,0.1
260010,0.1
260060,0.1
260110,0.1
260160,0.1
260210,0.1
260260,0.1
260280,0.1
260330,0.1
260380,0.1
260430,0.1
260480,0.1
260530,0.1
260550,0.1
260600,0.1
260650,0.1
260700,0.1
260750,0.1
260800,0.1
260820,0.1
260870,0.1
260920,0.1
260970,0.1
261020,0.1
261070,0.1
261090,0.1
261140,0.1
261190,0.1
261240,0.1
261290,0.1
261340,0.1
261360,0.1
261410,0.1
261460,0.1
261510,0.1
261560,0.1
261610,0.1
261630,0.1
261680,0.1
261730,0.1
261780,0.1
261830,0.1
261880,0.1
261900,0.1
261950,0.1
262000,0.1
262050,0.1
262100,0.1
262150,0.1
262170,0.1
262220,0.1
262270,0.1
262320,0.1
262370,0.1
262420,0.1
262440,0.1
262490,0.1
262540,0.1
262590,0.1
262640,0.1
262690,0.1
262710,0.1
262760,0.1
262810,0.1
262860,0.1
262910,0.1
262960,0.1
262980,0.1
263030,0.1
263080,0.1
263130,0.1
263180,0.1
263230,0.1
263250,0.1
263300,0.1
263350,0.1
263400,0.1
263450,0.1
263500,0.1
263520,0.1
263570,0.1
263620,0.1
263670,0.1
263720,0.1
263770,0.1
263790,0.1
263840,0.1
263890,0.1
263940,0.1
263990,0.1
264040,0.1
264060,0.1
264110,0.1
264160,0.1
264210,0.1
264260,0.1
264310,0.1
264330,0.1
264380,0.1
264430,0.1
264480,0.1
264530,0.1
264580,0.1
264600,0.1
264650,0.1
264700,0.1
264750,0.1
264800,0.1
264850,0.1
264870,0.1
264920,0.1
264970,0.1
265020,0.1
265070,0.1
265120,0.1
265140,0.1
265190,0.1
265240,0.1
265290,0.1
265340,0.1
265390,0.1
265410,0.1
265460,0.1
265510,0.1
265560,0.1
265610,0.1
265660,0.1
265680,0.1
265730,0.1
265780,0.1
265830,0.1
265880,0.1
265930,0.1
265950,0.1
266000,0.1
266050,0.1
266100,0.1
266150,0.1
266200,0.1
266220,0.1
266270,0.1
266320,0.1
266370,0.1
266420,0.1
266470,0.1
266490,0.1
266540,0.1
266590,0.1
266640,0.1
266690,0.1
266740,0.1
266760,0.1
266810,0.1
266860,0.1
266910,0.1
266960,0.1
267010,0.1
267030,0.1
267080,0.1
267130,0.1
267180,0.1
267230,0.1
267280,0.1
267300,0.1
267350,0.1
267400,0.1
267450,0.1
267500,0.1
267550,0.1
267570,0.1
267620,0.1
267670,0.1
267720,0.1
267770,0.1
267820,0.1
267840,0.1
267890,0.1
267940,0.1
267990,0.1
268040,0.1
268090,0.1
268110,0.1
268160,0.1
268210,0.1
268260,0.1
268310,0.1
268360,0.1
268380,0.1
268430,0.1
268480,0.1
268530,0.1
268580,0.1
268630,0.1
268650,0.1
268700,0.1
268750,0.1
268800,0.1
268850,0.1
268900,0.1
268920,0.1
268970,0.1
269020,0.1
269070,0.1
269120,0.1
269170,0.1
269190,0.1
269240,0.1
269290,0.1
269340,0.1
269390,0.1
269440,0.1
269460,0.1
269510,0.1
269560,0.1
269610,0.1
269660,0.1
269710,0.1
269730,0.1
269780,0.1
269830,0.1
269880,0.1
269930,0.1
269980,0.1
